&&&& RUNNING TensorRT.trtexec [TensorRT v100300] # trtexec --onnx=onnx/resnet50_fp32.onnx --fp16 --useDLACore=0 --allowGPUFallback --skipInference --verbose --saveEngine=engines/tmp_dla_fp16_v.plan
[08/20/2026-18:38:22] [I] === Model Options ===
[08/20/2026-18:38:22] [I] Format: ONNX
[08/20/2026-18:38:22] [I] Model: onnx/resnet50_fp32.onnx
[08/20/2026-18:38:22] [I] Output:
[08/20/2026-18:38:22] [I] === Build Options ===
[08/20/2026-18:38:22] [I] Memory Pools: workspace: default, dlaSRAM: default, dlaLocalDRAM: default, dlaGlobalDRAM: default, tacticSharedMem: default
[08/20/2026-18:38:22] [I] avgTiming: 8
[08/20/2026-18:38:22] [I] Precision: FP32+FP16
[08/20/2026-18:38:22] [I] LayerPrecisions: 
[08/20/2026-18:38:22] [I] Layer Device Types: 
[08/20/2026-18:38:22] [I] Calibration: 
[08/20/2026-18:38:22] [I] Refit: Disabled
[08/20/2026-18:38:22] [I] Strip weights: Disabled
[08/20/2026-18:38:22] [I] Version Compatible: Disabled
[08/20/2026-18:38:22] [I] ONNX Plugin InstanceNorm: Disabled
[08/20/2026-18:38:22] [I] TensorRT runtime: full
[08/20/2026-18:38:22] [I] Lean DLL Path: 
[08/20/2026-18:38:22] [I] Tempfile Controls: { in_memory: allow, temporary: allow }
[08/20/2026-18:38:22] [I] Exclude Lean Runtime: Disabled
[08/20/2026-18:38:22] [I] Sparsity: Disabled
[08/20/2026-18:38:22] [I] Safe mode: Disabled
[08/20/2026-18:38:22] [I] Build DLA standalone loadable: Disabled
[08/20/2026-18:38:22] [I] Allow GPU fallback for DLA: Enabled
[08/20/2026-18:38:22] [I] DirectIO mode: Disabled
[08/20/2026-18:38:22] [I] Restricted mode: Disabled
[08/20/2026-18:38:22] [I] Skip inference: Enabled
[08/20/2026-18:38:22] [I] Save engine: engines/tmp_dla_fp16_v.plan
[08/20/2026-18:38:22] [I] Load engine: 
[08/20/2026-18:38:22] [I] Profiling verbosity: 0
[08/20/2026-18:38:22] [I] Tactic sources: Using default tactic sources
[08/20/2026-18:38:22] [I] timingCacheMode: local
[08/20/2026-18:38:22] [I] timingCacheFile: 
[08/20/2026-18:38:22] [I] Enable Compilation Cache: Enabled
[08/20/2026-18:38:22] [I] errorOnTimingCacheMiss: Disabled
[08/20/2026-18:38:22] [I] Preview Features: Use default preview flags.
[08/20/2026-18:38:22] [I] MaxAuxStreams: -1
[08/20/2026-18:38:22] [I] BuilderOptimizationLevel: -1
[08/20/2026-18:38:22] [I] Calibration Profile Index: 0
[08/20/2026-18:38:22] [I] Weight Streaming: Disabled
[08/20/2026-18:38:22] [I] Runtime Platform: Same As Build
[08/20/2026-18:38:22] [I] Debug Tensors: 
[08/20/2026-18:38:22] [I] Input(s)s format: fp32:CHW
[08/20/2026-18:38:22] [I] Output(s)s format: fp32:CHW
[08/20/2026-18:38:22] [I] Input build shapes: model
[08/20/2026-18:38:22] [I] Input calibration shapes: model
[08/20/2026-18:38:22] [I] === System Options ===
[08/20/2026-18:38:22] [I] Device: 0
[08/20/2026-18:38:22] [I] DLACore: 0
[08/20/2026-18:38:22] [I] Plugins:
[08/20/2026-18:38:22] [I] setPluginsToSerialize:
[08/20/2026-18:38:22] [I] dynamicPlugins:
[08/20/2026-18:38:22] [I] ignoreParsedPluginLibs: 0
[08/20/2026-18:38:22] [I] 
[08/20/2026-18:38:22] [I] === Inference Options ===
[08/20/2026-18:38:22] [I] Batch: Explicit
[08/20/2026-18:38:22] [I] Input inference shapes: model
[08/20/2026-18:38:22] [I] Iterations: 10
[08/20/2026-18:38:22] [I] Duration: 3s (+ 200ms warm up)
[08/20/2026-18:38:22] [I] Sleep time: 0ms
[08/20/2026-18:38:22] [I] Idle time: 0ms
[08/20/2026-18:38:22] [I] Inference Streams: 1
[08/20/2026-18:38:22] [I] ExposeDMA: Disabled
[08/20/2026-18:38:22] [I] Data transfers: Enabled
[08/20/2026-18:38:22] [I] Spin-wait: Disabled
[08/20/2026-18:38:22] [I] Multithreading: Disabled
[08/20/2026-18:38:22] [I] CUDA Graph: Disabled
[08/20/2026-18:38:22] [I] Separate profiling: Disabled
[08/20/2026-18:38:22] [I] Time Deserialize: Disabled
[08/20/2026-18:38:22] [I] Time Refit: Disabled
[08/20/2026-18:38:22] [I] NVTX verbosity: 0
[08/20/2026-18:38:22] [I] Persistent Cache Ratio: 0
[08/20/2026-18:38:22] [I] Optimization Profile Index: 0
[08/20/2026-18:38:22] [I] Weight Streaming Budget: 100.000000%
[08/20/2026-18:38:22] [I] Inputs:
[08/20/2026-18:38:22] [I] Debug Tensor Save Destinations:
[08/20/2026-18:38:22] [I] === Reporting Options ===
[08/20/2026-18:38:22] [I] Verbose: Enabled
[08/20/2026-18:38:22] [I] Averages: 10 inferences
[08/20/2026-18:38:22] [I] Percentiles: 90,95,99
[08/20/2026-18:38:22] [I] Dump refittable layers:Disabled
[08/20/2026-18:38:22] [I] Dump output: Disabled
[08/20/2026-18:38:22] [I] Profile: Disabled
[08/20/2026-18:38:22] [I] Export timing to JSON file: 
[08/20/2026-18:38:22] [I] Export output to JSON file: 
[08/20/2026-18:38:22] [I] Export profile to JSON file: 
[08/20/2026-18:38:22] [I] 
[08/20/2026-18:38:22] [I] === Device Information ===
[08/20/2026-18:38:22] [I] Available Devices: 
[08/20/2026-18:38:22] [I]   Device 0: "Orin" UUID: GPU-d88f5124-b913-5174-bcad-9e3fe191d8a8
[08/20/2026-18:38:22] [I] Selected Device: Orin
[08/20/2026-18:38:22] [I] Selected Device ID: 0
[08/20/2026-18:38:22] [I] Selected Device UUID: GPU-d88f5124-b913-5174-bcad-9e3fe191d8a8
[08/20/2026-18:38:22] [I] Compute Capability: 8.7
[08/20/2026-18:38:22] [I] SMs: 16
[08/20/2026-18:38:22] [I] Device Global Memory: 62841 MiB
[08/20/2026-18:38:22] [I] Shared Memory per SM: 164 KiB
[08/20/2026-18:38:22] [I] Memory Bus Width: 256 bits (ECC disabled)
[08/20/2026-18:38:22] [I] Application Compute Clock Rate: 1.3 GHz
[08/20/2026-18:38:22] [I] Application Memory Clock Rate: 1.3 GHz
[08/20/2026-18:38:22] [I] 
[08/20/2026-18:38:22] [I] Note: The application clock rates do not reflect the actual clock rates that the GPU is currently running at.
[08/20/2026-18:38:22] [I] 
[08/20/2026-18:38:22] [I] TensorRT version: 10.3.0
[08/20/2026-18:38:22] [I] Loading standard plugins
[08/20/2026-18:38:22] [V] [TRT] Registered plugin creator - ::BatchedNMSDynamic_TRT version 1
[08/20/2026-18:38:22] [V] [TRT] Registered plugin creator - ::BatchedNMS_TRT version 1
[08/20/2026-18:38:22] [V] [TRT] Registered plugin creator - ::BatchTilePlugin_TRT version 1
[08/20/2026-18:38:22] [V] [TRT] Registered plugin creator - ::Clip_TRT version 1
[08/20/2026-18:38:22] [V] [TRT] Registered plugin creator - ::CoordConvAC version 1
[08/20/2026-18:38:22] [V] [TRT] Registered plugin creator - ::CropAndResizeDynamic version 1
[08/20/2026-18:38:22] [V] [TRT] Registered plugin creator - ::CropAndResize version 1
[08/20/2026-18:38:22] [V] [TRT] Registered plugin creator - ::DecodeBbox3DPlugin version 1
[08/20/2026-18:38:22] [V] [TRT] Registered plugin creator - ::DetectionLayer_TRT version 1
[08/20/2026-18:38:22] [V] [TRT] Registered plugin creator - ::EfficientNMS_Explicit_TF_TRT version 1
[08/20/2026-18:38:22] [V] [TRT] Registered plugin creator - ::EfficientNMS_Implicit_TF_TRT version 1
[08/20/2026-18:38:22] [V] [TRT] Registered plugin creator - ::EfficientNMS_ONNX_TRT version 1
[08/20/2026-18:38:22] [V] [TRT] Registered plugin creator - ::EfficientNMS_TRT version 1
[08/20/2026-18:38:22] [V] [TRT] Registered plugin creator - ::FlattenConcat_TRT version 1
[08/20/2026-18:38:22] [V] [TRT] Registered plugin creator - ::GenerateDetection_TRT version 1
[08/20/2026-18:38:22] [V] [TRT] Registered plugin creator - ::GridAnchor_TRT version 1
[08/20/2026-18:38:22] [V] [TRT] Registered plugin creator - ::GridAnchorRect_TRT version 1
[08/20/2026-18:38:22] [V] [TRT] Registered plugin creator - ::InstanceNormalization_TRT version 1
[08/20/2026-18:38:22] [V] [TRT] Registered plugin creator - ::InstanceNormalization_TRT version 2
[08/20/2026-18:38:22] [V] [TRT] Registered plugin creator - ::InstanceNormalization_TRT version 3
[08/20/2026-18:38:22] [V] [TRT] Registered plugin creator - ::LReLU_TRT version 1
[08/20/2026-18:38:22] [V] [TRT] Registered plugin creator - ::ModulatedDeformConv2d version 1
[08/20/2026-18:38:22] [V] [TRT] Registered plugin creator - ::MultilevelCropAndResize_TRT version 1
[08/20/2026-18:38:22] [V] [TRT] Registered plugin creator - ::MultilevelProposeROI_TRT version 1
[08/20/2026-18:38:22] [V] [TRT] Registered plugin creator - ::MultiscaleDeformableAttnPlugin_TRT version 1
[08/20/2026-18:38:22] [V] [TRT] Registered plugin creator - ::NMSDynamic_TRT version 1
[08/20/2026-18:38:22] [V] [TRT] Registered plugin creator - ::NMS_TRT version 1
[08/20/2026-18:38:22] [V] [TRT] Registered plugin creator - ::Normalize_TRT version 1
[08/20/2026-18:38:22] [V] [TRT] Registered plugin creator - ::PillarScatterPlugin version 1
[08/20/2026-18:38:22] [V] [TRT] Registered plugin creator - ::PriorBox_TRT version 1
[08/20/2026-18:38:22] [V] [TRT] Registered plugin creator - ::ProposalDynamic version 1
[08/20/2026-18:38:22] [V] [TRT] Registered plugin creator - ::ProposalLayer_TRT version 1
[08/20/2026-18:38:22] [V] [TRT] Registered plugin creator - ::Proposal version 1
[08/20/2026-18:38:22] [V] [TRT] Registered plugin creator - ::PyramidROIAlign_TRT version 1
[08/20/2026-18:38:22] [V] [TRT] Registered plugin creator - ::Region_TRT version 1
[08/20/2026-18:38:22] [V] [TRT] Registered plugin creator - ::Reorg_TRT version 2
[08/20/2026-18:38:22] [V] [TRT] Registered plugin creator - ::Reorg_TRT version 1
[08/20/2026-18:38:22] [V] [TRT] Registered plugin creator - ::ResizeNearest_TRT version 1
[08/20/2026-18:38:22] [V] [TRT] Registered plugin creator - ::ROIAlign_TRT version 1
[08/20/2026-18:38:22] [V] [TRT] Registered plugin creator - ::ROIAlign_TRT version 2
[08/20/2026-18:38:22] [V] [TRT] Registered plugin creator - ::RPROI_TRT version 1
[08/20/2026-18:38:22] [V] [TRT] Registered plugin creator - ::ScatterElements version 2
[08/20/2026-18:38:22] [V] [TRT] Registered plugin creator - ::ScatterElements version 1
[08/20/2026-18:38:22] [V] [TRT] Registered plugin creator - ::ScatterND version 1
[08/20/2026-18:38:22] [V] [TRT] Registered plugin creator - ::SpecialSlice_TRT version 1
[08/20/2026-18:38:22] [V] [TRT] Registered plugin creator - ::Split version 1
[08/20/2026-18:38:22] [V] [TRT] Registered plugin creator - ::VoxelGeneratorPlugin version 1
[08/20/2026-18:38:22] [I] [TRT] [MemUsageChange] Init CUDA: CPU +2, GPU +0, now: CPU 31, GPU 4834 (MiB)
[08/20/2026-18:38:22] [V] [TRT] Trying to load shared library libnvinfer_builder_resource.so.10.3.0
[08/20/2026-18:38:22] [V] [TRT] Loaded shared library libnvinfer_builder_resource.so.10.3.0
[08/20/2026-18:38:24] [I] [TRT] [MemUsageChange] Init builder kernel library: CPU +928, GPU +751, now: CPU 1002, GPU 5629 (MiB)
[08/20/2026-18:38:24] [V] [TRT] CUDA lazy loading is enabled.
[08/20/2026-18:38:24] [I] Start parsing network model.
[08/20/2026-18:38:24] [I] [TRT] ----------------------------------------------------------------
[08/20/2026-18:38:24] [I] [TRT] Input filename:   onnx/resnet50_fp32.onnx
[08/20/2026-18:38:24] [I] [TRT] ONNX IR version:  0.0.8
[08/20/2026-18:38:24] [I] [TRT] Opset version:    17
[08/20/2026-18:38:24] [I] [TRT] Producer name:    pytorch
[08/20/2026-18:38:24] [I] [TRT] Producer version: 2.11.0
[08/20/2026-18:38:24] [I] [TRT] Domain:           
[08/20/2026-18:38:24] [I] [TRT] Model version:    0
[08/20/2026-18:38:24] [I] [TRT] Doc string:       
[08/20/2026-18:38:24] [I] [TRT] ----------------------------------------------------------------
[08/20/2026-18:38:24] [V] [TRT] Adding network input: input with dtype: float32, dimensions: (1, 3, 224, 224)
[08/20/2026-18:38:24] [V] [TRT] Registering tensor: input for ONNX tensor: input
[08/20/2026-18:38:24] [V] [TRT] Importing initializer: fc.weight
[08/20/2026-18:38:24] [V] [TRT] Importing initializer: fc.bias
[08/20/2026-18:38:24] [V] [TRT] Importing initializer: onnx::Conv_497
[08/20/2026-18:38:24] [V] [TRT] Importing initializer: onnx::Conv_498
[08/20/2026-18:38:24] [V] [TRT] Importing initializer: onnx::Conv_500
[08/20/2026-18:38:24] [V] [TRT] Importing initializer: onnx::Conv_501
[08/20/2026-18:38:24] [V] [TRT] Importing initializer: onnx::Conv_503
[08/20/2026-18:38:24] [V] [TRT] Importing initializer: onnx::Conv_504
[08/20/2026-18:38:24] [V] [TRT] Importing initializer: onnx::Conv_506
[08/20/2026-18:38:24] [V] [TRT] Importing initializer: onnx::Conv_507
[08/20/2026-18:38:24] [V] [TRT] Importing initializer: onnx::Conv_509
[08/20/2026-18:38:24] [V] [TRT] Importing initializer: onnx::Conv_510
[08/20/2026-18:38:24] [V] [TRT] Importing initializer: onnx::Conv_512
[08/20/2026-18:38:24] [V] [TRT] Importing initializer: onnx::Conv_513
[08/20/2026-18:38:24] [V] [TRT] Importing initializer: onnx::Conv_515
[08/20/2026-18:38:24] [V] [TRT] Importing initializer: onnx::Conv_516
[08/20/2026-18:38:24] [V] [TRT] Importing initializer: onnx::Conv_518
[08/20/2026-18:38:24] [V] [TRT] Importing initializer: onnx::Conv_519
[08/20/2026-18:38:24] [V] [TRT] Importing initializer: onnx::Conv_521
[08/20/2026-18:38:24] [V] [TRT] Importing initializer: onnx::Conv_522
[08/20/2026-18:38:24] [V] [TRT] Importing initializer: onnx::Conv_524
[08/20/2026-18:38:24] [V] [TRT] Importing initializer: onnx::Conv_525
[08/20/2026-18:38:24] [V] [TRT] Importing initializer: onnx::Conv_527
[08/20/2026-18:38:24] [V] [TRT] Importing initializer: onnx::Conv_528
[08/20/2026-18:38:24] [V] [TRT] Importing initializer: onnx::Conv_530
[08/20/2026-18:38:24] [V] [TRT] Importing initializer: onnx::Conv_531
[08/20/2026-18:38:24] [V] [TRT] Importing initializer: onnx::Conv_533
[08/20/2026-18:38:24] [V] [TRT] Importing initializer: onnx::Conv_534
[08/20/2026-18:38:24] [V] [TRT] Importing initializer: onnx::Conv_536
[08/20/2026-18:38:24] [V] [TRT] Importing initializer: onnx::Conv_537
[08/20/2026-18:38:24] [V] [TRT] Importing initializer: onnx::Conv_539
[08/20/2026-18:38:24] [V] [TRT] Importing initializer: onnx::Conv_540
[08/20/2026-18:38:24] [V] [TRT] Importing initializer: onnx::Conv_542
[08/20/2026-18:38:24] [V] [TRT] Importing initializer: onnx::Conv_543
[08/20/2026-18:38:24] [V] [TRT] Importing initializer: onnx::Conv_545
[08/20/2026-18:38:24] [V] [TRT] Importing initializer: onnx::Conv_546
[08/20/2026-18:38:24] [V] [TRT] Importing initializer: onnx::Conv_548
[08/20/2026-18:38:24] [V] [TRT] Importing initializer: onnx::Conv_549
[08/20/2026-18:38:24] [V] [TRT] Importing initializer: onnx::Conv_551
[08/20/2026-18:38:24] [V] [TRT] Importing initializer: onnx::Conv_552
[08/20/2026-18:38:24] [V] [TRT] Importing initializer: onnx::Conv_554
[08/20/2026-18:38:24] [V] [TRT] Importing initializer: onnx::Conv_555
[08/20/2026-18:38:24] [V] [TRT] Importing initializer: onnx::Conv_557
[08/20/2026-18:38:24] [V] [TRT] Importing initializer: onnx::Conv_558
[08/20/2026-18:38:24] [V] [TRT] Importing initializer: onnx::Conv_560
[08/20/2026-18:38:24] [V] [TRT] Importing initializer: onnx::Conv_561
[08/20/2026-18:38:24] [V] [TRT] Importing initializer: onnx::Conv_563
[08/20/2026-18:38:24] [V] [TRT] Importing initializer: onnx::Conv_564
[08/20/2026-18:38:24] [V] [TRT] Importing initializer: onnx::Conv_566
[08/20/2026-18:38:24] [V] [TRT] Importing initializer: onnx::Conv_567
[08/20/2026-18:38:24] [V] [TRT] Importing initializer: onnx::Conv_569
[08/20/2026-18:38:24] [V] [TRT] Importing initializer: onnx::Conv_570
[08/20/2026-18:38:24] [V] [TRT] Importing initializer: onnx::Conv_572
[08/20/2026-18:38:24] [V] [TRT] Importing initializer: onnx::Conv_573
[08/20/2026-18:38:24] [V] [TRT] Importing initializer: onnx::Conv_575
[08/20/2026-18:38:24] [V] [TRT] Importing initializer: onnx::Conv_576
[08/20/2026-18:38:24] [V] [TRT] Importing initializer: onnx::Conv_578
[08/20/2026-18:38:24] [V] [TRT] Importing initializer: onnx::Conv_579
[08/20/2026-18:38:24] [V] [TRT] Importing initializer: onnx::Conv_581
[08/20/2026-18:38:24] [V] [TRT] Importing initializer: onnx::Conv_582
[08/20/2026-18:38:24] [V] [TRT] Importing initializer: onnx::Conv_584
[08/20/2026-18:38:24] [V] [TRT] Importing initializer: onnx::Conv_585
[08/20/2026-18:38:24] [V] [TRT] Importing initializer: onnx::Conv_587
[08/20/2026-18:38:24] [V] [TRT] Importing initializer: onnx::Conv_588
[08/20/2026-18:38:24] [V] [TRT] Importing initializer: onnx::Conv_590
[08/20/2026-18:38:24] [V] [TRT] Importing initializer: onnx::Conv_591
[08/20/2026-18:38:24] [V] [TRT] Importing initializer: onnx::Conv_593
[08/20/2026-18:38:24] [V] [TRT] Importing initializer: onnx::Conv_594
[08/20/2026-18:38:24] [V] [TRT] Importing initializer: onnx::Conv_596
[08/20/2026-18:38:24] [V] [TRT] Importing initializer: onnx::Conv_597
[08/20/2026-18:38:24] [V] [TRT] Importing initializer: onnx::Conv_599
[08/20/2026-18:38:24] [V] [TRT] Importing initializer: onnx::Conv_600
[08/20/2026-18:38:24] [V] [TRT] Importing initializer: onnx::Conv_602
[08/20/2026-18:38:24] [V] [TRT] Importing initializer: onnx::Conv_603
[08/20/2026-18:38:24] [V] [TRT] Importing initializer: onnx::Conv_605
[08/20/2026-18:38:24] [V] [TRT] Importing initializer: onnx::Conv_606
[08/20/2026-18:38:24] [V] [TRT] Importing initializer: onnx::Conv_608
[08/20/2026-18:38:24] [V] [TRT] Importing initializer: onnx::Conv_609
[08/20/2026-18:38:24] [V] [TRT] Importing initializer: onnx::Conv_611
[08/20/2026-18:38:24] [V] [TRT] Importing initializer: onnx::Conv_612
[08/20/2026-18:38:24] [V] [TRT] Importing initializer: onnx::Conv_614
[08/20/2026-18:38:24] [V] [TRT] Importing initializer: onnx::Conv_615
[08/20/2026-18:38:24] [V] [TRT] Importing initializer: onnx::Conv_617
[08/20/2026-18:38:24] [V] [TRT] Importing initializer: onnx::Conv_618
[08/20/2026-18:38:24] [V] [TRT] Importing initializer: onnx::Conv_620
[08/20/2026-18:38:24] [V] [TRT] Importing initializer: onnx::Conv_621
[08/20/2026-18:38:24] [V] [TRT] Importing initializer: onnx::Conv_623
[08/20/2026-18:38:24] [V] [TRT] Importing initializer: onnx::Conv_624
[08/20/2026-18:38:24] [V] [TRT] Importing initializer: onnx::Conv_626
[08/20/2026-18:38:24] [V] [TRT] Importing initializer: onnx::Conv_627
[08/20/2026-18:38:24] [V] [TRT] Importing initializer: onnx::Conv_629
[08/20/2026-18:38:24] [V] [TRT] Importing initializer: onnx::Conv_630
[08/20/2026-18:38:24] [V] [TRT] Importing initializer: onnx::Conv_632
[08/20/2026-18:38:24] [V] [TRT] Importing initializer: onnx::Conv_633
[08/20/2026-18:38:24] [V] [TRT] Importing initializer: onnx::Conv_635
[08/20/2026-18:38:24] [V] [TRT] Importing initializer: onnx::Conv_636
[08/20/2026-18:38:24] [V] [TRT] Importing initializer: onnx::Conv_638
[08/20/2026-18:38:24] [V] [TRT] Importing initializer: onnx::Conv_639
[08/20/2026-18:38:24] [V] [TRT] Importing initializer: onnx::Conv_641
[08/20/2026-18:38:24] [V] [TRT] Importing initializer: onnx::Conv_642
[08/20/2026-18:38:24] [V] [TRT] Importing initializer: onnx::Conv_644
[08/20/2026-18:38:24] [V] [TRT] Importing initializer: onnx::Conv_645
[08/20/2026-18:38:24] [V] [TRT] Importing initializer: onnx::Conv_647
[08/20/2026-18:38:24] [V] [TRT] Importing initializer: onnx::Conv_648
[08/20/2026-18:38:24] [V] [TRT] Importing initializer: onnx::Conv_650
[08/20/2026-18:38:24] [V] [TRT] Importing initializer: onnx::Conv_651
[08/20/2026-18:38:24] [V] [TRT] Importing initializer: onnx::Conv_653
[08/20/2026-18:38:24] [V] [TRT] Importing initializer: onnx::Conv_654
[08/20/2026-18:38:24] [V] [TRT] Static check for parsing node: /conv1/Conv [Conv]
[08/20/2026-18:38:24] [V] [TRT] Parsing node: /conv1/Conv [Conv]
[08/20/2026-18:38:24] [V] [TRT] Searching for input: input
[08/20/2026-18:38:24] [V] [TRT] Searching for input: onnx::Conv_497
[08/20/2026-18:38:24] [V] [TRT] Searching for input: onnx::Conv_498
[08/20/2026-18:38:24] [V] [TRT] /conv1/Conv [Conv] inputs: [input -> (1, 3, 224, 224)[FLOAT]], [onnx::Conv_497 -> (64, 3, 7, 7)[FLOAT]], [onnx::Conv_498 -> (64)[FLOAT]], 
[08/20/2026-18:38:24] [V] [TRT] Convolution input dimensions: (1, 3, 224, 224)
[08/20/2026-18:38:24] [V] [TRT] Registering layer: /conv1/Conv for ONNX node: /conv1/Conv
[08/20/2026-18:38:24] [V] [TRT] Using kernel: (7, 7), strides: (2, 2), prepadding: (3, 3), postpadding: (3, 3), dilations: (1, 1), numOutputs: 64, nbGroups: 1
[08/20/2026-18:38:24] [V] [TRT] Convolution output dimensions: (1, 64, 112, 112)
[08/20/2026-18:38:24] [V] [TRT] Registering tensor: /conv1/Conv_output_0 for ONNX tensor: /conv1/Conv_output_0
[08/20/2026-18:38:24] [V] [TRT] /conv1/Conv [Conv] outputs: [/conv1/Conv_output_0 -> (1, 64, 112, 112)[FLOAT]], 
[08/20/2026-18:38:24] [V] [TRT] Static check for parsing node: /relu/Relu [Relu]
[08/20/2026-18:38:24] [V] [TRT] Parsing node: /relu/Relu [Relu]
[08/20/2026-18:38:24] [V] [TRT] Searching for input: /conv1/Conv_output_0
[08/20/2026-18:38:24] [V] [TRT] /relu/Relu [Relu] inputs: [/conv1/Conv_output_0 -> (1, 64, 112, 112)[FLOAT]], 
[08/20/2026-18:38:24] [V] [TRT] Registering layer: /relu/Relu for ONNX node: /relu/Relu
[08/20/2026-18:38:24] [V] [TRT] Registering tensor: /relu/Relu_output_0 for ONNX tensor: /relu/Relu_output_0
[08/20/2026-18:38:24] [V] [TRT] /relu/Relu [Relu] outputs: [/relu/Relu_output_0 -> (1, 64, 112, 112)[FLOAT]], 
[08/20/2026-18:38:24] [V] [TRT] Static check for parsing node: /maxpool/MaxPool [MaxPool]
[08/20/2026-18:38:24] [V] [TRT] Parsing node: /maxpool/MaxPool [MaxPool]
[08/20/2026-18:38:24] [V] [TRT] Searching for input: /relu/Relu_output_0
[08/20/2026-18:38:24] [V] [TRT] /maxpool/MaxPool [MaxPool] inputs: [/relu/Relu_output_0 -> (1, 64, 112, 112)[FLOAT]], 
[08/20/2026-18:38:24] [V] [TRT] Registering layer: /maxpool/MaxPool for ONNX node: /maxpool/MaxPool
[08/20/2026-18:38:24] [V] [TRT] Registering tensor: /maxpool/MaxPool_output_0 for ONNX tensor: /maxpool/MaxPool_output_0
[08/20/2026-18:38:24] [V] [TRT] /maxpool/MaxPool [MaxPool] outputs: [/maxpool/MaxPool_output_0 -> (1, 64, 56, 56)[FLOAT]], 
[08/20/2026-18:38:24] [V] [TRT] Static check for parsing node: /layer1/layer1.0/conv1/Conv [Conv]
[08/20/2026-18:38:24] [V] [TRT] Parsing node: /layer1/layer1.0/conv1/Conv [Conv]
[08/20/2026-18:38:24] [V] [TRT] Searching for input: /maxpool/MaxPool_output_0
[08/20/2026-18:38:24] [V] [TRT] Searching for input: onnx::Conv_500
[08/20/2026-18:38:24] [V] [TRT] Searching for input: onnx::Conv_501
[08/20/2026-18:38:24] [V] [TRT] /layer1/layer1.0/conv1/Conv [Conv] inputs: [/maxpool/MaxPool_output_0 -> (1, 64, 56, 56)[FLOAT]], [onnx::Conv_500 -> (64, 64, 1, 1)[FLOAT]], [onnx::Conv_501 -> (64)[FLOAT]], 
[08/20/2026-18:38:24] [V] [TRT] Convolution input dimensions: (1, 64, 56, 56)
[08/20/2026-18:38:24] [V] [TRT] Registering layer: /layer1/layer1.0/conv1/Conv for ONNX node: /layer1/layer1.0/conv1/Conv
[08/20/2026-18:38:24] [V] [TRT] Using kernel: (1, 1), strides: (1, 1), prepadding: (0, 0), postpadding: (0, 0), dilations: (1, 1), numOutputs: 64, nbGroups: 1
[08/20/2026-18:38:24] [V] [TRT] Convolution output dimensions: (1, 64, 56, 56)
[08/20/2026-18:38:24] [V] [TRT] Registering tensor: /layer1/layer1.0/conv1/Conv_output_0 for ONNX tensor: /layer1/layer1.0/conv1/Conv_output_0
[08/20/2026-18:38:24] [V] [TRT] /layer1/layer1.0/conv1/Conv [Conv] outputs: [/layer1/layer1.0/conv1/Conv_output_0 -> (1, 64, 56, 56)[FLOAT]], 
[08/20/2026-18:38:24] [V] [TRT] Static check for parsing node: /layer1/layer1.0/relu/Relu [Relu]
[08/20/2026-18:38:24] [V] [TRT] Parsing node: /layer1/layer1.0/relu/Relu [Relu]
[08/20/2026-18:38:24] [V] [TRT] Searching for input: /layer1/layer1.0/conv1/Conv_output_0
[08/20/2026-18:38:24] [V] [TRT] /layer1/layer1.0/relu/Relu [Relu] inputs: [/layer1/layer1.0/conv1/Conv_output_0 -> (1, 64, 56, 56)[FLOAT]], 
[08/20/2026-18:38:24] [V] [TRT] Registering layer: /layer1/layer1.0/relu/Relu for ONNX node: /layer1/layer1.0/relu/Relu
[08/20/2026-18:38:24] [V] [TRT] Registering tensor: /layer1/layer1.0/relu/Relu_output_0 for ONNX tensor: /layer1/layer1.0/relu/Relu_output_0
[08/20/2026-18:38:24] [V] [TRT] /layer1/layer1.0/relu/Relu [Relu] outputs: [/layer1/layer1.0/relu/Relu_output_0 -> (1, 64, 56, 56)[FLOAT]], 
[08/20/2026-18:38:24] [V] [TRT] Static check for parsing node: /layer1/layer1.0/conv2/Conv [Conv]
[08/20/2026-18:38:24] [V] [TRT] Parsing node: /layer1/layer1.0/conv2/Conv [Conv]
[08/20/2026-18:38:24] [V] [TRT] Searching for input: /layer1/layer1.0/relu/Relu_output_0
[08/20/2026-18:38:24] [V] [TRT] Searching for input: onnx::Conv_503
[08/20/2026-18:38:24] [V] [TRT] Searching for input: onnx::Conv_504
[08/20/2026-18:38:24] [V] [TRT] /layer1/layer1.0/conv2/Conv [Conv] inputs: [/layer1/layer1.0/relu/Relu_output_0 -> (1, 64, 56, 56)[FLOAT]], [onnx::Conv_503 -> (64, 64, 3, 3)[FLOAT]], [onnx::Conv_504 -> (64)[FLOAT]], 
[08/20/2026-18:38:24] [V] [TRT] Convolution input dimensions: (1, 64, 56, 56)
[08/20/2026-18:38:24] [V] [TRT] Registering layer: /layer1/layer1.0/conv2/Conv for ONNX node: /layer1/layer1.0/conv2/Conv
[08/20/2026-18:38:24] [V] [TRT] Using kernel: (3, 3), strides: (1, 1), prepadding: (1, 1), postpadding: (1, 1), dilations: (1, 1), numOutputs: 64, nbGroups: 1
[08/20/2026-18:38:24] [V] [TRT] Convolution output dimensions: (1, 64, 56, 56)
[08/20/2026-18:38:24] [V] [TRT] Registering tensor: /layer1/layer1.0/conv2/Conv_output_0 for ONNX tensor: /layer1/layer1.0/conv2/Conv_output_0
[08/20/2026-18:38:24] [V] [TRT] /layer1/layer1.0/conv2/Conv [Conv] outputs: [/layer1/layer1.0/conv2/Conv_output_0 -> (1, 64, 56, 56)[FLOAT]], 
[08/20/2026-18:38:24] [V] [TRT] Static check for parsing node: /layer1/layer1.0/relu_1/Relu [Relu]
[08/20/2026-18:38:24] [V] [TRT] Parsing node: /layer1/layer1.0/relu_1/Relu [Relu]
[08/20/2026-18:38:24] [V] [TRT] Searching for input: /layer1/layer1.0/conv2/Conv_output_0
[08/20/2026-18:38:24] [V] [TRT] /layer1/layer1.0/relu_1/Relu [Relu] inputs: [/layer1/layer1.0/conv2/Conv_output_0 -> (1, 64, 56, 56)[FLOAT]], 
[08/20/2026-18:38:24] [V] [TRT] Registering layer: /layer1/layer1.0/relu_1/Relu for ONNX node: /layer1/layer1.0/relu_1/Relu
[08/20/2026-18:38:24] [V] [TRT] Registering tensor: /layer1/layer1.0/relu_1/Relu_output_0 for ONNX tensor: /layer1/layer1.0/relu_1/Relu_output_0
[08/20/2026-18:38:24] [V] [TRT] /layer1/layer1.0/relu_1/Relu [Relu] outputs: [/layer1/layer1.0/relu_1/Relu_output_0 -> (1, 64, 56, 56)[FLOAT]], 
[08/20/2026-18:38:24] [V] [TRT] Static check for parsing node: /layer1/layer1.0/conv3/Conv [Conv]
[08/20/2026-18:38:24] [V] [TRT] Parsing node: /layer1/layer1.0/conv3/Conv [Conv]
[08/20/2026-18:38:24] [V] [TRT] Searching for input: /layer1/layer1.0/relu_1/Relu_output_0
[08/20/2026-18:38:24] [V] [TRT] Searching for input: onnx::Conv_506
[08/20/2026-18:38:24] [V] [TRT] Searching for input: onnx::Conv_507
[08/20/2026-18:38:24] [V] [TRT] /layer1/layer1.0/conv3/Conv [Conv] inputs: [/layer1/layer1.0/relu_1/Relu_output_0 -> (1, 64, 56, 56)[FLOAT]], [onnx::Conv_506 -> (256, 64, 1, 1)[FLOAT]], [onnx::Conv_507 -> (256)[FLOAT]], 
[08/20/2026-18:38:24] [V] [TRT] Convolution input dimensions: (1, 64, 56, 56)
[08/20/2026-18:38:24] [V] [TRT] Registering layer: /layer1/layer1.0/conv3/Conv for ONNX node: /layer1/layer1.0/conv3/Conv
[08/20/2026-18:38:24] [V] [TRT] Using kernel: (1, 1), strides: (1, 1), prepadding: (0, 0), postpadding: (0, 0), dilations: (1, 1), numOutputs: 256, nbGroups: 1
[08/20/2026-18:38:24] [V] [TRT] Convolution output dimensions: (1, 256, 56, 56)
[08/20/2026-18:38:24] [V] [TRT] Registering tensor: /layer1/layer1.0/conv3/Conv_output_0 for ONNX tensor: /layer1/layer1.0/conv3/Conv_output_0
[08/20/2026-18:38:24] [V] [TRT] /layer1/layer1.0/conv3/Conv [Conv] outputs: [/layer1/layer1.0/conv3/Conv_output_0 -> (1, 256, 56, 56)[FLOAT]], 
[08/20/2026-18:38:24] [V] [TRT] Static check for parsing node: /layer1/layer1.0/downsample/downsample.0/Conv [Conv]
[08/20/2026-18:38:24] [V] [TRT] Parsing node: /layer1/layer1.0/downsample/downsample.0/Conv [Conv]
[08/20/2026-18:38:24] [V] [TRT] Searching for input: /maxpool/MaxPool_output_0
[08/20/2026-18:38:24] [V] [TRT] Searching for input: onnx::Conv_509
[08/20/2026-18:38:24] [V] [TRT] Searching for input: onnx::Conv_510
[08/20/2026-18:38:24] [V] [TRT] /layer1/layer1.0/downsample/downsample.0/Conv [Conv] inputs: [/maxpool/MaxPool_output_0 -> (1, 64, 56, 56)[FLOAT]], [onnx::Conv_509 -> (256, 64, 1, 1)[FLOAT]], [onnx::Conv_510 -> (256)[FLOAT]], 
[08/20/2026-18:38:24] [V] [TRT] Convolution input dimensions: (1, 64, 56, 56)
[08/20/2026-18:38:24] [V] [TRT] Registering layer: /layer1/layer1.0/downsample/downsample.0/Conv for ONNX node: /layer1/layer1.0/downsample/downsample.0/Conv
[08/20/2026-18:38:24] [V] [TRT] Using kernel: (1, 1), strides: (1, 1), prepadding: (0, 0), postpadding: (0, 0), dilations: (1, 1), numOutputs: 256, nbGroups: 1
[08/20/2026-18:38:24] [V] [TRT] Convolution output dimensions: (1, 256, 56, 56)
[08/20/2026-18:38:24] [V] [TRT] Registering tensor: /layer1/layer1.0/downsample/downsample.0/Conv_output_0 for ONNX tensor: /layer1/layer1.0/downsample/downsample.0/Conv_output_0
[08/20/2026-18:38:24] [V] [TRT] /layer1/layer1.0/downsample/downsample.0/Conv [Conv] outputs: [/layer1/layer1.0/downsample/downsample.0/Conv_output_0 -> (1, 256, 56, 56)[FLOAT]], 
[08/20/2026-18:38:24] [V] [TRT] Static check for parsing node: /layer1/layer1.0/Add [Add]
[08/20/2026-18:38:24] [V] [TRT] Parsing node: /layer1/layer1.0/Add [Add]
[08/20/2026-18:38:24] [V] [TRT] Searching for input: /layer1/layer1.0/conv3/Conv_output_0
[08/20/2026-18:38:24] [V] [TRT] Searching for input: /layer1/layer1.0/downsample/downsample.0/Conv_output_0
[08/20/2026-18:38:24] [V] [TRT] /layer1/layer1.0/Add [Add] inputs: [/layer1/layer1.0/conv3/Conv_output_0 -> (1, 256, 56, 56)[FLOAT]], [/layer1/layer1.0/downsample/downsample.0/Conv_output_0 -> (1, 256, 56, 56)[FLOAT]], 
[08/20/2026-18:38:24] [V] [TRT] Registering layer: /layer1/layer1.0/Add for ONNX node: /layer1/layer1.0/Add
[08/20/2026-18:38:24] [V] [TRT] Registering tensor: /layer1/layer1.0/Add_output_0 for ONNX tensor: /layer1/layer1.0/Add_output_0
[08/20/2026-18:38:24] [V] [TRT] /layer1/layer1.0/Add [Add] outputs: [/layer1/layer1.0/Add_output_0 -> (1, 256, 56, 56)[FLOAT]], 
[08/20/2026-18:38:24] [V] [TRT] Static check for parsing node: /layer1/layer1.0/relu_2/Relu [Relu]
[08/20/2026-18:38:24] [V] [TRT] Parsing node: /layer1/layer1.0/relu_2/Relu [Relu]
[08/20/2026-18:38:24] [V] [TRT] Searching for input: /layer1/layer1.0/Add_output_0
[08/20/2026-18:38:24] [V] [TRT] /layer1/layer1.0/relu_2/Relu [Relu] inputs: [/layer1/layer1.0/Add_output_0 -> (1, 256, 56, 56)[FLOAT]], 
[08/20/2026-18:38:24] [V] [TRT] Registering layer: /layer1/layer1.0/relu_2/Relu for ONNX node: /layer1/layer1.0/relu_2/Relu
[08/20/2026-18:38:24] [V] [TRT] Registering tensor: /layer1/layer1.0/relu_2/Relu_output_0 for ONNX tensor: /layer1/layer1.0/relu_2/Relu_output_0
[08/20/2026-18:38:24] [V] [TRT] /layer1/layer1.0/relu_2/Relu [Relu] outputs: [/layer1/layer1.0/relu_2/Relu_output_0 -> (1, 256, 56, 56)[FLOAT]], 
[08/20/2026-18:38:24] [V] [TRT] Static check for parsing node: /layer1/layer1.1/conv1/Conv [Conv]
[08/20/2026-18:38:24] [V] [TRT] Parsing node: /layer1/layer1.1/conv1/Conv [Conv]
[08/20/2026-18:38:24] [V] [TRT] Searching for input: /layer1/layer1.0/relu_2/Relu_output_0
[08/20/2026-18:38:24] [V] [TRT] Searching for input: onnx::Conv_512
[08/20/2026-18:38:24] [V] [TRT] Searching for input: onnx::Conv_513
[08/20/2026-18:38:24] [V] [TRT] /layer1/layer1.1/conv1/Conv [Conv] inputs: [/layer1/layer1.0/relu_2/Relu_output_0 -> (1, 256, 56, 56)[FLOAT]], [onnx::Conv_512 -> (64, 256, 1, 1)[FLOAT]], [onnx::Conv_513 -> (64)[FLOAT]], 
[08/20/2026-18:38:24] [V] [TRT] Convolution input dimensions: (1, 256, 56, 56)
[08/20/2026-18:38:24] [V] [TRT] Registering layer: /layer1/layer1.1/conv1/Conv for ONNX node: /layer1/layer1.1/conv1/Conv
[08/20/2026-18:38:24] [V] [TRT] Using kernel: (1, 1), strides: (1, 1), prepadding: (0, 0), postpadding: (0, 0), dilations: (1, 1), numOutputs: 64, nbGroups: 1
[08/20/2026-18:38:24] [V] [TRT] Convolution output dimensions: (1, 64, 56, 56)
[08/20/2026-18:38:24] [V] [TRT] Registering tensor: /layer1/layer1.1/conv1/Conv_output_0 for ONNX tensor: /layer1/layer1.1/conv1/Conv_output_0
[08/20/2026-18:38:24] [V] [TRT] /layer1/layer1.1/conv1/Conv [Conv] outputs: [/layer1/layer1.1/conv1/Conv_output_0 -> (1, 64, 56, 56)[FLOAT]], 
[08/20/2026-18:38:24] [V] [TRT] Static check for parsing node: /layer1/layer1.1/relu/Relu [Relu]
[08/20/2026-18:38:24] [V] [TRT] Parsing node: /layer1/layer1.1/relu/Relu [Relu]
[08/20/2026-18:38:24] [V] [TRT] Searching for input: /layer1/layer1.1/conv1/Conv_output_0
[08/20/2026-18:38:24] [V] [TRT] /layer1/layer1.1/relu/Relu [Relu] inputs: [/layer1/layer1.1/conv1/Conv_output_0 -> (1, 64, 56, 56)[FLOAT]], 
[08/20/2026-18:38:24] [V] [TRT] Registering layer: /layer1/layer1.1/relu/Relu for ONNX node: /layer1/layer1.1/relu/Relu
[08/20/2026-18:38:24] [V] [TRT] Registering tensor: /layer1/layer1.1/relu/Relu_output_0 for ONNX tensor: /layer1/layer1.1/relu/Relu_output_0
[08/20/2026-18:38:24] [V] [TRT] /layer1/layer1.1/relu/Relu [Relu] outputs: [/layer1/layer1.1/relu/Relu_output_0 -> (1, 64, 56, 56)[FLOAT]], 
[08/20/2026-18:38:24] [V] [TRT] Static check for parsing node: /layer1/layer1.1/conv2/Conv [Conv]
[08/20/2026-18:38:24] [V] [TRT] Parsing node: /layer1/layer1.1/conv2/Conv [Conv]
[08/20/2026-18:38:24] [V] [TRT] Searching for input: /layer1/layer1.1/relu/Relu_output_0
[08/20/2026-18:38:24] [V] [TRT] Searching for input: onnx::Conv_515
[08/20/2026-18:38:24] [V] [TRT] Searching for input: onnx::Conv_516
[08/20/2026-18:38:24] [V] [TRT] /layer1/layer1.1/conv2/Conv [Conv] inputs: [/layer1/layer1.1/relu/Relu_output_0 -> (1, 64, 56, 56)[FLOAT]], [onnx::Conv_515 -> (64, 64, 3, 3)[FLOAT]], [onnx::Conv_516 -> (64)[FLOAT]], 
[08/20/2026-18:38:24] [V] [TRT] Convolution input dimensions: (1, 64, 56, 56)
[08/20/2026-18:38:24] [V] [TRT] Registering layer: /layer1/layer1.1/conv2/Conv for ONNX node: /layer1/layer1.1/conv2/Conv
[08/20/2026-18:38:24] [V] [TRT] Using kernel: (3, 3), strides: (1, 1), prepadding: (1, 1), postpadding: (1, 1), dilations: (1, 1), numOutputs: 64, nbGroups: 1
[08/20/2026-18:38:24] [V] [TRT] Convolution output dimensions: (1, 64, 56, 56)
[08/20/2026-18:38:24] [V] [TRT] Registering tensor: /layer1/layer1.1/conv2/Conv_output_0 for ONNX tensor: /layer1/layer1.1/conv2/Conv_output_0
[08/20/2026-18:38:24] [V] [TRT] /layer1/layer1.1/conv2/Conv [Conv] outputs: [/layer1/layer1.1/conv2/Conv_output_0 -> (1, 64, 56, 56)[FLOAT]], 
[08/20/2026-18:38:24] [V] [TRT] Static check for parsing node: /layer1/layer1.1/relu_1/Relu [Relu]
[08/20/2026-18:38:24] [V] [TRT] Parsing node: /layer1/layer1.1/relu_1/Relu [Relu]
[08/20/2026-18:38:24] [V] [TRT] Searching for input: /layer1/layer1.1/conv2/Conv_output_0
[08/20/2026-18:38:24] [V] [TRT] /layer1/layer1.1/relu_1/Relu [Relu] inputs: [/layer1/layer1.1/conv2/Conv_output_0 -> (1, 64, 56, 56)[FLOAT]], 
[08/20/2026-18:38:24] [V] [TRT] Registering layer: /layer1/layer1.1/relu_1/Relu for ONNX node: /layer1/layer1.1/relu_1/Relu
[08/20/2026-18:38:24] [V] [TRT] Registering tensor: /layer1/layer1.1/relu_1/Relu_output_0 for ONNX tensor: /layer1/layer1.1/relu_1/Relu_output_0
[08/20/2026-18:38:24] [V] [TRT] /layer1/layer1.1/relu_1/Relu [Relu] outputs: [/layer1/layer1.1/relu_1/Relu_output_0 -> (1, 64, 56, 56)[FLOAT]], 
[08/20/2026-18:38:24] [V] [TRT] Static check for parsing node: /layer1/layer1.1/conv3/Conv [Conv]
[08/20/2026-18:38:24] [V] [TRT] Parsing node: /layer1/layer1.1/conv3/Conv [Conv]
[08/20/2026-18:38:24] [V] [TRT] Searching for input: /layer1/layer1.1/relu_1/Relu_output_0
[08/20/2026-18:38:24] [V] [TRT] Searching for input: onnx::Conv_518
[08/20/2026-18:38:24] [V] [TRT] Searching for input: onnx::Conv_519
[08/20/2026-18:38:24] [V] [TRT] /layer1/layer1.1/conv3/Conv [Conv] inputs: [/layer1/layer1.1/relu_1/Relu_output_0 -> (1, 64, 56, 56)[FLOAT]], [onnx::Conv_518 -> (256, 64, 1, 1)[FLOAT]], [onnx::Conv_519 -> (256)[FLOAT]], 
[08/20/2026-18:38:24] [V] [TRT] Convolution input dimensions: (1, 64, 56, 56)
[08/20/2026-18:38:24] [V] [TRT] Registering layer: /layer1/layer1.1/conv3/Conv for ONNX node: /layer1/layer1.1/conv3/Conv
[08/20/2026-18:38:24] [V] [TRT] Using kernel: (1, 1), strides: (1, 1), prepadding: (0, 0), postpadding: (0, 0), dilations: (1, 1), numOutputs: 256, nbGroups: 1
[08/20/2026-18:38:24] [V] [TRT] Convolution output dimensions: (1, 256, 56, 56)
[08/20/2026-18:38:24] [V] [TRT] Registering tensor: /layer1/layer1.1/conv3/Conv_output_0 for ONNX tensor: /layer1/layer1.1/conv3/Conv_output_0
[08/20/2026-18:38:24] [V] [TRT] /layer1/layer1.1/conv3/Conv [Conv] outputs: [/layer1/layer1.1/conv3/Conv_output_0 -> (1, 256, 56, 56)[FLOAT]], 
[08/20/2026-18:38:24] [V] [TRT] Static check for parsing node: /layer1/layer1.1/Add [Add]
[08/20/2026-18:38:24] [V] [TRT] Parsing node: /layer1/layer1.1/Add [Add]
[08/20/2026-18:38:24] [V] [TRT] Searching for input: /layer1/layer1.1/conv3/Conv_output_0
[08/20/2026-18:38:24] [V] [TRT] Searching for input: /layer1/layer1.0/relu_2/Relu_output_0
[08/20/2026-18:38:24] [V] [TRT] /layer1/layer1.1/Add [Add] inputs: [/layer1/layer1.1/conv3/Conv_output_0 -> (1, 256, 56, 56)[FLOAT]], [/layer1/layer1.0/relu_2/Relu_output_0 -> (1, 256, 56, 56)[FLOAT]], 
[08/20/2026-18:38:24] [V] [TRT] Registering layer: /layer1/layer1.1/Add for ONNX node: /layer1/layer1.1/Add
[08/20/2026-18:38:24] [V] [TRT] Registering tensor: /layer1/layer1.1/Add_output_0 for ONNX tensor: /layer1/layer1.1/Add_output_0
[08/20/2026-18:38:24] [V] [TRT] /layer1/layer1.1/Add [Add] outputs: [/layer1/layer1.1/Add_output_0 -> (1, 256, 56, 56)[FLOAT]], 
[08/20/2026-18:38:24] [V] [TRT] Static check for parsing node: /layer1/layer1.1/relu_2/Relu [Relu]
[08/20/2026-18:38:24] [V] [TRT] Parsing node: /layer1/layer1.1/relu_2/Relu [Relu]
[08/20/2026-18:38:24] [V] [TRT] Searching for input: /layer1/layer1.1/Add_output_0
[08/20/2026-18:38:24] [V] [TRT] /layer1/layer1.1/relu_2/Relu [Relu] inputs: [/layer1/layer1.1/Add_output_0 -> (1, 256, 56, 56)[FLOAT]], 
[08/20/2026-18:38:24] [V] [TRT] Registering layer: /layer1/layer1.1/relu_2/Relu for ONNX node: /layer1/layer1.1/relu_2/Relu
[08/20/2026-18:38:24] [V] [TRT] Registering tensor: /layer1/layer1.1/relu_2/Relu_output_0 for ONNX tensor: /layer1/layer1.1/relu_2/Relu_output_0
[08/20/2026-18:38:24] [V] [TRT] /layer1/layer1.1/relu_2/Relu [Relu] outputs: [/layer1/layer1.1/relu_2/Relu_output_0 -> (1, 256, 56, 56)[FLOAT]], 
[08/20/2026-18:38:24] [V] [TRT] Static check for parsing node: /layer1/layer1.2/conv1/Conv [Conv]
[08/20/2026-18:38:24] [V] [TRT] Parsing node: /layer1/layer1.2/conv1/Conv [Conv]
[08/20/2026-18:38:24] [V] [TRT] Searching for input: /layer1/layer1.1/relu_2/Relu_output_0
[08/20/2026-18:38:24] [V] [TRT] Searching for input: onnx::Conv_521
[08/20/2026-18:38:24] [V] [TRT] Searching for input: onnx::Conv_522
[08/20/2026-18:38:24] [V] [TRT] /layer1/layer1.2/conv1/Conv [Conv] inputs: [/layer1/layer1.1/relu_2/Relu_output_0 -> (1, 256, 56, 56)[FLOAT]], [onnx::Conv_521 -> (64, 256, 1, 1)[FLOAT]], [onnx::Conv_522 -> (64)[FLOAT]], 
[08/20/2026-18:38:24] [V] [TRT] Convolution input dimensions: (1, 256, 56, 56)
[08/20/2026-18:38:24] [V] [TRT] Registering layer: /layer1/layer1.2/conv1/Conv for ONNX node: /layer1/layer1.2/conv1/Conv
[08/20/2026-18:38:24] [V] [TRT] Using kernel: (1, 1), strides: (1, 1), prepadding: (0, 0), postpadding: (0, 0), dilations: (1, 1), numOutputs: 64, nbGroups: 1
[08/20/2026-18:38:24] [V] [TRT] Convolution output dimensions: (1, 64, 56, 56)
[08/20/2026-18:38:24] [V] [TRT] Registering tensor: /layer1/layer1.2/conv1/Conv_output_0 for ONNX tensor: /layer1/layer1.2/conv1/Conv_output_0
[08/20/2026-18:38:24] [V] [TRT] /layer1/layer1.2/conv1/Conv [Conv] outputs: [/layer1/layer1.2/conv1/Conv_output_0 -> (1, 64, 56, 56)[FLOAT]], 
[08/20/2026-18:38:24] [V] [TRT] Static check for parsing node: /layer1/layer1.2/relu/Relu [Relu]
[08/20/2026-18:38:24] [V] [TRT] Parsing node: /layer1/layer1.2/relu/Relu [Relu]
[08/20/2026-18:38:24] [V] [TRT] Searching for input: /layer1/layer1.2/conv1/Conv_output_0
[08/20/2026-18:38:24] [V] [TRT] /layer1/layer1.2/relu/Relu [Relu] inputs: [/layer1/layer1.2/conv1/Conv_output_0 -> (1, 64, 56, 56)[FLOAT]], 
[08/20/2026-18:38:24] [V] [TRT] Registering layer: /layer1/layer1.2/relu/Relu for ONNX node: /layer1/layer1.2/relu/Relu
[08/20/2026-18:38:24] [V] [TRT] Registering tensor: /layer1/layer1.2/relu/Relu_output_0 for ONNX tensor: /layer1/layer1.2/relu/Relu_output_0
[08/20/2026-18:38:24] [V] [TRT] /layer1/layer1.2/relu/Relu [Relu] outputs: [/layer1/layer1.2/relu/Relu_output_0 -> (1, 64, 56, 56)[FLOAT]], 
[08/20/2026-18:38:24] [V] [TRT] Static check for parsing node: /layer1/layer1.2/conv2/Conv [Conv]
[08/20/2026-18:38:24] [V] [TRT] Parsing node: /layer1/layer1.2/conv2/Conv [Conv]
[08/20/2026-18:38:24] [V] [TRT] Searching for input: /layer1/layer1.2/relu/Relu_output_0
[08/20/2026-18:38:24] [V] [TRT] Searching for input: onnx::Conv_524
[08/20/2026-18:38:24] [V] [TRT] Searching for input: onnx::Conv_525
[08/20/2026-18:38:24] [V] [TRT] /layer1/layer1.2/conv2/Conv [Conv] inputs: [/layer1/layer1.2/relu/Relu_output_0 -> (1, 64, 56, 56)[FLOAT]], [onnx::Conv_524 -> (64, 64, 3, 3)[FLOAT]], [onnx::Conv_525 -> (64)[FLOAT]], 
[08/20/2026-18:38:24] [V] [TRT] Convolution input dimensions: (1, 64, 56, 56)
[08/20/2026-18:38:24] [V] [TRT] Registering layer: /layer1/layer1.2/conv2/Conv for ONNX node: /layer1/layer1.2/conv2/Conv
[08/20/2026-18:38:24] [V] [TRT] Using kernel: (3, 3), strides: (1, 1), prepadding: (1, 1), postpadding: (1, 1), dilations: (1, 1), numOutputs: 64, nbGroups: 1
[08/20/2026-18:38:24] [V] [TRT] Convolution output dimensions: (1, 64, 56, 56)
[08/20/2026-18:38:24] [V] [TRT] Registering tensor: /layer1/layer1.2/conv2/Conv_output_0 for ONNX tensor: /layer1/layer1.2/conv2/Conv_output_0
[08/20/2026-18:38:24] [V] [TRT] /layer1/layer1.2/conv2/Conv [Conv] outputs: [/layer1/layer1.2/conv2/Conv_output_0 -> (1, 64, 56, 56)[FLOAT]], 
[08/20/2026-18:38:24] [V] [TRT] Static check for parsing node: /layer1/layer1.2/relu_1/Relu [Relu]
[08/20/2026-18:38:24] [V] [TRT] Parsing node: /layer1/layer1.2/relu_1/Relu [Relu]
[08/20/2026-18:38:24] [V] [TRT] Searching for input: /layer1/layer1.2/conv2/Conv_output_0
[08/20/2026-18:38:24] [V] [TRT] /layer1/layer1.2/relu_1/Relu [Relu] inputs: [/layer1/layer1.2/conv2/Conv_output_0 -> (1, 64, 56, 56)[FLOAT]], 
[08/20/2026-18:38:24] [V] [TRT] Registering layer: /layer1/layer1.2/relu_1/Relu for ONNX node: /layer1/layer1.2/relu_1/Relu
[08/20/2026-18:38:24] [V] [TRT] Registering tensor: /layer1/layer1.2/relu_1/Relu_output_0 for ONNX tensor: /layer1/layer1.2/relu_1/Relu_output_0
[08/20/2026-18:38:24] [V] [TRT] /layer1/layer1.2/relu_1/Relu [Relu] outputs: [/layer1/layer1.2/relu_1/Relu_output_0 -> (1, 64, 56, 56)[FLOAT]], 
[08/20/2026-18:38:24] [V] [TRT] Static check for parsing node: /layer1/layer1.2/conv3/Conv [Conv]
[08/20/2026-18:38:24] [V] [TRT] Parsing node: /layer1/layer1.2/conv3/Conv [Conv]
[08/20/2026-18:38:24] [V] [TRT] Searching for input: /layer1/layer1.2/relu_1/Relu_output_0
[08/20/2026-18:38:24] [V] [TRT] Searching for input: onnx::Conv_527
[08/20/2026-18:38:24] [V] [TRT] Searching for input: onnx::Conv_528
[08/20/2026-18:38:24] [V] [TRT] /layer1/layer1.2/conv3/Conv [Conv] inputs: [/layer1/layer1.2/relu_1/Relu_output_0 -> (1, 64, 56, 56)[FLOAT]], [onnx::Conv_527 -> (256, 64, 1, 1)[FLOAT]], [onnx::Conv_528 -> (256)[FLOAT]], 
[08/20/2026-18:38:24] [V] [TRT] Convolution input dimensions: (1, 64, 56, 56)
[08/20/2026-18:38:24] [V] [TRT] Registering layer: /layer1/layer1.2/conv3/Conv for ONNX node: /layer1/layer1.2/conv3/Conv
[08/20/2026-18:38:24] [V] [TRT] Using kernel: (1, 1), strides: (1, 1), prepadding: (0, 0), postpadding: (0, 0), dilations: (1, 1), numOutputs: 256, nbGroups: 1
[08/20/2026-18:38:24] [V] [TRT] Convolution output dimensions: (1, 256, 56, 56)
[08/20/2026-18:38:24] [V] [TRT] Registering tensor: /layer1/layer1.2/conv3/Conv_output_0 for ONNX tensor: /layer1/layer1.2/conv3/Conv_output_0
[08/20/2026-18:38:24] [V] [TRT] /layer1/layer1.2/conv3/Conv [Conv] outputs: [/layer1/layer1.2/conv3/Conv_output_0 -> (1, 256, 56, 56)[FLOAT]], 
[08/20/2026-18:38:24] [V] [TRT] Static check for parsing node: /layer1/layer1.2/Add [Add]
[08/20/2026-18:38:24] [V] [TRT] Parsing node: /layer1/layer1.2/Add [Add]
[08/20/2026-18:38:24] [V] [TRT] Searching for input: /layer1/layer1.2/conv3/Conv_output_0
[08/20/2026-18:38:24] [V] [TRT] Searching for input: /layer1/layer1.1/relu_2/Relu_output_0
[08/20/2026-18:38:24] [V] [TRT] /layer1/layer1.2/Add [Add] inputs: [/layer1/layer1.2/conv3/Conv_output_0 -> (1, 256, 56, 56)[FLOAT]], [/layer1/layer1.1/relu_2/Relu_output_0 -> (1, 256, 56, 56)[FLOAT]], 
[08/20/2026-18:38:24] [V] [TRT] Registering layer: /layer1/layer1.2/Add for ONNX node: /layer1/layer1.2/Add
[08/20/2026-18:38:24] [V] [TRT] Registering tensor: /layer1/layer1.2/Add_output_0 for ONNX tensor: /layer1/layer1.2/Add_output_0
[08/20/2026-18:38:24] [V] [TRT] /layer1/layer1.2/Add [Add] outputs: [/layer1/layer1.2/Add_output_0 -> (1, 256, 56, 56)[FLOAT]], 
[08/20/2026-18:38:24] [V] [TRT] Static check for parsing node: /layer1/layer1.2/relu_2/Relu [Relu]
[08/20/2026-18:38:24] [V] [TRT] Parsing node: /layer1/layer1.2/relu_2/Relu [Relu]
[08/20/2026-18:38:24] [V] [TRT] Searching for input: /layer1/layer1.2/Add_output_0
[08/20/2026-18:38:24] [V] [TRT] /layer1/layer1.2/relu_2/Relu [Relu] inputs: [/layer1/layer1.2/Add_output_0 -> (1, 256, 56, 56)[FLOAT]], 
[08/20/2026-18:38:24] [V] [TRT] Registering layer: /layer1/layer1.2/relu_2/Relu for ONNX node: /layer1/layer1.2/relu_2/Relu
[08/20/2026-18:38:24] [V] [TRT] Registering tensor: /layer1/layer1.2/relu_2/Relu_output_0 for ONNX tensor: /layer1/layer1.2/relu_2/Relu_output_0
[08/20/2026-18:38:24] [V] [TRT] /layer1/layer1.2/relu_2/Relu [Relu] outputs: [/layer1/layer1.2/relu_2/Relu_output_0 -> (1, 256, 56, 56)[FLOAT]], 
[08/20/2026-18:38:24] [V] [TRT] Static check for parsing node: /layer2/layer2.0/conv1/Conv [Conv]
[08/20/2026-18:38:24] [V] [TRT] Parsing node: /layer2/layer2.0/conv1/Conv [Conv]
[08/20/2026-18:38:24] [V] [TRT] Searching for input: /layer1/layer1.2/relu_2/Relu_output_0
[08/20/2026-18:38:24] [V] [TRT] Searching for input: onnx::Conv_530
[08/20/2026-18:38:24] [V] [TRT] Searching for input: onnx::Conv_531
[08/20/2026-18:38:24] [V] [TRT] /layer2/layer2.0/conv1/Conv [Conv] inputs: [/layer1/layer1.2/relu_2/Relu_output_0 -> (1, 256, 56, 56)[FLOAT]], [onnx::Conv_530 -> (128, 256, 1, 1)[FLOAT]], [onnx::Conv_531 -> (128)[FLOAT]], 
[08/20/2026-18:38:24] [V] [TRT] Convolution input dimensions: (1, 256, 56, 56)
[08/20/2026-18:38:24] [V] [TRT] Registering layer: /layer2/layer2.0/conv1/Conv for ONNX node: /layer2/layer2.0/conv1/Conv
[08/20/2026-18:38:24] [V] [TRT] Using kernel: (1, 1), strides: (1, 1), prepadding: (0, 0), postpadding: (0, 0), dilations: (1, 1), numOutputs: 128, nbGroups: 1
[08/20/2026-18:38:24] [V] [TRT] Convolution output dimensions: (1, 128, 56, 56)
[08/20/2026-18:38:24] [V] [TRT] Registering tensor: /layer2/layer2.0/conv1/Conv_output_0 for ONNX tensor: /layer2/layer2.0/conv1/Conv_output_0
[08/20/2026-18:38:24] [V] [TRT] /layer2/layer2.0/conv1/Conv [Conv] outputs: [/layer2/layer2.0/conv1/Conv_output_0 -> (1, 128, 56, 56)[FLOAT]], 
[08/20/2026-18:38:24] [V] [TRT] Static check for parsing node: /layer2/layer2.0/relu/Relu [Relu]
[08/20/2026-18:38:24] [V] [TRT] Parsing node: /layer2/layer2.0/relu/Relu [Relu]
[08/20/2026-18:38:24] [V] [TRT] Searching for input: /layer2/layer2.0/conv1/Conv_output_0
[08/20/2026-18:38:24] [V] [TRT] /layer2/layer2.0/relu/Relu [Relu] inputs: [/layer2/layer2.0/conv1/Conv_output_0 -> (1, 128, 56, 56)[FLOAT]], 
[08/20/2026-18:38:24] [V] [TRT] Registering layer: /layer2/layer2.0/relu/Relu for ONNX node: /layer2/layer2.0/relu/Relu
[08/20/2026-18:38:24] [V] [TRT] Registering tensor: /layer2/layer2.0/relu/Relu_output_0 for ONNX tensor: /layer2/layer2.0/relu/Relu_output_0
[08/20/2026-18:38:24] [V] [TRT] /layer2/layer2.0/relu/Relu [Relu] outputs: [/layer2/layer2.0/relu/Relu_output_0 -> (1, 128, 56, 56)[FLOAT]], 
[08/20/2026-18:38:24] [V] [TRT] Static check for parsing node: /layer2/layer2.0/conv2/Conv [Conv]
[08/20/2026-18:38:24] [V] [TRT] Parsing node: /layer2/layer2.0/conv2/Conv [Conv]
[08/20/2026-18:38:24] [V] [TRT] Searching for input: /layer2/layer2.0/relu/Relu_output_0
[08/20/2026-18:38:24] [V] [TRT] Searching for input: onnx::Conv_533
[08/20/2026-18:38:24] [V] [TRT] Searching for input: onnx::Conv_534
[08/20/2026-18:38:24] [V] [TRT] /layer2/layer2.0/conv2/Conv [Conv] inputs: [/layer2/layer2.0/relu/Relu_output_0 -> (1, 128, 56, 56)[FLOAT]], [onnx::Conv_533 -> (128, 128, 3, 3)[FLOAT]], [onnx::Conv_534 -> (128)[FLOAT]], 
[08/20/2026-18:38:24] [V] [TRT] Convolution input dimensions: (1, 128, 56, 56)
[08/20/2026-18:38:24] [V] [TRT] Registering layer: /layer2/layer2.0/conv2/Conv for ONNX node: /layer2/layer2.0/conv2/Conv
[08/20/2026-18:38:24] [V] [TRT] Using kernel: (3, 3), strides: (2, 2), prepadding: (1, 1), postpadding: (1, 1), dilations: (1, 1), numOutputs: 128, nbGroups: 1
[08/20/2026-18:38:24] [V] [TRT] Convolution output dimensions: (1, 128, 28, 28)
[08/20/2026-18:38:24] [V] [TRT] Registering tensor: /layer2/layer2.0/conv2/Conv_output_0 for ONNX tensor: /layer2/layer2.0/conv2/Conv_output_0
[08/20/2026-18:38:24] [V] [TRT] /layer2/layer2.0/conv2/Conv [Conv] outputs: [/layer2/layer2.0/conv2/Conv_output_0 -> (1, 128, 28, 28)[FLOAT]], 
[08/20/2026-18:38:24] [V] [TRT] Static check for parsing node: /layer2/layer2.0/relu_1/Relu [Relu]
[08/20/2026-18:38:24] [V] [TRT] Parsing node: /layer2/layer2.0/relu_1/Relu [Relu]
[08/20/2026-18:38:24] [V] [TRT] Searching for input: /layer2/layer2.0/conv2/Conv_output_0
[08/20/2026-18:38:24] [V] [TRT] /layer2/layer2.0/relu_1/Relu [Relu] inputs: [/layer2/layer2.0/conv2/Conv_output_0 -> (1, 128, 28, 28)[FLOAT]], 
[08/20/2026-18:38:24] [V] [TRT] Registering layer: /layer2/layer2.0/relu_1/Relu for ONNX node: /layer2/layer2.0/relu_1/Relu
[08/20/2026-18:38:24] [V] [TRT] Registering tensor: /layer2/layer2.0/relu_1/Relu_output_0 for ONNX tensor: /layer2/layer2.0/relu_1/Relu_output_0
[08/20/2026-18:38:24] [V] [TRT] /layer2/layer2.0/relu_1/Relu [Relu] outputs: [/layer2/layer2.0/relu_1/Relu_output_0 -> (1, 128, 28, 28)[FLOAT]], 
[08/20/2026-18:38:24] [V] [TRT] Static check for parsing node: /layer2/layer2.0/conv3/Conv [Conv]
[08/20/2026-18:38:24] [V] [TRT] Parsing node: /layer2/layer2.0/conv3/Conv [Conv]
[08/20/2026-18:38:24] [V] [TRT] Searching for input: /layer2/layer2.0/relu_1/Relu_output_0
[08/20/2026-18:38:24] [V] [TRT] Searching for input: onnx::Conv_536
[08/20/2026-18:38:24] [V] [TRT] Searching for input: onnx::Conv_537
[08/20/2026-18:38:24] [V] [TRT] /layer2/layer2.0/conv3/Conv [Conv] inputs: [/layer2/layer2.0/relu_1/Relu_output_0 -> (1, 128, 28, 28)[FLOAT]], [onnx::Conv_536 -> (512, 128, 1, 1)[FLOAT]], [onnx::Conv_537 -> (512)[FLOAT]], 
[08/20/2026-18:38:24] [V] [TRT] Convolution input dimensions: (1, 128, 28, 28)
[08/20/2026-18:38:24] [V] [TRT] Registering layer: /layer2/layer2.0/conv3/Conv for ONNX node: /layer2/layer2.0/conv3/Conv
[08/20/2026-18:38:24] [V] [TRT] Using kernel: (1, 1), strides: (1, 1), prepadding: (0, 0), postpadding: (0, 0), dilations: (1, 1), numOutputs: 512, nbGroups: 1
[08/20/2026-18:38:24] [V] [TRT] Convolution output dimensions: (1, 512, 28, 28)
[08/20/2026-18:38:24] [V] [TRT] Registering tensor: /layer2/layer2.0/conv3/Conv_output_0 for ONNX tensor: /layer2/layer2.0/conv3/Conv_output_0
[08/20/2026-18:38:24] [V] [TRT] /layer2/layer2.0/conv3/Conv [Conv] outputs: [/layer2/layer2.0/conv3/Conv_output_0 -> (1, 512, 28, 28)[FLOAT]], 
[08/20/2026-18:38:24] [V] [TRT] Static check for parsing node: /layer2/layer2.0/downsample/downsample.0/Conv [Conv]
[08/20/2026-18:38:24] [V] [TRT] Parsing node: /layer2/layer2.0/downsample/downsample.0/Conv [Conv]
[08/20/2026-18:38:24] [V] [TRT] Searching for input: /layer1/layer1.2/relu_2/Relu_output_0
[08/20/2026-18:38:24] [V] [TRT] Searching for input: onnx::Conv_539
[08/20/2026-18:38:24] [V] [TRT] Searching for input: onnx::Conv_540
[08/20/2026-18:38:24] [V] [TRT] /layer2/layer2.0/downsample/downsample.0/Conv [Conv] inputs: [/layer1/layer1.2/relu_2/Relu_output_0 -> (1, 256, 56, 56)[FLOAT]], [onnx::Conv_539 -> (512, 256, 1, 1)[FLOAT]], [onnx::Conv_540 -> (512)[FLOAT]], 
[08/20/2026-18:38:24] [V] [TRT] Convolution input dimensions: (1, 256, 56, 56)
[08/20/2026-18:38:24] [V] [TRT] Registering layer: /layer2/layer2.0/downsample/downsample.0/Conv for ONNX node: /layer2/layer2.0/downsample/downsample.0/Conv
[08/20/2026-18:38:24] [V] [TRT] Using kernel: (1, 1), strides: (2, 2), prepadding: (0, 0), postpadding: (0, 0), dilations: (1, 1), numOutputs: 512, nbGroups: 1
[08/20/2026-18:38:24] [V] [TRT] Convolution output dimensions: (1, 512, 28, 28)
[08/20/2026-18:38:24] [V] [TRT] Registering tensor: /layer2/layer2.0/downsample/downsample.0/Conv_output_0 for ONNX tensor: /layer2/layer2.0/downsample/downsample.0/Conv_output_0
[08/20/2026-18:38:24] [V] [TRT] /layer2/layer2.0/downsample/downsample.0/Conv [Conv] outputs: [/layer2/layer2.0/downsample/downsample.0/Conv_output_0 -> (1, 512, 28, 28)[FLOAT]], 
[08/20/2026-18:38:24] [V] [TRT] Static check for parsing node: /layer2/layer2.0/Add [Add]
[08/20/2026-18:38:24] [V] [TRT] Parsing node: /layer2/layer2.0/Add [Add]
[08/20/2026-18:38:24] [V] [TRT] Searching for input: /layer2/layer2.0/conv3/Conv_output_0
[08/20/2026-18:38:24] [V] [TRT] Searching for input: /layer2/layer2.0/downsample/downsample.0/Conv_output_0
[08/20/2026-18:38:24] [V] [TRT] /layer2/layer2.0/Add [Add] inputs: [/layer2/layer2.0/conv3/Conv_output_0 -> (1, 512, 28, 28)[FLOAT]], [/layer2/layer2.0/downsample/downsample.0/Conv_output_0 -> (1, 512, 28, 28)[FLOAT]], 
[08/20/2026-18:38:24] [V] [TRT] Registering layer: /layer2/layer2.0/Add for ONNX node: /layer2/layer2.0/Add
[08/20/2026-18:38:24] [V] [TRT] Registering tensor: /layer2/layer2.0/Add_output_0 for ONNX tensor: /layer2/layer2.0/Add_output_0
[08/20/2026-18:38:24] [V] [TRT] /layer2/layer2.0/Add [Add] outputs: [/layer2/layer2.0/Add_output_0 -> (1, 512, 28, 28)[FLOAT]], 
[08/20/2026-18:38:24] [V] [TRT] Static check for parsing node: /layer2/layer2.0/relu_2/Relu [Relu]
[08/20/2026-18:38:24] [V] [TRT] Parsing node: /layer2/layer2.0/relu_2/Relu [Relu]
[08/20/2026-18:38:24] [V] [TRT] Searching for input: /layer2/layer2.0/Add_output_0
[08/20/2026-18:38:24] [V] [TRT] /layer2/layer2.0/relu_2/Relu [Relu] inputs: [/layer2/layer2.0/Add_output_0 -> (1, 512, 28, 28)[FLOAT]], 
[08/20/2026-18:38:24] [V] [TRT] Registering layer: /layer2/layer2.0/relu_2/Relu for ONNX node: /layer2/layer2.0/relu_2/Relu
[08/20/2026-18:38:24] [V] [TRT] Registering tensor: /layer2/layer2.0/relu_2/Relu_output_0 for ONNX tensor: /layer2/layer2.0/relu_2/Relu_output_0
[08/20/2026-18:38:24] [V] [TRT] /layer2/layer2.0/relu_2/Relu [Relu] outputs: [/layer2/layer2.0/relu_2/Relu_output_0 -> (1, 512, 28, 28)[FLOAT]], 
[08/20/2026-18:38:24] [V] [TRT] Static check for parsing node: /layer2/layer2.1/conv1/Conv [Conv]
[08/20/2026-18:38:24] [V] [TRT] Parsing node: /layer2/layer2.1/conv1/Conv [Conv]
[08/20/2026-18:38:24] [V] [TRT] Searching for input: /layer2/layer2.0/relu_2/Relu_output_0
[08/20/2026-18:38:24] [V] [TRT] Searching for input: onnx::Conv_542
[08/20/2026-18:38:24] [V] [TRT] Searching for input: onnx::Conv_543
[08/20/2026-18:38:24] [V] [TRT] /layer2/layer2.1/conv1/Conv [Conv] inputs: [/layer2/layer2.0/relu_2/Relu_output_0 -> (1, 512, 28, 28)[FLOAT]], [onnx::Conv_542 -> (128, 512, 1, 1)[FLOAT]], [onnx::Conv_543 -> (128)[FLOAT]], 
[08/20/2026-18:38:24] [V] [TRT] Convolution input dimensions: (1, 512, 28, 28)
[08/20/2026-18:38:24] [V] [TRT] Registering layer: /layer2/layer2.1/conv1/Conv for ONNX node: /layer2/layer2.1/conv1/Conv
[08/20/2026-18:38:24] [V] [TRT] Using kernel: (1, 1), strides: (1, 1), prepadding: (0, 0), postpadding: (0, 0), dilations: (1, 1), numOutputs: 128, nbGroups: 1
[08/20/2026-18:38:24] [V] [TRT] Convolution output dimensions: (1, 128, 28, 28)
[08/20/2026-18:38:24] [V] [TRT] Registering tensor: /layer2/layer2.1/conv1/Conv_output_0 for ONNX tensor: /layer2/layer2.1/conv1/Conv_output_0
[08/20/2026-18:38:24] [V] [TRT] /layer2/layer2.1/conv1/Conv [Conv] outputs: [/layer2/layer2.1/conv1/Conv_output_0 -> (1, 128, 28, 28)[FLOAT]], 
[08/20/2026-18:38:24] [V] [TRT] Static check for parsing node: /layer2/layer2.1/relu/Relu [Relu]
[08/20/2026-18:38:24] [V] [TRT] Parsing node: /layer2/layer2.1/relu/Relu [Relu]
[08/20/2026-18:38:24] [V] [TRT] Searching for input: /layer2/layer2.1/conv1/Conv_output_0
[08/20/2026-18:38:24] [V] [TRT] /layer2/layer2.1/relu/Relu [Relu] inputs: [/layer2/layer2.1/conv1/Conv_output_0 -> (1, 128, 28, 28)[FLOAT]], 
[08/20/2026-18:38:24] [V] [TRT] Registering layer: /layer2/layer2.1/relu/Relu for ONNX node: /layer2/layer2.1/relu/Relu
[08/20/2026-18:38:24] [V] [TRT] Registering tensor: /layer2/layer2.1/relu/Relu_output_0 for ONNX tensor: /layer2/layer2.1/relu/Relu_output_0
[08/20/2026-18:38:24] [V] [TRT] /layer2/layer2.1/relu/Relu [Relu] outputs: [/layer2/layer2.1/relu/Relu_output_0 -> (1, 128, 28, 28)[FLOAT]], 
[08/20/2026-18:38:24] [V] [TRT] Static check for parsing node: /layer2/layer2.1/conv2/Conv [Conv]
[08/20/2026-18:38:24] [V] [TRT] Parsing node: /layer2/layer2.1/conv2/Conv [Conv]
[08/20/2026-18:38:24] [V] [TRT] Searching for input: /layer2/layer2.1/relu/Relu_output_0
[08/20/2026-18:38:24] [V] [TRT] Searching for input: onnx::Conv_545
[08/20/2026-18:38:24] [V] [TRT] Searching for input: onnx::Conv_546
[08/20/2026-18:38:24] [V] [TRT] /layer2/layer2.1/conv2/Conv [Conv] inputs: [/layer2/layer2.1/relu/Relu_output_0 -> (1, 128, 28, 28)[FLOAT]], [onnx::Conv_545 -> (128, 128, 3, 3)[FLOAT]], [onnx::Conv_546 -> (128)[FLOAT]], 
[08/20/2026-18:38:24] [V] [TRT] Convolution input dimensions: (1, 128, 28, 28)
[08/20/2026-18:38:24] [V] [TRT] Registering layer: /layer2/layer2.1/conv2/Conv for ONNX node: /layer2/layer2.1/conv2/Conv
[08/20/2026-18:38:24] [V] [TRT] Using kernel: (3, 3), strides: (1, 1), prepadding: (1, 1), postpadding: (1, 1), dilations: (1, 1), numOutputs: 128, nbGroups: 1
[08/20/2026-18:38:24] [V] [TRT] Convolution output dimensions: (1, 128, 28, 28)
[08/20/2026-18:38:24] [V] [TRT] Registering tensor: /layer2/layer2.1/conv2/Conv_output_0 for ONNX tensor: /layer2/layer2.1/conv2/Conv_output_0
[08/20/2026-18:38:24] [V] [TRT] /layer2/layer2.1/conv2/Conv [Conv] outputs: [/layer2/layer2.1/conv2/Conv_output_0 -> (1, 128, 28, 28)[FLOAT]], 
[08/20/2026-18:38:24] [V] [TRT] Static check for parsing node: /layer2/layer2.1/relu_1/Relu [Relu]
[08/20/2026-18:38:24] [V] [TRT] Parsing node: /layer2/layer2.1/relu_1/Relu [Relu]
[08/20/2026-18:38:24] [V] [TRT] Searching for input: /layer2/layer2.1/conv2/Conv_output_0
[08/20/2026-18:38:24] [V] [TRT] /layer2/layer2.1/relu_1/Relu [Relu] inputs: [/layer2/layer2.1/conv2/Conv_output_0 -> (1, 128, 28, 28)[FLOAT]], 
[08/20/2026-18:38:24] [V] [TRT] Registering layer: /layer2/layer2.1/relu_1/Relu for ONNX node: /layer2/layer2.1/relu_1/Relu
[08/20/2026-18:38:24] [V] [TRT] Registering tensor: /layer2/layer2.1/relu_1/Relu_output_0 for ONNX tensor: /layer2/layer2.1/relu_1/Relu_output_0
[08/20/2026-18:38:24] [V] [TRT] /layer2/layer2.1/relu_1/Relu [Relu] outputs: [/layer2/layer2.1/relu_1/Relu_output_0 -> (1, 128, 28, 28)[FLOAT]], 
[08/20/2026-18:38:24] [V] [TRT] Static check for parsing node: /layer2/layer2.1/conv3/Conv [Conv]
[08/20/2026-18:38:24] [V] [TRT] Parsing node: /layer2/layer2.1/conv3/Conv [Conv]
[08/20/2026-18:38:24] [V] [TRT] Searching for input: /layer2/layer2.1/relu_1/Relu_output_0
[08/20/2026-18:38:24] [V] [TRT] Searching for input: onnx::Conv_548
[08/20/2026-18:38:24] [V] [TRT] Searching for input: onnx::Conv_549
[08/20/2026-18:38:24] [V] [TRT] /layer2/layer2.1/conv3/Conv [Conv] inputs: [/layer2/layer2.1/relu_1/Relu_output_0 -> (1, 128, 28, 28)[FLOAT]], [onnx::Conv_548 -> (512, 128, 1, 1)[FLOAT]], [onnx::Conv_549 -> (512)[FLOAT]], 
[08/20/2026-18:38:24] [V] [TRT] Convolution input dimensions: (1, 128, 28, 28)
[08/20/2026-18:38:24] [V] [TRT] Registering layer: /layer2/layer2.1/conv3/Conv for ONNX node: /layer2/layer2.1/conv3/Conv
[08/20/2026-18:38:24] [V] [TRT] Using kernel: (1, 1), strides: (1, 1), prepadding: (0, 0), postpadding: (0, 0), dilations: (1, 1), numOutputs: 512, nbGroups: 1
[08/20/2026-18:38:24] [V] [TRT] Convolution output dimensions: (1, 512, 28, 28)
[08/20/2026-18:38:24] [V] [TRT] Registering tensor: /layer2/layer2.1/conv3/Conv_output_0 for ONNX tensor: /layer2/layer2.1/conv3/Conv_output_0
[08/20/2026-18:38:24] [V] [TRT] /layer2/layer2.1/conv3/Conv [Conv] outputs: [/layer2/layer2.1/conv3/Conv_output_0 -> (1, 512, 28, 28)[FLOAT]], 
[08/20/2026-18:38:24] [V] [TRT] Static check for parsing node: /layer2/layer2.1/Add [Add]
[08/20/2026-18:38:24] [V] [TRT] Parsing node: /layer2/layer2.1/Add [Add]
[08/20/2026-18:38:24] [V] [TRT] Searching for input: /layer2/layer2.1/conv3/Conv_output_0
[08/20/2026-18:38:24] [V] [TRT] Searching for input: /layer2/layer2.0/relu_2/Relu_output_0
[08/20/2026-18:38:24] [V] [TRT] /layer2/layer2.1/Add [Add] inputs: [/layer2/layer2.1/conv3/Conv_output_0 -> (1, 512, 28, 28)[FLOAT]], [/layer2/layer2.0/relu_2/Relu_output_0 -> (1, 512, 28, 28)[FLOAT]], 
[08/20/2026-18:38:24] [V] [TRT] Registering layer: /layer2/layer2.1/Add for ONNX node: /layer2/layer2.1/Add
[08/20/2026-18:38:24] [V] [TRT] Registering tensor: /layer2/layer2.1/Add_output_0 for ONNX tensor: /layer2/layer2.1/Add_output_0
[08/20/2026-18:38:24] [V] [TRT] /layer2/layer2.1/Add [Add] outputs: [/layer2/layer2.1/Add_output_0 -> (1, 512, 28, 28)[FLOAT]], 
[08/20/2026-18:38:24] [V] [TRT] Static check for parsing node: /layer2/layer2.1/relu_2/Relu [Relu]
[08/20/2026-18:38:24] [V] [TRT] Parsing node: /layer2/layer2.1/relu_2/Relu [Relu]
[08/20/2026-18:38:24] [V] [TRT] Searching for input: /layer2/layer2.1/Add_output_0
[08/20/2026-18:38:24] [V] [TRT] /layer2/layer2.1/relu_2/Relu [Relu] inputs: [/layer2/layer2.1/Add_output_0 -> (1, 512, 28, 28)[FLOAT]], 
[08/20/2026-18:38:24] [V] [TRT] Registering layer: /layer2/layer2.1/relu_2/Relu for ONNX node: /layer2/layer2.1/relu_2/Relu
[08/20/2026-18:38:24] [V] [TRT] Registering tensor: /layer2/layer2.1/relu_2/Relu_output_0 for ONNX tensor: /layer2/layer2.1/relu_2/Relu_output_0
[08/20/2026-18:38:24] [V] [TRT] /layer2/layer2.1/relu_2/Relu [Relu] outputs: [/layer2/layer2.1/relu_2/Relu_output_0 -> (1, 512, 28, 28)[FLOAT]], 
[08/20/2026-18:38:24] [V] [TRT] Static check for parsing node: /layer2/layer2.2/conv1/Conv [Conv]
[08/20/2026-18:38:24] [V] [TRT] Parsing node: /layer2/layer2.2/conv1/Conv [Conv]
[08/20/2026-18:38:24] [V] [TRT] Searching for input: /layer2/layer2.1/relu_2/Relu_output_0
[08/20/2026-18:38:24] [V] [TRT] Searching for input: onnx::Conv_551
[08/20/2026-18:38:24] [V] [TRT] Searching for input: onnx::Conv_552
[08/20/2026-18:38:24] [V] [TRT] /layer2/layer2.2/conv1/Conv [Conv] inputs: [/layer2/layer2.1/relu_2/Relu_output_0 -> (1, 512, 28, 28)[FLOAT]], [onnx::Conv_551 -> (128, 512, 1, 1)[FLOAT]], [onnx::Conv_552 -> (128)[FLOAT]], 
[08/20/2026-18:38:24] [V] [TRT] Convolution input dimensions: (1, 512, 28, 28)
[08/20/2026-18:38:24] [V] [TRT] Registering layer: /layer2/layer2.2/conv1/Conv for ONNX node: /layer2/layer2.2/conv1/Conv
[08/20/2026-18:38:24] [V] [TRT] Using kernel: (1, 1), strides: (1, 1), prepadding: (0, 0), postpadding: (0, 0), dilations: (1, 1), numOutputs: 128, nbGroups: 1
[08/20/2026-18:38:24] [V] [TRT] Convolution output dimensions: (1, 128, 28, 28)
[08/20/2026-18:38:24] [V] [TRT] Registering tensor: /layer2/layer2.2/conv1/Conv_output_0 for ONNX tensor: /layer2/layer2.2/conv1/Conv_output_0
[08/20/2026-18:38:24] [V] [TRT] /layer2/layer2.2/conv1/Conv [Conv] outputs: [/layer2/layer2.2/conv1/Conv_output_0 -> (1, 128, 28, 28)[FLOAT]], 
[08/20/2026-18:38:24] [V] [TRT] Static check for parsing node: /layer2/layer2.2/relu/Relu [Relu]
[08/20/2026-18:38:24] [V] [TRT] Parsing node: /layer2/layer2.2/relu/Relu [Relu]
[08/20/2026-18:38:24] [V] [TRT] Searching for input: /layer2/layer2.2/conv1/Conv_output_0
[08/20/2026-18:38:24] [V] [TRT] /layer2/layer2.2/relu/Relu [Relu] inputs: [/layer2/layer2.2/conv1/Conv_output_0 -> (1, 128, 28, 28)[FLOAT]], 
[08/20/2026-18:38:24] [V] [TRT] Registering layer: /layer2/layer2.2/relu/Relu for ONNX node: /layer2/layer2.2/relu/Relu
[08/20/2026-18:38:24] [V] [TRT] Registering tensor: /layer2/layer2.2/relu/Relu_output_0 for ONNX tensor: /layer2/layer2.2/relu/Relu_output_0
[08/20/2026-18:38:24] [V] [TRT] /layer2/layer2.2/relu/Relu [Relu] outputs: [/layer2/layer2.2/relu/Relu_output_0 -> (1, 128, 28, 28)[FLOAT]], 
[08/20/2026-18:38:24] [V] [TRT] Static check for parsing node: /layer2/layer2.2/conv2/Conv [Conv]
[08/20/2026-18:38:24] [V] [TRT] Parsing node: /layer2/layer2.2/conv2/Conv [Conv]
[08/20/2026-18:38:24] [V] [TRT] Searching for input: /layer2/layer2.2/relu/Relu_output_0
[08/20/2026-18:38:24] [V] [TRT] Searching for input: onnx::Conv_554
[08/20/2026-18:38:24] [V] [TRT] Searching for input: onnx::Conv_555
[08/20/2026-18:38:24] [V] [TRT] /layer2/layer2.2/conv2/Conv [Conv] inputs: [/layer2/layer2.2/relu/Relu_output_0 -> (1, 128, 28, 28)[FLOAT]], [onnx::Conv_554 -> (128, 128, 3, 3)[FLOAT]], [onnx::Conv_555 -> (128)[FLOAT]], 
[08/20/2026-18:38:24] [V] [TRT] Convolution input dimensions: (1, 128, 28, 28)
[08/20/2026-18:38:24] [V] [TRT] Registering layer: /layer2/layer2.2/conv2/Conv for ONNX node: /layer2/layer2.2/conv2/Conv
[08/20/2026-18:38:24] [V] [TRT] Using kernel: (3, 3), strides: (1, 1), prepadding: (1, 1), postpadding: (1, 1), dilations: (1, 1), numOutputs: 128, nbGroups: 1
[08/20/2026-18:38:24] [V] [TRT] Convolution output dimensions: (1, 128, 28, 28)
[08/20/2026-18:38:24] [V] [TRT] Registering tensor: /layer2/layer2.2/conv2/Conv_output_0 for ONNX tensor: /layer2/layer2.2/conv2/Conv_output_0
[08/20/2026-18:38:24] [V] [TRT] /layer2/layer2.2/conv2/Conv [Conv] outputs: [/layer2/layer2.2/conv2/Conv_output_0 -> (1, 128, 28, 28)[FLOAT]], 
[08/20/2026-18:38:24] [V] [TRT] Static check for parsing node: /layer2/layer2.2/relu_1/Relu [Relu]
[08/20/2026-18:38:24] [V] [TRT] Parsing node: /layer2/layer2.2/relu_1/Relu [Relu]
[08/20/2026-18:38:24] [V] [TRT] Searching for input: /layer2/layer2.2/conv2/Conv_output_0
[08/20/2026-18:38:24] [V] [TRT] /layer2/layer2.2/relu_1/Relu [Relu] inputs: [/layer2/layer2.2/conv2/Conv_output_0 -> (1, 128, 28, 28)[FLOAT]], 
[08/20/2026-18:38:24] [V] [TRT] Registering layer: /layer2/layer2.2/relu_1/Relu for ONNX node: /layer2/layer2.2/relu_1/Relu
[08/20/2026-18:38:24] [V] [TRT] Registering tensor: /layer2/layer2.2/relu_1/Relu_output_0 for ONNX tensor: /layer2/layer2.2/relu_1/Relu_output_0
[08/20/2026-18:38:24] [V] [TRT] /layer2/layer2.2/relu_1/Relu [Relu] outputs: [/layer2/layer2.2/relu_1/Relu_output_0 -> (1, 128, 28, 28)[FLOAT]], 
[08/20/2026-18:38:24] [V] [TRT] Static check for parsing node: /layer2/layer2.2/conv3/Conv [Conv]
[08/20/2026-18:38:24] [V] [TRT] Parsing node: /layer2/layer2.2/conv3/Conv [Conv]
[08/20/2026-18:38:24] [V] [TRT] Searching for input: /layer2/layer2.2/relu_1/Relu_output_0
[08/20/2026-18:38:24] [V] [TRT] Searching for input: onnx::Conv_557
[08/20/2026-18:38:24] [V] [TRT] Searching for input: onnx::Conv_558
[08/20/2026-18:38:24] [V] [TRT] /layer2/layer2.2/conv3/Conv [Conv] inputs: [/layer2/layer2.2/relu_1/Relu_output_0 -> (1, 128, 28, 28)[FLOAT]], [onnx::Conv_557 -> (512, 128, 1, 1)[FLOAT]], [onnx::Conv_558 -> (512)[FLOAT]], 
[08/20/2026-18:38:24] [V] [TRT] Convolution input dimensions: (1, 128, 28, 28)
[08/20/2026-18:38:24] [V] [TRT] Registering layer: /layer2/layer2.2/conv3/Conv for ONNX node: /layer2/layer2.2/conv3/Conv
[08/20/2026-18:38:24] [V] [TRT] Using kernel: (1, 1), strides: (1, 1), prepadding: (0, 0), postpadding: (0, 0), dilations: (1, 1), numOutputs: 512, nbGroups: 1
[08/20/2026-18:38:24] [V] [TRT] Convolution output dimensions: (1, 512, 28, 28)
[08/20/2026-18:38:24] [V] [TRT] Registering tensor: /layer2/layer2.2/conv3/Conv_output_0 for ONNX tensor: /layer2/layer2.2/conv3/Conv_output_0
[08/20/2026-18:38:24] [V] [TRT] /layer2/layer2.2/conv3/Conv [Conv] outputs: [/layer2/layer2.2/conv3/Conv_output_0 -> (1, 512, 28, 28)[FLOAT]], 
[08/20/2026-18:38:24] [V] [TRT] Static check for parsing node: /layer2/layer2.2/Add [Add]
[08/20/2026-18:38:24] [V] [TRT] Parsing node: /layer2/layer2.2/Add [Add]
[08/20/2026-18:38:24] [V] [TRT] Searching for input: /layer2/layer2.2/conv3/Conv_output_0
[08/20/2026-18:38:24] [V] [TRT] Searching for input: /layer2/layer2.1/relu_2/Relu_output_0
[08/20/2026-18:38:24] [V] [TRT] /layer2/layer2.2/Add [Add] inputs: [/layer2/layer2.2/conv3/Conv_output_0 -> (1, 512, 28, 28)[FLOAT]], [/layer2/layer2.1/relu_2/Relu_output_0 -> (1, 512, 28, 28)[FLOAT]], 
[08/20/2026-18:38:24] [V] [TRT] Registering layer: /layer2/layer2.2/Add for ONNX node: /layer2/layer2.2/Add
[08/20/2026-18:38:24] [V] [TRT] Registering tensor: /layer2/layer2.2/Add_output_0 for ONNX tensor: /layer2/layer2.2/Add_output_0
[08/20/2026-18:38:24] [V] [TRT] /layer2/layer2.2/Add [Add] outputs: [/layer2/layer2.2/Add_output_0 -> (1, 512, 28, 28)[FLOAT]], 
[08/20/2026-18:38:24] [V] [TRT] Static check for parsing node: /layer2/layer2.2/relu_2/Relu [Relu]
[08/20/2026-18:38:24] [V] [TRT] Parsing node: /layer2/layer2.2/relu_2/Relu [Relu]
[08/20/2026-18:38:24] [V] [TRT] Searching for input: /layer2/layer2.2/Add_output_0
[08/20/2026-18:38:24] [V] [TRT] /layer2/layer2.2/relu_2/Relu [Relu] inputs: [/layer2/layer2.2/Add_output_0 -> (1, 512, 28, 28)[FLOAT]], 
[08/20/2026-18:38:24] [V] [TRT] Registering layer: /layer2/layer2.2/relu_2/Relu for ONNX node: /layer2/layer2.2/relu_2/Relu
[08/20/2026-18:38:24] [V] [TRT] Registering tensor: /layer2/layer2.2/relu_2/Relu_output_0 for ONNX tensor: /layer2/layer2.2/relu_2/Relu_output_0
[08/20/2026-18:38:24] [V] [TRT] /layer2/layer2.2/relu_2/Relu [Relu] outputs: [/layer2/layer2.2/relu_2/Relu_output_0 -> (1, 512, 28, 28)[FLOAT]], 
[08/20/2026-18:38:24] [V] [TRT] Static check for parsing node: /layer2/layer2.3/conv1/Conv [Conv]
[08/20/2026-18:38:24] [V] [TRT] Parsing node: /layer2/layer2.3/conv1/Conv [Conv]
[08/20/2026-18:38:24] [V] [TRT] Searching for input: /layer2/layer2.2/relu_2/Relu_output_0
[08/20/2026-18:38:24] [V] [TRT] Searching for input: onnx::Conv_560
[08/20/2026-18:38:24] [V] [TRT] Searching for input: onnx::Conv_561
[08/20/2026-18:38:24] [V] [TRT] /layer2/layer2.3/conv1/Conv [Conv] inputs: [/layer2/layer2.2/relu_2/Relu_output_0 -> (1, 512, 28, 28)[FLOAT]], [onnx::Conv_560 -> (128, 512, 1, 1)[FLOAT]], [onnx::Conv_561 -> (128)[FLOAT]], 
[08/20/2026-18:38:24] [V] [TRT] Convolution input dimensions: (1, 512, 28, 28)
[08/20/2026-18:38:24] [V] [TRT] Registering layer: /layer2/layer2.3/conv1/Conv for ONNX node: /layer2/layer2.3/conv1/Conv
[08/20/2026-18:38:24] [V] [TRT] Using kernel: (1, 1), strides: (1, 1), prepadding: (0, 0), postpadding: (0, 0), dilations: (1, 1), numOutputs: 128, nbGroups: 1
[08/20/2026-18:38:24] [V] [TRT] Convolution output dimensions: (1, 128, 28, 28)
[08/20/2026-18:38:24] [V] [TRT] Registering tensor: /layer2/layer2.3/conv1/Conv_output_0 for ONNX tensor: /layer2/layer2.3/conv1/Conv_output_0
[08/20/2026-18:38:24] [V] [TRT] /layer2/layer2.3/conv1/Conv [Conv] outputs: [/layer2/layer2.3/conv1/Conv_output_0 -> (1, 128, 28, 28)[FLOAT]], 
[08/20/2026-18:38:24] [V] [TRT] Static check for parsing node: /layer2/layer2.3/relu/Relu [Relu]
[08/20/2026-18:38:24] [V] [TRT] Parsing node: /layer2/layer2.3/relu/Relu [Relu]
[08/20/2026-18:38:24] [V] [TRT] Searching for input: /layer2/layer2.3/conv1/Conv_output_0
[08/20/2026-18:38:24] [V] [TRT] /layer2/layer2.3/relu/Relu [Relu] inputs: [/layer2/layer2.3/conv1/Conv_output_0 -> (1, 128, 28, 28)[FLOAT]], 
[08/20/2026-18:38:24] [V] [TRT] Registering layer: /layer2/layer2.3/relu/Relu for ONNX node: /layer2/layer2.3/relu/Relu
[08/20/2026-18:38:24] [V] [TRT] Registering tensor: /layer2/layer2.3/relu/Relu_output_0 for ONNX tensor: /layer2/layer2.3/relu/Relu_output_0
[08/20/2026-18:38:24] [V] [TRT] /layer2/layer2.3/relu/Relu [Relu] outputs: [/layer2/layer2.3/relu/Relu_output_0 -> (1, 128, 28, 28)[FLOAT]], 
[08/20/2026-18:38:24] [V] [TRT] Static check for parsing node: /layer2/layer2.3/conv2/Conv [Conv]
[08/20/2026-18:38:24] [V] [TRT] Parsing node: /layer2/layer2.3/conv2/Conv [Conv]
[08/20/2026-18:38:24] [V] [TRT] Searching for input: /layer2/layer2.3/relu/Relu_output_0
[08/20/2026-18:38:24] [V] [TRT] Searching for input: onnx::Conv_563
[08/20/2026-18:38:24] [V] [TRT] Searching for input: onnx::Conv_564
[08/20/2026-18:38:24] [V] [TRT] /layer2/layer2.3/conv2/Conv [Conv] inputs: [/layer2/layer2.3/relu/Relu_output_0 -> (1, 128, 28, 28)[FLOAT]], [onnx::Conv_563 -> (128, 128, 3, 3)[FLOAT]], [onnx::Conv_564 -> (128)[FLOAT]], 
[08/20/2026-18:38:24] [V] [TRT] Convolution input dimensions: (1, 128, 28, 28)
[08/20/2026-18:38:24] [V] [TRT] Registering layer: /layer2/layer2.3/conv2/Conv for ONNX node: /layer2/layer2.3/conv2/Conv
[08/20/2026-18:38:24] [V] [TRT] Using kernel: (3, 3), strides: (1, 1), prepadding: (1, 1), postpadding: (1, 1), dilations: (1, 1), numOutputs: 128, nbGroups: 1
[08/20/2026-18:38:24] [V] [TRT] Convolution output dimensions: (1, 128, 28, 28)
[08/20/2026-18:38:24] [V] [TRT] Registering tensor: /layer2/layer2.3/conv2/Conv_output_0 for ONNX tensor: /layer2/layer2.3/conv2/Conv_output_0
[08/20/2026-18:38:24] [V] [TRT] /layer2/layer2.3/conv2/Conv [Conv] outputs: [/layer2/layer2.3/conv2/Conv_output_0 -> (1, 128, 28, 28)[FLOAT]], 
[08/20/2026-18:38:24] [V] [TRT] Static check for parsing node: /layer2/layer2.3/relu_1/Relu [Relu]
[08/20/2026-18:38:24] [V] [TRT] Parsing node: /layer2/layer2.3/relu_1/Relu [Relu]
[08/20/2026-18:38:24] [V] [TRT] Searching for input: /layer2/layer2.3/conv2/Conv_output_0
[08/20/2026-18:38:24] [V] [TRT] /layer2/layer2.3/relu_1/Relu [Relu] inputs: [/layer2/layer2.3/conv2/Conv_output_0 -> (1, 128, 28, 28)[FLOAT]], 
[08/20/2026-18:38:24] [V] [TRT] Registering layer: /layer2/layer2.3/relu_1/Relu for ONNX node: /layer2/layer2.3/relu_1/Relu
[08/20/2026-18:38:24] [V] [TRT] Registering tensor: /layer2/layer2.3/relu_1/Relu_output_0 for ONNX tensor: /layer2/layer2.3/relu_1/Relu_output_0
[08/20/2026-18:38:24] [V] [TRT] /layer2/layer2.3/relu_1/Relu [Relu] outputs: [/layer2/layer2.3/relu_1/Relu_output_0 -> (1, 128, 28, 28)[FLOAT]], 
[08/20/2026-18:38:24] [V] [TRT] Static check for parsing node: /layer2/layer2.3/conv3/Conv [Conv]
[08/20/2026-18:38:24] [V] [TRT] Parsing node: /layer2/layer2.3/conv3/Conv [Conv]
[08/20/2026-18:38:24] [V] [TRT] Searching for input: /layer2/layer2.3/relu_1/Relu_output_0
[08/20/2026-18:38:24] [V] [TRT] Searching for input: onnx::Conv_566
[08/20/2026-18:38:24] [V] [TRT] Searching for input: onnx::Conv_567
[08/20/2026-18:38:24] [V] [TRT] /layer2/layer2.3/conv3/Conv [Conv] inputs: [/layer2/layer2.3/relu_1/Relu_output_0 -> (1, 128, 28, 28)[FLOAT]], [onnx::Conv_566 -> (512, 128, 1, 1)[FLOAT]], [onnx::Conv_567 -> (512)[FLOAT]], 
[08/20/2026-18:38:24] [V] [TRT] Convolution input dimensions: (1, 128, 28, 28)
[08/20/2026-18:38:24] [V] [TRT] Registering layer: /layer2/layer2.3/conv3/Conv for ONNX node: /layer2/layer2.3/conv3/Conv
[08/20/2026-18:38:24] [V] [TRT] Using kernel: (1, 1), strides: (1, 1), prepadding: (0, 0), postpadding: (0, 0), dilations: (1, 1), numOutputs: 512, nbGroups: 1
[08/20/2026-18:38:24] [V] [TRT] Convolution output dimensions: (1, 512, 28, 28)
[08/20/2026-18:38:24] [V] [TRT] Registering tensor: /layer2/layer2.3/conv3/Conv_output_0 for ONNX tensor: /layer2/layer2.3/conv3/Conv_output_0
[08/20/2026-18:38:24] [V] [TRT] /layer2/layer2.3/conv3/Conv [Conv] outputs: [/layer2/layer2.3/conv3/Conv_output_0 -> (1, 512, 28, 28)[FLOAT]], 
[08/20/2026-18:38:24] [V] [TRT] Static check for parsing node: /layer2/layer2.3/Add [Add]
[08/20/2026-18:38:24] [V] [TRT] Parsing node: /layer2/layer2.3/Add [Add]
[08/20/2026-18:38:24] [V] [TRT] Searching for input: /layer2/layer2.3/conv3/Conv_output_0
[08/20/2026-18:38:24] [V] [TRT] Searching for input: /layer2/layer2.2/relu_2/Relu_output_0
[08/20/2026-18:38:24] [V] [TRT] /layer2/layer2.3/Add [Add] inputs: [/layer2/layer2.3/conv3/Conv_output_0 -> (1, 512, 28, 28)[FLOAT]], [/layer2/layer2.2/relu_2/Relu_output_0 -> (1, 512, 28, 28)[FLOAT]], 
[08/20/2026-18:38:24] [V] [TRT] Registering layer: /layer2/layer2.3/Add for ONNX node: /layer2/layer2.3/Add
[08/20/2026-18:38:24] [V] [TRT] Registering tensor: /layer2/layer2.3/Add_output_0 for ONNX tensor: /layer2/layer2.3/Add_output_0
[08/20/2026-18:38:24] [V] [TRT] /layer2/layer2.3/Add [Add] outputs: [/layer2/layer2.3/Add_output_0 -> (1, 512, 28, 28)[FLOAT]], 
[08/20/2026-18:38:24] [V] [TRT] Static check for parsing node: /layer2/layer2.3/relu_2/Relu [Relu]
[08/20/2026-18:38:24] [V] [TRT] Parsing node: /layer2/layer2.3/relu_2/Relu [Relu]
[08/20/2026-18:38:24] [V] [TRT] Searching for input: /layer2/layer2.3/Add_output_0
[08/20/2026-18:38:24] [V] [TRT] /layer2/layer2.3/relu_2/Relu [Relu] inputs: [/layer2/layer2.3/Add_output_0 -> (1, 512, 28, 28)[FLOAT]], 
[08/20/2026-18:38:24] [V] [TRT] Registering layer: /layer2/layer2.3/relu_2/Relu for ONNX node: /layer2/layer2.3/relu_2/Relu
[08/20/2026-18:38:24] [V] [TRT] Registering tensor: /layer2/layer2.3/relu_2/Relu_output_0 for ONNX tensor: /layer2/layer2.3/relu_2/Relu_output_0
[08/20/2026-18:38:24] [V] [TRT] /layer2/layer2.3/relu_2/Relu [Relu] outputs: [/layer2/layer2.3/relu_2/Relu_output_0 -> (1, 512, 28, 28)[FLOAT]], 
[08/20/2026-18:38:24] [V] [TRT] Static check for parsing node: /layer3/layer3.0/conv1/Conv [Conv]
[08/20/2026-18:38:24] [V] [TRT] Parsing node: /layer3/layer3.0/conv1/Conv [Conv]
[08/20/2026-18:38:24] [V] [TRT] Searching for input: /layer2/layer2.3/relu_2/Relu_output_0
[08/20/2026-18:38:24] [V] [TRT] Searching for input: onnx::Conv_569
[08/20/2026-18:38:24] [V] [TRT] Searching for input: onnx::Conv_570
[08/20/2026-18:38:24] [V] [TRT] /layer3/layer3.0/conv1/Conv [Conv] inputs: [/layer2/layer2.3/relu_2/Relu_output_0 -> (1, 512, 28, 28)[FLOAT]], [onnx::Conv_569 -> (256, 512, 1, 1)[FLOAT]], [onnx::Conv_570 -> (256)[FLOAT]], 
[08/20/2026-18:38:24] [V] [TRT] Convolution input dimensions: (1, 512, 28, 28)
[08/20/2026-18:38:24] [V] [TRT] Registering layer: /layer3/layer3.0/conv1/Conv for ONNX node: /layer3/layer3.0/conv1/Conv
[08/20/2026-18:38:24] [V] [TRT] Using kernel: (1, 1), strides: (1, 1), prepadding: (0, 0), postpadding: (0, 0), dilations: (1, 1), numOutputs: 256, nbGroups: 1
[08/20/2026-18:38:24] [V] [TRT] Convolution output dimensions: (1, 256, 28, 28)
[08/20/2026-18:38:24] [V] [TRT] Registering tensor: /layer3/layer3.0/conv1/Conv_output_0 for ONNX tensor: /layer3/layer3.0/conv1/Conv_output_0
[08/20/2026-18:38:24] [V] [TRT] /layer3/layer3.0/conv1/Conv [Conv] outputs: [/layer3/layer3.0/conv1/Conv_output_0 -> (1, 256, 28, 28)[FLOAT]], 
[08/20/2026-18:38:24] [V] [TRT] Static check for parsing node: /layer3/layer3.0/relu/Relu [Relu]
[08/20/2026-18:38:24] [V] [TRT] Parsing node: /layer3/layer3.0/relu/Relu [Relu]
[08/20/2026-18:38:24] [V] [TRT] Searching for input: /layer3/layer3.0/conv1/Conv_output_0
[08/20/2026-18:38:24] [V] [TRT] /layer3/layer3.0/relu/Relu [Relu] inputs: [/layer3/layer3.0/conv1/Conv_output_0 -> (1, 256, 28, 28)[FLOAT]], 
[08/20/2026-18:38:24] [V] [TRT] Registering layer: /layer3/layer3.0/relu/Relu for ONNX node: /layer3/layer3.0/relu/Relu
[08/20/2026-18:38:24] [V] [TRT] Registering tensor: /layer3/layer3.0/relu/Relu_output_0 for ONNX tensor: /layer3/layer3.0/relu/Relu_output_0
[08/20/2026-18:38:24] [V] [TRT] /layer3/layer3.0/relu/Relu [Relu] outputs: [/layer3/layer3.0/relu/Relu_output_0 -> (1, 256, 28, 28)[FLOAT]], 
[08/20/2026-18:38:24] [V] [TRT] Static check for parsing node: /layer3/layer3.0/conv2/Conv [Conv]
[08/20/2026-18:38:24] [V] [TRT] Parsing node: /layer3/layer3.0/conv2/Conv [Conv]
[08/20/2026-18:38:24] [V] [TRT] Searching for input: /layer3/layer3.0/relu/Relu_output_0
[08/20/2026-18:38:24] [V] [TRT] Searching for input: onnx::Conv_572
[08/20/2026-18:38:24] [V] [TRT] Searching for input: onnx::Conv_573
[08/20/2026-18:38:24] [V] [TRT] /layer3/layer3.0/conv2/Conv [Conv] inputs: [/layer3/layer3.0/relu/Relu_output_0 -> (1, 256, 28, 28)[FLOAT]], [onnx::Conv_572 -> (256, 256, 3, 3)[FLOAT]], [onnx::Conv_573 -> (256)[FLOAT]], 
[08/20/2026-18:38:24] [V] [TRT] Convolution input dimensions: (1, 256, 28, 28)
[08/20/2026-18:38:24] [V] [TRT] Registering layer: /layer3/layer3.0/conv2/Conv for ONNX node: /layer3/layer3.0/conv2/Conv
[08/20/2026-18:38:24] [V] [TRT] Using kernel: (3, 3), strides: (2, 2), prepadding: (1, 1), postpadding: (1, 1), dilations: (1, 1), numOutputs: 256, nbGroups: 1
[08/20/2026-18:38:24] [V] [TRT] Convolution output dimensions: (1, 256, 14, 14)
[08/20/2026-18:38:24] [V] [TRT] Registering tensor: /layer3/layer3.0/conv2/Conv_output_0 for ONNX tensor: /layer3/layer3.0/conv2/Conv_output_0
[08/20/2026-18:38:24] [V] [TRT] /layer3/layer3.0/conv2/Conv [Conv] outputs: [/layer3/layer3.0/conv2/Conv_output_0 -> (1, 256, 14, 14)[FLOAT]], 
[08/20/2026-18:38:24] [V] [TRT] Static check for parsing node: /layer3/layer3.0/relu_1/Relu [Relu]
[08/20/2026-18:38:24] [V] [TRT] Parsing node: /layer3/layer3.0/relu_1/Relu [Relu]
[08/20/2026-18:38:24] [V] [TRT] Searching for input: /layer3/layer3.0/conv2/Conv_output_0
[08/20/2026-18:38:24] [V] [TRT] /layer3/layer3.0/relu_1/Relu [Relu] inputs: [/layer3/layer3.0/conv2/Conv_output_0 -> (1, 256, 14, 14)[FLOAT]], 
[08/20/2026-18:38:24] [V] [TRT] Registering layer: /layer3/layer3.0/relu_1/Relu for ONNX node: /layer3/layer3.0/relu_1/Relu
[08/20/2026-18:38:24] [V] [TRT] Registering tensor: /layer3/layer3.0/relu_1/Relu_output_0 for ONNX tensor: /layer3/layer3.0/relu_1/Relu_output_0
[08/20/2026-18:38:24] [V] [TRT] /layer3/layer3.0/relu_1/Relu [Relu] outputs: [/layer3/layer3.0/relu_1/Relu_output_0 -> (1, 256, 14, 14)[FLOAT]], 
[08/20/2026-18:38:24] [V] [TRT] Static check for parsing node: /layer3/layer3.0/conv3/Conv [Conv]
[08/20/2026-18:38:24] [V] [TRT] Parsing node: /layer3/layer3.0/conv3/Conv [Conv]
[08/20/2026-18:38:24] [V] [TRT] Searching for input: /layer3/layer3.0/relu_1/Relu_output_0
[08/20/2026-18:38:24] [V] [TRT] Searching for input: onnx::Conv_575
[08/20/2026-18:38:24] [V] [TRT] Searching for input: onnx::Conv_576
[08/20/2026-18:38:24] [V] [TRT] /layer3/layer3.0/conv3/Conv [Conv] inputs: [/layer3/layer3.0/relu_1/Relu_output_0 -> (1, 256, 14, 14)[FLOAT]], [onnx::Conv_575 -> (1024, 256, 1, 1)[FLOAT]], [onnx::Conv_576 -> (1024)[FLOAT]], 
[08/20/2026-18:38:24] [V] [TRT] Convolution input dimensions: (1, 256, 14, 14)
[08/20/2026-18:38:24] [V] [TRT] Registering layer: /layer3/layer3.0/conv3/Conv for ONNX node: /layer3/layer3.0/conv3/Conv
[08/20/2026-18:38:24] [V] [TRT] Using kernel: (1, 1), strides: (1, 1), prepadding: (0, 0), postpadding: (0, 0), dilations: (1, 1), numOutputs: 1024, nbGroups: 1
[08/20/2026-18:38:24] [V] [TRT] Convolution output dimensions: (1, 1024, 14, 14)
[08/20/2026-18:38:24] [V] [TRT] Registering tensor: /layer3/layer3.0/conv3/Conv_output_0 for ONNX tensor: /layer3/layer3.0/conv3/Conv_output_0
[08/20/2026-18:38:24] [V] [TRT] /layer3/layer3.0/conv3/Conv [Conv] outputs: [/layer3/layer3.0/conv3/Conv_output_0 -> (1, 1024, 14, 14)[FLOAT]], 
[08/20/2026-18:38:24] [V] [TRT] Static check for parsing node: /layer3/layer3.0/downsample/downsample.0/Conv [Conv]
[08/20/2026-18:38:24] [V] [TRT] Parsing node: /layer3/layer3.0/downsample/downsample.0/Conv [Conv]
[08/20/2026-18:38:24] [V] [TRT] Searching for input: /layer2/layer2.3/relu_2/Relu_output_0
[08/20/2026-18:38:24] [V] [TRT] Searching for input: onnx::Conv_578
[08/20/2026-18:38:24] [V] [TRT] Searching for input: onnx::Conv_579
[08/20/2026-18:38:24] [V] [TRT] /layer3/layer3.0/downsample/downsample.0/Conv [Conv] inputs: [/layer2/layer2.3/relu_2/Relu_output_0 -> (1, 512, 28, 28)[FLOAT]], [onnx::Conv_578 -> (1024, 512, 1, 1)[FLOAT]], [onnx::Conv_579 -> (1024)[FLOAT]], 
[08/20/2026-18:38:24] [V] [TRT] Convolution input dimensions: (1, 512, 28, 28)
[08/20/2026-18:38:24] [V] [TRT] Registering layer: /layer3/layer3.0/downsample/downsample.0/Conv for ONNX node: /layer3/layer3.0/downsample/downsample.0/Conv
[08/20/2026-18:38:24] [V] [TRT] Using kernel: (1, 1), strides: (2, 2), prepadding: (0, 0), postpadding: (0, 0), dilations: (1, 1), numOutputs: 1024, nbGroups: 1
[08/20/2026-18:38:24] [V] [TRT] Convolution output dimensions: (1, 1024, 14, 14)
[08/20/2026-18:38:24] [V] [TRT] Registering tensor: /layer3/layer3.0/downsample/downsample.0/Conv_output_0 for ONNX tensor: /layer3/layer3.0/downsample/downsample.0/Conv_output_0
[08/20/2026-18:38:24] [V] [TRT] /layer3/layer3.0/downsample/downsample.0/Conv [Conv] outputs: [/layer3/layer3.0/downsample/downsample.0/Conv_output_0 -> (1, 1024, 14, 14)[FLOAT]], 
[08/20/2026-18:38:24] [V] [TRT] Static check for parsing node: /layer3/layer3.0/Add [Add]
[08/20/2026-18:38:24] [V] [TRT] Parsing node: /layer3/layer3.0/Add [Add]
[08/20/2026-18:38:24] [V] [TRT] Searching for input: /layer3/layer3.0/conv3/Conv_output_0
[08/20/2026-18:38:24] [V] [TRT] Searching for input: /layer3/layer3.0/downsample/downsample.0/Conv_output_0
[08/20/2026-18:38:24] [V] [TRT] /layer3/layer3.0/Add [Add] inputs: [/layer3/layer3.0/conv3/Conv_output_0 -> (1, 1024, 14, 14)[FLOAT]], [/layer3/layer3.0/downsample/downsample.0/Conv_output_0 -> (1, 1024, 14, 14)[FLOAT]], 
[08/20/2026-18:38:24] [V] [TRT] Registering layer: /layer3/layer3.0/Add for ONNX node: /layer3/layer3.0/Add
[08/20/2026-18:38:24] [V] [TRT] Registering tensor: /layer3/layer3.0/Add_output_0 for ONNX tensor: /layer3/layer3.0/Add_output_0
[08/20/2026-18:38:24] [V] [TRT] /layer3/layer3.0/Add [Add] outputs: [/layer3/layer3.0/Add_output_0 -> (1, 1024, 14, 14)[FLOAT]], 
[08/20/2026-18:38:24] [V] [TRT] Static check for parsing node: /layer3/layer3.0/relu_2/Relu [Relu]
[08/20/2026-18:38:24] [V] [TRT] Parsing node: /layer3/layer3.0/relu_2/Relu [Relu]
[08/20/2026-18:38:24] [V] [TRT] Searching for input: /layer3/layer3.0/Add_output_0
[08/20/2026-18:38:24] [V] [TRT] /layer3/layer3.0/relu_2/Relu [Relu] inputs: [/layer3/layer3.0/Add_output_0 -> (1, 1024, 14, 14)[FLOAT]], 
[08/20/2026-18:38:24] [V] [TRT] Registering layer: /layer3/layer3.0/relu_2/Relu for ONNX node: /layer3/layer3.0/relu_2/Relu
[08/20/2026-18:38:24] [V] [TRT] Registering tensor: /layer3/layer3.0/relu_2/Relu_output_0 for ONNX tensor: /layer3/layer3.0/relu_2/Relu_output_0
[08/20/2026-18:38:24] [V] [TRT] /layer3/layer3.0/relu_2/Relu [Relu] outputs: [/layer3/layer3.0/relu_2/Relu_output_0 -> (1, 1024, 14, 14)[FLOAT]], 
[08/20/2026-18:38:24] [V] [TRT] Static check for parsing node: /layer3/layer3.1/conv1/Conv [Conv]
[08/20/2026-18:38:24] [V] [TRT] Parsing node: /layer3/layer3.1/conv1/Conv [Conv]
[08/20/2026-18:38:24] [V] [TRT] Searching for input: /layer3/layer3.0/relu_2/Relu_output_0
[08/20/2026-18:38:24] [V] [TRT] Searching for input: onnx::Conv_581
[08/20/2026-18:38:24] [V] [TRT] Searching for input: onnx::Conv_582
[08/20/2026-18:38:24] [V] [TRT] /layer3/layer3.1/conv1/Conv [Conv] inputs: [/layer3/layer3.0/relu_2/Relu_output_0 -> (1, 1024, 14, 14)[FLOAT]], [onnx::Conv_581 -> (256, 1024, 1, 1)[FLOAT]], [onnx::Conv_582 -> (256)[FLOAT]], 
[08/20/2026-18:38:24] [V] [TRT] Convolution input dimensions: (1, 1024, 14, 14)
[08/20/2026-18:38:24] [V] [TRT] Registering layer: /layer3/layer3.1/conv1/Conv for ONNX node: /layer3/layer3.1/conv1/Conv
[08/20/2026-18:38:24] [V] [TRT] Using kernel: (1, 1), strides: (1, 1), prepadding: (0, 0), postpadding: (0, 0), dilations: (1, 1), numOutputs: 256, nbGroups: 1
[08/20/2026-18:38:24] [V] [TRT] Convolution output dimensions: (1, 256, 14, 14)
[08/20/2026-18:38:24] [V] [TRT] Registering tensor: /layer3/layer3.1/conv1/Conv_output_0 for ONNX tensor: /layer3/layer3.1/conv1/Conv_output_0
[08/20/2026-18:38:24] [V] [TRT] /layer3/layer3.1/conv1/Conv [Conv] outputs: [/layer3/layer3.1/conv1/Conv_output_0 -> (1, 256, 14, 14)[FLOAT]], 
[08/20/2026-18:38:24] [V] [TRT] Static check for parsing node: /layer3/layer3.1/relu/Relu [Relu]
[08/20/2026-18:38:24] [V] [TRT] Parsing node: /layer3/layer3.1/relu/Relu [Relu]
[08/20/2026-18:38:24] [V] [TRT] Searching for input: /layer3/layer3.1/conv1/Conv_output_0
[08/20/2026-18:38:24] [V] [TRT] /layer3/layer3.1/relu/Relu [Relu] inputs: [/layer3/layer3.1/conv1/Conv_output_0 -> (1, 256, 14, 14)[FLOAT]], 
[08/20/2026-18:38:24] [V] [TRT] Registering layer: /layer3/layer3.1/relu/Relu for ONNX node: /layer3/layer3.1/relu/Relu
[08/20/2026-18:38:24] [V] [TRT] Registering tensor: /layer3/layer3.1/relu/Relu_output_0 for ONNX tensor: /layer3/layer3.1/relu/Relu_output_0
[08/20/2026-18:38:24] [V] [TRT] /layer3/layer3.1/relu/Relu [Relu] outputs: [/layer3/layer3.1/relu/Relu_output_0 -> (1, 256, 14, 14)[FLOAT]], 
[08/20/2026-18:38:24] [V] [TRT] Static check for parsing node: /layer3/layer3.1/conv2/Conv [Conv]
[08/20/2026-18:38:24] [V] [TRT] Parsing node: /layer3/layer3.1/conv2/Conv [Conv]
[08/20/2026-18:38:24] [V] [TRT] Searching for input: /layer3/layer3.1/relu/Relu_output_0
[08/20/2026-18:38:24] [V] [TRT] Searching for input: onnx::Conv_584
[08/20/2026-18:38:24] [V] [TRT] Searching for input: onnx::Conv_585
[08/20/2026-18:38:24] [V] [TRT] /layer3/layer3.1/conv2/Conv [Conv] inputs: [/layer3/layer3.1/relu/Relu_output_0 -> (1, 256, 14, 14)[FLOAT]], [onnx::Conv_584 -> (256, 256, 3, 3)[FLOAT]], [onnx::Conv_585 -> (256)[FLOAT]], 
[08/20/2026-18:38:24] [V] [TRT] Convolution input dimensions: (1, 256, 14, 14)
[08/20/2026-18:38:24] [V] [TRT] Registering layer: /layer3/layer3.1/conv2/Conv for ONNX node: /layer3/layer3.1/conv2/Conv
[08/20/2026-18:38:24] [V] [TRT] Using kernel: (3, 3), strides: (1, 1), prepadding: (1, 1), postpadding: (1, 1), dilations: (1, 1), numOutputs: 256, nbGroups: 1
[08/20/2026-18:38:24] [V] [TRT] Convolution output dimensions: (1, 256, 14, 14)
[08/20/2026-18:38:24] [V] [TRT] Registering tensor: /layer3/layer3.1/conv2/Conv_output_0 for ONNX tensor: /layer3/layer3.1/conv2/Conv_output_0
[08/20/2026-18:38:24] [V] [TRT] /layer3/layer3.1/conv2/Conv [Conv] outputs: [/layer3/layer3.1/conv2/Conv_output_0 -> (1, 256, 14, 14)[FLOAT]], 
[08/20/2026-18:38:24] [V] [TRT] Static check for parsing node: /layer3/layer3.1/relu_1/Relu [Relu]
[08/20/2026-18:38:24] [V] [TRT] Parsing node: /layer3/layer3.1/relu_1/Relu [Relu]
[08/20/2026-18:38:24] [V] [TRT] Searching for input: /layer3/layer3.1/conv2/Conv_output_0
[08/20/2026-18:38:24] [V] [TRT] /layer3/layer3.1/relu_1/Relu [Relu] inputs: [/layer3/layer3.1/conv2/Conv_output_0 -> (1, 256, 14, 14)[FLOAT]], 
[08/20/2026-18:38:24] [V] [TRT] Registering layer: /layer3/layer3.1/relu_1/Relu for ONNX node: /layer3/layer3.1/relu_1/Relu
[08/20/2026-18:38:24] [V] [TRT] Registering tensor: /layer3/layer3.1/relu_1/Relu_output_0 for ONNX tensor: /layer3/layer3.1/relu_1/Relu_output_0
[08/20/2026-18:38:24] [V] [TRT] /layer3/layer3.1/relu_1/Relu [Relu] outputs: [/layer3/layer3.1/relu_1/Relu_output_0 -> (1, 256, 14, 14)[FLOAT]], 
[08/20/2026-18:38:24] [V] [TRT] Static check for parsing node: /layer3/layer3.1/conv3/Conv [Conv]
[08/20/2026-18:38:24] [V] [TRT] Parsing node: /layer3/layer3.1/conv3/Conv [Conv]
[08/20/2026-18:38:24] [V] [TRT] Searching for input: /layer3/layer3.1/relu_1/Relu_output_0
[08/20/2026-18:38:24] [V] [TRT] Searching for input: onnx::Conv_587
[08/20/2026-18:38:24] [V] [TRT] Searching for input: onnx::Conv_588
[08/20/2026-18:38:24] [V] [TRT] /layer3/layer3.1/conv3/Conv [Conv] inputs: [/layer3/layer3.1/relu_1/Relu_output_0 -> (1, 256, 14, 14)[FLOAT]], [onnx::Conv_587 -> (1024, 256, 1, 1)[FLOAT]], [onnx::Conv_588 -> (1024)[FLOAT]], 
[08/20/2026-18:38:24] [V] [TRT] Convolution input dimensions: (1, 256, 14, 14)
[08/20/2026-18:38:24] [V] [TRT] Registering layer: /layer3/layer3.1/conv3/Conv for ONNX node: /layer3/layer3.1/conv3/Conv
[08/20/2026-18:38:24] [V] [TRT] Using kernel: (1, 1), strides: (1, 1), prepadding: (0, 0), postpadding: (0, 0), dilations: (1, 1), numOutputs: 1024, nbGroups: 1
[08/20/2026-18:38:24] [V] [TRT] Convolution output dimensions: (1, 1024, 14, 14)
[08/20/2026-18:38:24] [V] [TRT] Registering tensor: /layer3/layer3.1/conv3/Conv_output_0 for ONNX tensor: /layer3/layer3.1/conv3/Conv_output_0
[08/20/2026-18:38:24] [V] [TRT] /layer3/layer3.1/conv3/Conv [Conv] outputs: [/layer3/layer3.1/conv3/Conv_output_0 -> (1, 1024, 14, 14)[FLOAT]], 
[08/20/2026-18:38:24] [V] [TRT] Static check for parsing node: /layer3/layer3.1/Add [Add]
[08/20/2026-18:38:24] [V] [TRT] Parsing node: /layer3/layer3.1/Add [Add]
[08/20/2026-18:38:24] [V] [TRT] Searching for input: /layer3/layer3.1/conv3/Conv_output_0
[08/20/2026-18:38:24] [V] [TRT] Searching for input: /layer3/layer3.0/relu_2/Relu_output_0
[08/20/2026-18:38:24] [V] [TRT] /layer3/layer3.1/Add [Add] inputs: [/layer3/layer3.1/conv3/Conv_output_0 -> (1, 1024, 14, 14)[FLOAT]], [/layer3/layer3.0/relu_2/Relu_output_0 -> (1, 1024, 14, 14)[FLOAT]], 
[08/20/2026-18:38:24] [V] [TRT] Registering layer: /layer3/layer3.1/Add for ONNX node: /layer3/layer3.1/Add
[08/20/2026-18:38:24] [V] [TRT] Registering tensor: /layer3/layer3.1/Add_output_0 for ONNX tensor: /layer3/layer3.1/Add_output_0
[08/20/2026-18:38:24] [V] [TRT] /layer3/layer3.1/Add [Add] outputs: [/layer3/layer3.1/Add_output_0 -> (1, 1024, 14, 14)[FLOAT]], 
[08/20/2026-18:38:24] [V] [TRT] Static check for parsing node: /layer3/layer3.1/relu_2/Relu [Relu]
[08/20/2026-18:38:24] [V] [TRT] Parsing node: /layer3/layer3.1/relu_2/Relu [Relu]
[08/20/2026-18:38:24] [V] [TRT] Searching for input: /layer3/layer3.1/Add_output_0
[08/20/2026-18:38:24] [V] [TRT] /layer3/layer3.1/relu_2/Relu [Relu] inputs: [/layer3/layer3.1/Add_output_0 -> (1, 1024, 14, 14)[FLOAT]], 
[08/20/2026-18:38:24] [V] [TRT] Registering layer: /layer3/layer3.1/relu_2/Relu for ONNX node: /layer3/layer3.1/relu_2/Relu
[08/20/2026-18:38:24] [V] [TRT] Registering tensor: /layer3/layer3.1/relu_2/Relu_output_0 for ONNX tensor: /layer3/layer3.1/relu_2/Relu_output_0
[08/20/2026-18:38:24] [V] [TRT] /layer3/layer3.1/relu_2/Relu [Relu] outputs: [/layer3/layer3.1/relu_2/Relu_output_0 -> (1, 1024, 14, 14)[FLOAT]], 
[08/20/2026-18:38:24] [V] [TRT] Static check for parsing node: /layer3/layer3.2/conv1/Conv [Conv]
[08/20/2026-18:38:24] [V] [TRT] Parsing node: /layer3/layer3.2/conv1/Conv [Conv]
[08/20/2026-18:38:24] [V] [TRT] Searching for input: /layer3/layer3.1/relu_2/Relu_output_0
[08/20/2026-18:38:24] [V] [TRT] Searching for input: onnx::Conv_590
[08/20/2026-18:38:24] [V] [TRT] Searching for input: onnx::Conv_591
[08/20/2026-18:38:24] [V] [TRT] /layer3/layer3.2/conv1/Conv [Conv] inputs: [/layer3/layer3.1/relu_2/Relu_output_0 -> (1, 1024, 14, 14)[FLOAT]], [onnx::Conv_590 -> (256, 1024, 1, 1)[FLOAT]], [onnx::Conv_591 -> (256)[FLOAT]], 
[08/20/2026-18:38:24] [V] [TRT] Convolution input dimensions: (1, 1024, 14, 14)
[08/20/2026-18:38:24] [V] [TRT] Registering layer: /layer3/layer3.2/conv1/Conv for ONNX node: /layer3/layer3.2/conv1/Conv
[08/20/2026-18:38:24] [V] [TRT] Using kernel: (1, 1), strides: (1, 1), prepadding: (0, 0), postpadding: (0, 0), dilations: (1, 1), numOutputs: 256, nbGroups: 1
[08/20/2026-18:38:24] [V] [TRT] Convolution output dimensions: (1, 256, 14, 14)
[08/20/2026-18:38:24] [V] [TRT] Registering tensor: /layer3/layer3.2/conv1/Conv_output_0 for ONNX tensor: /layer3/layer3.2/conv1/Conv_output_0
[08/20/2026-18:38:24] [V] [TRT] /layer3/layer3.2/conv1/Conv [Conv] outputs: [/layer3/layer3.2/conv1/Conv_output_0 -> (1, 256, 14, 14)[FLOAT]], 
[08/20/2026-18:38:24] [V] [TRT] Static check for parsing node: /layer3/layer3.2/relu/Relu [Relu]
[08/20/2026-18:38:24] [V] [TRT] Parsing node: /layer3/layer3.2/relu/Relu [Relu]
[08/20/2026-18:38:24] [V] [TRT] Searching for input: /layer3/layer3.2/conv1/Conv_output_0
[08/20/2026-18:38:24] [V] [TRT] /layer3/layer3.2/relu/Relu [Relu] inputs: [/layer3/layer3.2/conv1/Conv_output_0 -> (1, 256, 14, 14)[FLOAT]], 
[08/20/2026-18:38:24] [V] [TRT] Registering layer: /layer3/layer3.2/relu/Relu for ONNX node: /layer3/layer3.2/relu/Relu
[08/20/2026-18:38:24] [V] [TRT] Registering tensor: /layer3/layer3.2/relu/Relu_output_0 for ONNX tensor: /layer3/layer3.2/relu/Relu_output_0
[08/20/2026-18:38:24] [V] [TRT] /layer3/layer3.2/relu/Relu [Relu] outputs: [/layer3/layer3.2/relu/Relu_output_0 -> (1, 256, 14, 14)[FLOAT]], 
[08/20/2026-18:38:24] [V] [TRT] Static check for parsing node: /layer3/layer3.2/conv2/Conv [Conv]
[08/20/2026-18:38:24] [V] [TRT] Parsing node: /layer3/layer3.2/conv2/Conv [Conv]
[08/20/2026-18:38:24] [V] [TRT] Searching for input: /layer3/layer3.2/relu/Relu_output_0
[08/20/2026-18:38:24] [V] [TRT] Searching for input: onnx::Conv_593
[08/20/2026-18:38:24] [V] [TRT] Searching for input: onnx::Conv_594
[08/20/2026-18:38:24] [V] [TRT] /layer3/layer3.2/conv2/Conv [Conv] inputs: [/layer3/layer3.2/relu/Relu_output_0 -> (1, 256, 14, 14)[FLOAT]], [onnx::Conv_593 -> (256, 256, 3, 3)[FLOAT]], [onnx::Conv_594 -> (256)[FLOAT]], 
[08/20/2026-18:38:24] [V] [TRT] Convolution input dimensions: (1, 256, 14, 14)
[08/20/2026-18:38:24] [V] [TRT] Registering layer: /layer3/layer3.2/conv2/Conv for ONNX node: /layer3/layer3.2/conv2/Conv
[08/20/2026-18:38:24] [V] [TRT] Using kernel: (3, 3), strides: (1, 1), prepadding: (1, 1), postpadding: (1, 1), dilations: (1, 1), numOutputs: 256, nbGroups: 1
[08/20/2026-18:38:24] [V] [TRT] Convolution output dimensions: (1, 256, 14, 14)
[08/20/2026-18:38:24] [V] [TRT] Registering tensor: /layer3/layer3.2/conv2/Conv_output_0 for ONNX tensor: /layer3/layer3.2/conv2/Conv_output_0
[08/20/2026-18:38:24] [V] [TRT] /layer3/layer3.2/conv2/Conv [Conv] outputs: [/layer3/layer3.2/conv2/Conv_output_0 -> (1, 256, 14, 14)[FLOAT]], 
[08/20/2026-18:38:24] [V] [TRT] Static check for parsing node: /layer3/layer3.2/relu_1/Relu [Relu]
[08/20/2026-18:38:24] [V] [TRT] Parsing node: /layer3/layer3.2/relu_1/Relu [Relu]
[08/20/2026-18:38:24] [V] [TRT] Searching for input: /layer3/layer3.2/conv2/Conv_output_0
[08/20/2026-18:38:24] [V] [TRT] /layer3/layer3.2/relu_1/Relu [Relu] inputs: [/layer3/layer3.2/conv2/Conv_output_0 -> (1, 256, 14, 14)[FLOAT]], 
[08/20/2026-18:38:24] [V] [TRT] Registering layer: /layer3/layer3.2/relu_1/Relu for ONNX node: /layer3/layer3.2/relu_1/Relu
[08/20/2026-18:38:24] [V] [TRT] Registering tensor: /layer3/layer3.2/relu_1/Relu_output_0 for ONNX tensor: /layer3/layer3.2/relu_1/Relu_output_0
[08/20/2026-18:38:24] [V] [TRT] /layer3/layer3.2/relu_1/Relu [Relu] outputs: [/layer3/layer3.2/relu_1/Relu_output_0 -> (1, 256, 14, 14)[FLOAT]], 
[08/20/2026-18:38:24] [V] [TRT] Static check for parsing node: /layer3/layer3.2/conv3/Conv [Conv]
[08/20/2026-18:38:24] [V] [TRT] Parsing node: /layer3/layer3.2/conv3/Conv [Conv]
[08/20/2026-18:38:24] [V] [TRT] Searching for input: /layer3/layer3.2/relu_1/Relu_output_0
[08/20/2026-18:38:24] [V] [TRT] Searching for input: onnx::Conv_596
[08/20/2026-18:38:24] [V] [TRT] Searching for input: onnx::Conv_597
[08/20/2026-18:38:24] [V] [TRT] /layer3/layer3.2/conv3/Conv [Conv] inputs: [/layer3/layer3.2/relu_1/Relu_output_0 -> (1, 256, 14, 14)[FLOAT]], [onnx::Conv_596 -> (1024, 256, 1, 1)[FLOAT]], [onnx::Conv_597 -> (1024)[FLOAT]], 
[08/20/2026-18:38:24] [V] [TRT] Convolution input dimensions: (1, 256, 14, 14)
[08/20/2026-18:38:24] [V] [TRT] Registering layer: /layer3/layer3.2/conv3/Conv for ONNX node: /layer3/layer3.2/conv3/Conv
[08/20/2026-18:38:24] [V] [TRT] Using kernel: (1, 1), strides: (1, 1), prepadding: (0, 0), postpadding: (0, 0), dilations: (1, 1), numOutputs: 1024, nbGroups: 1
[08/20/2026-18:38:24] [V] [TRT] Convolution output dimensions: (1, 1024, 14, 14)
[08/20/2026-18:38:24] [V] [TRT] Registering tensor: /layer3/layer3.2/conv3/Conv_output_0 for ONNX tensor: /layer3/layer3.2/conv3/Conv_output_0
[08/20/2026-18:38:24] [V] [TRT] /layer3/layer3.2/conv3/Conv [Conv] outputs: [/layer3/layer3.2/conv3/Conv_output_0 -> (1, 1024, 14, 14)[FLOAT]], 
[08/20/2026-18:38:24] [V] [TRT] Static check for parsing node: /layer3/layer3.2/Add [Add]
[08/20/2026-18:38:24] [V] [TRT] Parsing node: /layer3/layer3.2/Add [Add]
[08/20/2026-18:38:24] [V] [TRT] Searching for input: /layer3/layer3.2/conv3/Conv_output_0
[08/20/2026-18:38:24] [V] [TRT] Searching for input: /layer3/layer3.1/relu_2/Relu_output_0
[08/20/2026-18:38:24] [V] [TRT] /layer3/layer3.2/Add [Add] inputs: [/layer3/layer3.2/conv3/Conv_output_0 -> (1, 1024, 14, 14)[FLOAT]], [/layer3/layer3.1/relu_2/Relu_output_0 -> (1, 1024, 14, 14)[FLOAT]], 
[08/20/2026-18:38:24] [V] [TRT] Registering layer: /layer3/layer3.2/Add for ONNX node: /layer3/layer3.2/Add
[08/20/2026-18:38:24] [V] [TRT] Registering tensor: /layer3/layer3.2/Add_output_0 for ONNX tensor: /layer3/layer3.2/Add_output_0
[08/20/2026-18:38:24] [V] [TRT] /layer3/layer3.2/Add [Add] outputs: [/layer3/layer3.2/Add_output_0 -> (1, 1024, 14, 14)[FLOAT]], 
[08/20/2026-18:38:24] [V] [TRT] Static check for parsing node: /layer3/layer3.2/relu_2/Relu [Relu]
[08/20/2026-18:38:24] [V] [TRT] Parsing node: /layer3/layer3.2/relu_2/Relu [Relu]
[08/20/2026-18:38:24] [V] [TRT] Searching for input: /layer3/layer3.2/Add_output_0
[08/20/2026-18:38:24] [V] [TRT] /layer3/layer3.2/relu_2/Relu [Relu] inputs: [/layer3/layer3.2/Add_output_0 -> (1, 1024, 14, 14)[FLOAT]], 
[08/20/2026-18:38:24] [V] [TRT] Registering layer: /layer3/layer3.2/relu_2/Relu for ONNX node: /layer3/layer3.2/relu_2/Relu
[08/20/2026-18:38:24] [V] [TRT] Registering tensor: /layer3/layer3.2/relu_2/Relu_output_0 for ONNX tensor: /layer3/layer3.2/relu_2/Relu_output_0
[08/20/2026-18:38:24] [V] [TRT] /layer3/layer3.2/relu_2/Relu [Relu] outputs: [/layer3/layer3.2/relu_2/Relu_output_0 -> (1, 1024, 14, 14)[FLOAT]], 
[08/20/2026-18:38:24] [V] [TRT] Static check for parsing node: /layer3/layer3.3/conv1/Conv [Conv]
[08/20/2026-18:38:24] [V] [TRT] Parsing node: /layer3/layer3.3/conv1/Conv [Conv]
[08/20/2026-18:38:24] [V] [TRT] Searching for input: /layer3/layer3.2/relu_2/Relu_output_0
[08/20/2026-18:38:24] [V] [TRT] Searching for input: onnx::Conv_599
[08/20/2026-18:38:24] [V] [TRT] Searching for input: onnx::Conv_600
[08/20/2026-18:38:24] [V] [TRT] /layer3/layer3.3/conv1/Conv [Conv] inputs: [/layer3/layer3.2/relu_2/Relu_output_0 -> (1, 1024, 14, 14)[FLOAT]], [onnx::Conv_599 -> (256, 1024, 1, 1)[FLOAT]], [onnx::Conv_600 -> (256)[FLOAT]], 
[08/20/2026-18:38:24] [V] [TRT] Convolution input dimensions: (1, 1024, 14, 14)
[08/20/2026-18:38:24] [V] [TRT] Registering layer: /layer3/layer3.3/conv1/Conv for ONNX node: /layer3/layer3.3/conv1/Conv
[08/20/2026-18:38:24] [V] [TRT] Using kernel: (1, 1), strides: (1, 1), prepadding: (0, 0), postpadding: (0, 0), dilations: (1, 1), numOutputs: 256, nbGroups: 1
[08/20/2026-18:38:24] [V] [TRT] Convolution output dimensions: (1, 256, 14, 14)
[08/20/2026-18:38:24] [V] [TRT] Registering tensor: /layer3/layer3.3/conv1/Conv_output_0 for ONNX tensor: /layer3/layer3.3/conv1/Conv_output_0
[08/20/2026-18:38:24] [V] [TRT] /layer3/layer3.3/conv1/Conv [Conv] outputs: [/layer3/layer3.3/conv1/Conv_output_0 -> (1, 256, 14, 14)[FLOAT]], 
[08/20/2026-18:38:24] [V] [TRT] Static check for parsing node: /layer3/layer3.3/relu/Relu [Relu]
[08/20/2026-18:38:24] [V] [TRT] Parsing node: /layer3/layer3.3/relu/Relu [Relu]
[08/20/2026-18:38:24] [V] [TRT] Searching for input: /layer3/layer3.3/conv1/Conv_output_0
[08/20/2026-18:38:24] [V] [TRT] /layer3/layer3.3/relu/Relu [Relu] inputs: [/layer3/layer3.3/conv1/Conv_output_0 -> (1, 256, 14, 14)[FLOAT]], 
[08/20/2026-18:38:24] [V] [TRT] Registering layer: /layer3/layer3.3/relu/Relu for ONNX node: /layer3/layer3.3/relu/Relu
[08/20/2026-18:38:24] [V] [TRT] Registering tensor: /layer3/layer3.3/relu/Relu_output_0 for ONNX tensor: /layer3/layer3.3/relu/Relu_output_0
[08/20/2026-18:38:24] [V] [TRT] /layer3/layer3.3/relu/Relu [Relu] outputs: [/layer3/layer3.3/relu/Relu_output_0 -> (1, 256, 14, 14)[FLOAT]], 
[08/20/2026-18:38:24] [V] [TRT] Static check for parsing node: /layer3/layer3.3/conv2/Conv [Conv]
[08/20/2026-18:38:24] [V] [TRT] Parsing node: /layer3/layer3.3/conv2/Conv [Conv]
[08/20/2026-18:38:24] [V] [TRT] Searching for input: /layer3/layer3.3/relu/Relu_output_0
[08/20/2026-18:38:24] [V] [TRT] Searching for input: onnx::Conv_602
[08/20/2026-18:38:24] [V] [TRT] Searching for input: onnx::Conv_603
[08/20/2026-18:38:24] [V] [TRT] /layer3/layer3.3/conv2/Conv [Conv] inputs: [/layer3/layer3.3/relu/Relu_output_0 -> (1, 256, 14, 14)[FLOAT]], [onnx::Conv_602 -> (256, 256, 3, 3)[FLOAT]], [onnx::Conv_603 -> (256)[FLOAT]], 
[08/20/2026-18:38:24] [V] [TRT] Convolution input dimensions: (1, 256, 14, 14)
[08/20/2026-18:38:24] [V] [TRT] Registering layer: /layer3/layer3.3/conv2/Conv for ONNX node: /layer3/layer3.3/conv2/Conv
[08/20/2026-18:38:24] [V] [TRT] Using kernel: (3, 3), strides: (1, 1), prepadding: (1, 1), postpadding: (1, 1), dilations: (1, 1), numOutputs: 256, nbGroups: 1
[08/20/2026-18:38:24] [V] [TRT] Convolution output dimensions: (1, 256, 14, 14)
[08/20/2026-18:38:24] [V] [TRT] Registering tensor: /layer3/layer3.3/conv2/Conv_output_0 for ONNX tensor: /layer3/layer3.3/conv2/Conv_output_0
[08/20/2026-18:38:24] [V] [TRT] /layer3/layer3.3/conv2/Conv [Conv] outputs: [/layer3/layer3.3/conv2/Conv_output_0 -> (1, 256, 14, 14)[FLOAT]], 
[08/20/2026-18:38:24] [V] [TRT] Static check for parsing node: /layer3/layer3.3/relu_1/Relu [Relu]
[08/20/2026-18:38:24] [V] [TRT] Parsing node: /layer3/layer3.3/relu_1/Relu [Relu]
[08/20/2026-18:38:24] [V] [TRT] Searching for input: /layer3/layer3.3/conv2/Conv_output_0
[08/20/2026-18:38:24] [V] [TRT] /layer3/layer3.3/relu_1/Relu [Relu] inputs: [/layer3/layer3.3/conv2/Conv_output_0 -> (1, 256, 14, 14)[FLOAT]], 
[08/20/2026-18:38:24] [V] [TRT] Registering layer: /layer3/layer3.3/relu_1/Relu for ONNX node: /layer3/layer3.3/relu_1/Relu
[08/20/2026-18:38:24] [V] [TRT] Registering tensor: /layer3/layer3.3/relu_1/Relu_output_0 for ONNX tensor: /layer3/layer3.3/relu_1/Relu_output_0
[08/20/2026-18:38:24] [V] [TRT] /layer3/layer3.3/relu_1/Relu [Relu] outputs: [/layer3/layer3.3/relu_1/Relu_output_0 -> (1, 256, 14, 14)[FLOAT]], 
[08/20/2026-18:38:24] [V] [TRT] Static check for parsing node: /layer3/layer3.3/conv3/Conv [Conv]
[08/20/2026-18:38:24] [V] [TRT] Parsing node: /layer3/layer3.3/conv3/Conv [Conv]
[08/20/2026-18:38:24] [V] [TRT] Searching for input: /layer3/layer3.3/relu_1/Relu_output_0
[08/20/2026-18:38:24] [V] [TRT] Searching for input: onnx::Conv_605
[08/20/2026-18:38:24] [V] [TRT] Searching for input: onnx::Conv_606
[08/20/2026-18:38:24] [V] [TRT] /layer3/layer3.3/conv3/Conv [Conv] inputs: [/layer3/layer3.3/relu_1/Relu_output_0 -> (1, 256, 14, 14)[FLOAT]], [onnx::Conv_605 -> (1024, 256, 1, 1)[FLOAT]], [onnx::Conv_606 -> (1024)[FLOAT]], 
[08/20/2026-18:38:24] [V] [TRT] Convolution input dimensions: (1, 256, 14, 14)
[08/20/2026-18:38:24] [V] [TRT] Registering layer: /layer3/layer3.3/conv3/Conv for ONNX node: /layer3/layer3.3/conv3/Conv
[08/20/2026-18:38:24] [V] [TRT] Using kernel: (1, 1), strides: (1, 1), prepadding: (0, 0), postpadding: (0, 0), dilations: (1, 1), numOutputs: 1024, nbGroups: 1
[08/20/2026-18:38:24] [V] [TRT] Convolution output dimensions: (1, 1024, 14, 14)
[08/20/2026-18:38:24] [V] [TRT] Registering tensor: /layer3/layer3.3/conv3/Conv_output_0 for ONNX tensor: /layer3/layer3.3/conv3/Conv_output_0
[08/20/2026-18:38:24] [V] [TRT] /layer3/layer3.3/conv3/Conv [Conv] outputs: [/layer3/layer3.3/conv3/Conv_output_0 -> (1, 1024, 14, 14)[FLOAT]], 
[08/20/2026-18:38:24] [V] [TRT] Static check for parsing node: /layer3/layer3.3/Add [Add]
[08/20/2026-18:38:24] [V] [TRT] Parsing node: /layer3/layer3.3/Add [Add]
[08/20/2026-18:38:24] [V] [TRT] Searching for input: /layer3/layer3.3/conv3/Conv_output_0
[08/20/2026-18:38:24] [V] [TRT] Searching for input: /layer3/layer3.2/relu_2/Relu_output_0
[08/20/2026-18:38:24] [V] [TRT] /layer3/layer3.3/Add [Add] inputs: [/layer3/layer3.3/conv3/Conv_output_0 -> (1, 1024, 14, 14)[FLOAT]], [/layer3/layer3.2/relu_2/Relu_output_0 -> (1, 1024, 14, 14)[FLOAT]], 
[08/20/2026-18:38:24] [V] [TRT] Registering layer: /layer3/layer3.3/Add for ONNX node: /layer3/layer3.3/Add
[08/20/2026-18:38:24] [V] [TRT] Registering tensor: /layer3/layer3.3/Add_output_0 for ONNX tensor: /layer3/layer3.3/Add_output_0
[08/20/2026-18:38:24] [V] [TRT] /layer3/layer3.3/Add [Add] outputs: [/layer3/layer3.3/Add_output_0 -> (1, 1024, 14, 14)[FLOAT]], 
[08/20/2026-18:38:24] [V] [TRT] Static check for parsing node: /layer3/layer3.3/relu_2/Relu [Relu]
[08/20/2026-18:38:24] [V] [TRT] Parsing node: /layer3/layer3.3/relu_2/Relu [Relu]
[08/20/2026-18:38:24] [V] [TRT] Searching for input: /layer3/layer3.3/Add_output_0
[08/20/2026-18:38:24] [V] [TRT] /layer3/layer3.3/relu_2/Relu [Relu] inputs: [/layer3/layer3.3/Add_output_0 -> (1, 1024, 14, 14)[FLOAT]], 
[08/20/2026-18:38:24] [V] [TRT] Registering layer: /layer3/layer3.3/relu_2/Relu for ONNX node: /layer3/layer3.3/relu_2/Relu
[08/20/2026-18:38:24] [V] [TRT] Registering tensor: /layer3/layer3.3/relu_2/Relu_output_0 for ONNX tensor: /layer3/layer3.3/relu_2/Relu_output_0
[08/20/2026-18:38:24] [V] [TRT] /layer3/layer3.3/relu_2/Relu [Relu] outputs: [/layer3/layer3.3/relu_2/Relu_output_0 -> (1, 1024, 14, 14)[FLOAT]], 
[08/20/2026-18:38:24] [V] [TRT] Static check for parsing node: /layer3/layer3.4/conv1/Conv [Conv]
[08/20/2026-18:38:24] [V] [TRT] Parsing node: /layer3/layer3.4/conv1/Conv [Conv]
[08/20/2026-18:38:24] [V] [TRT] Searching for input: /layer3/layer3.3/relu_2/Relu_output_0
[08/20/2026-18:38:24] [V] [TRT] Searching for input: onnx::Conv_608
[08/20/2026-18:38:24] [V] [TRT] Searching for input: onnx::Conv_609
[08/20/2026-18:38:24] [V] [TRT] /layer3/layer3.4/conv1/Conv [Conv] inputs: [/layer3/layer3.3/relu_2/Relu_output_0 -> (1, 1024, 14, 14)[FLOAT]], [onnx::Conv_608 -> (256, 1024, 1, 1)[FLOAT]], [onnx::Conv_609 -> (256)[FLOAT]], 
[08/20/2026-18:38:24] [V] [TRT] Convolution input dimensions: (1, 1024, 14, 14)
[08/20/2026-18:38:24] [V] [TRT] Registering layer: /layer3/layer3.4/conv1/Conv for ONNX node: /layer3/layer3.4/conv1/Conv
[08/20/2026-18:38:24] [V] [TRT] Using kernel: (1, 1), strides: (1, 1), prepadding: (0, 0), postpadding: (0, 0), dilations: (1, 1), numOutputs: 256, nbGroups: 1
[08/20/2026-18:38:24] [V] [TRT] Convolution output dimensions: (1, 256, 14, 14)
[08/20/2026-18:38:24] [V] [TRT] Registering tensor: /layer3/layer3.4/conv1/Conv_output_0 for ONNX tensor: /layer3/layer3.4/conv1/Conv_output_0
[08/20/2026-18:38:24] [V] [TRT] /layer3/layer3.4/conv1/Conv [Conv] outputs: [/layer3/layer3.4/conv1/Conv_output_0 -> (1, 256, 14, 14)[FLOAT]], 
[08/20/2026-18:38:24] [V] [TRT] Static check for parsing node: /layer3/layer3.4/relu/Relu [Relu]
[08/20/2026-18:38:24] [V] [TRT] Parsing node: /layer3/layer3.4/relu/Relu [Relu]
[08/20/2026-18:38:24] [V] [TRT] Searching for input: /layer3/layer3.4/conv1/Conv_output_0
[08/20/2026-18:38:24] [V] [TRT] /layer3/layer3.4/relu/Relu [Relu] inputs: [/layer3/layer3.4/conv1/Conv_output_0 -> (1, 256, 14, 14)[FLOAT]], 
[08/20/2026-18:38:24] [V] [TRT] Registering layer: /layer3/layer3.4/relu/Relu for ONNX node: /layer3/layer3.4/relu/Relu
[08/20/2026-18:38:24] [V] [TRT] Registering tensor: /layer3/layer3.4/relu/Relu_output_0 for ONNX tensor: /layer3/layer3.4/relu/Relu_output_0
[08/20/2026-18:38:24] [V] [TRT] /layer3/layer3.4/relu/Relu [Relu] outputs: [/layer3/layer3.4/relu/Relu_output_0 -> (1, 256, 14, 14)[FLOAT]], 
[08/20/2026-18:38:24] [V] [TRT] Static check for parsing node: /layer3/layer3.4/conv2/Conv [Conv]
[08/20/2026-18:38:24] [V] [TRT] Parsing node: /layer3/layer3.4/conv2/Conv [Conv]
[08/20/2026-18:38:24] [V] [TRT] Searching for input: /layer3/layer3.4/relu/Relu_output_0
[08/20/2026-18:38:24] [V] [TRT] Searching for input: onnx::Conv_611
[08/20/2026-18:38:24] [V] [TRT] Searching for input: onnx::Conv_612
[08/20/2026-18:38:24] [V] [TRT] /layer3/layer3.4/conv2/Conv [Conv] inputs: [/layer3/layer3.4/relu/Relu_output_0 -> (1, 256, 14, 14)[FLOAT]], [onnx::Conv_611 -> (256, 256, 3, 3)[FLOAT]], [onnx::Conv_612 -> (256)[FLOAT]], 
[08/20/2026-18:38:24] [V] [TRT] Convolution input dimensions: (1, 256, 14, 14)
[08/20/2026-18:38:24] [V] [TRT] Registering layer: /layer3/layer3.4/conv2/Conv for ONNX node: /layer3/layer3.4/conv2/Conv
[08/20/2026-18:38:24] [V] [TRT] Using kernel: (3, 3), strides: (1, 1), prepadding: (1, 1), postpadding: (1, 1), dilations: (1, 1), numOutputs: 256, nbGroups: 1
[08/20/2026-18:38:24] [V] [TRT] Convolution output dimensions: (1, 256, 14, 14)
[08/20/2026-18:38:24] [V] [TRT] Registering tensor: /layer3/layer3.4/conv2/Conv_output_0 for ONNX tensor: /layer3/layer3.4/conv2/Conv_output_0
[08/20/2026-18:38:24] [V] [TRT] /layer3/layer3.4/conv2/Conv [Conv] outputs: [/layer3/layer3.4/conv2/Conv_output_0 -> (1, 256, 14, 14)[FLOAT]], 
[08/20/2026-18:38:24] [V] [TRT] Static check for parsing node: /layer3/layer3.4/relu_1/Relu [Relu]
[08/20/2026-18:38:24] [V] [TRT] Parsing node: /layer3/layer3.4/relu_1/Relu [Relu]
[08/20/2026-18:38:24] [V] [TRT] Searching for input: /layer3/layer3.4/conv2/Conv_output_0
[08/20/2026-18:38:24] [V] [TRT] /layer3/layer3.4/relu_1/Relu [Relu] inputs: [/layer3/layer3.4/conv2/Conv_output_0 -> (1, 256, 14, 14)[FLOAT]], 
[08/20/2026-18:38:24] [V] [TRT] Registering layer: /layer3/layer3.4/relu_1/Relu for ONNX node: /layer3/layer3.4/relu_1/Relu
[08/20/2026-18:38:24] [V] [TRT] Registering tensor: /layer3/layer3.4/relu_1/Relu_output_0 for ONNX tensor: /layer3/layer3.4/relu_1/Relu_output_0
[08/20/2026-18:38:24] [V] [TRT] /layer3/layer3.4/relu_1/Relu [Relu] outputs: [/layer3/layer3.4/relu_1/Relu_output_0 -> (1, 256, 14, 14)[FLOAT]], 
[08/20/2026-18:38:24] [V] [TRT] Static check for parsing node: /layer3/layer3.4/conv3/Conv [Conv]
[08/20/2026-18:38:24] [V] [TRT] Parsing node: /layer3/layer3.4/conv3/Conv [Conv]
[08/20/2026-18:38:24] [V] [TRT] Searching for input: /layer3/layer3.4/relu_1/Relu_output_0
[08/20/2026-18:38:24] [V] [TRT] Searching for input: onnx::Conv_614
[08/20/2026-18:38:24] [V] [TRT] Searching for input: onnx::Conv_615
[08/20/2026-18:38:24] [V] [TRT] /layer3/layer3.4/conv3/Conv [Conv] inputs: [/layer3/layer3.4/relu_1/Relu_output_0 -> (1, 256, 14, 14)[FLOAT]], [onnx::Conv_614 -> (1024, 256, 1, 1)[FLOAT]], [onnx::Conv_615 -> (1024)[FLOAT]], 
[08/20/2026-18:38:24] [V] [TRT] Convolution input dimensions: (1, 256, 14, 14)
[08/20/2026-18:38:24] [V] [TRT] Registering layer: /layer3/layer3.4/conv3/Conv for ONNX node: /layer3/layer3.4/conv3/Conv
[08/20/2026-18:38:24] [V] [TRT] Using kernel: (1, 1), strides: (1, 1), prepadding: (0, 0), postpadding: (0, 0), dilations: (1, 1), numOutputs: 1024, nbGroups: 1
[08/20/2026-18:38:24] [V] [TRT] Convolution output dimensions: (1, 1024, 14, 14)
[08/20/2026-18:38:24] [V] [TRT] Registering tensor: /layer3/layer3.4/conv3/Conv_output_0 for ONNX tensor: /layer3/layer3.4/conv3/Conv_output_0
[08/20/2026-18:38:24] [V] [TRT] /layer3/layer3.4/conv3/Conv [Conv] outputs: [/layer3/layer3.4/conv3/Conv_output_0 -> (1, 1024, 14, 14)[FLOAT]], 
[08/20/2026-18:38:24] [V] [TRT] Static check for parsing node: /layer3/layer3.4/Add [Add]
[08/20/2026-18:38:24] [V] [TRT] Parsing node: /layer3/layer3.4/Add [Add]
[08/20/2026-18:38:24] [V] [TRT] Searching for input: /layer3/layer3.4/conv3/Conv_output_0
[08/20/2026-18:38:24] [V] [TRT] Searching for input: /layer3/layer3.3/relu_2/Relu_output_0
[08/20/2026-18:38:24] [V] [TRT] /layer3/layer3.4/Add [Add] inputs: [/layer3/layer3.4/conv3/Conv_output_0 -> (1, 1024, 14, 14)[FLOAT]], [/layer3/layer3.3/relu_2/Relu_output_0 -> (1, 1024, 14, 14)[FLOAT]], 
[08/20/2026-18:38:24] [V] [TRT] Registering layer: /layer3/layer3.4/Add for ONNX node: /layer3/layer3.4/Add
[08/20/2026-18:38:24] [V] [TRT] Registering tensor: /layer3/layer3.4/Add_output_0 for ONNX tensor: /layer3/layer3.4/Add_output_0
[08/20/2026-18:38:24] [V] [TRT] /layer3/layer3.4/Add [Add] outputs: [/layer3/layer3.4/Add_output_0 -> (1, 1024, 14, 14)[FLOAT]], 
[08/20/2026-18:38:24] [V] [TRT] Static check for parsing node: /layer3/layer3.4/relu_2/Relu [Relu]
[08/20/2026-18:38:24] [V] [TRT] Parsing node: /layer3/layer3.4/relu_2/Relu [Relu]
[08/20/2026-18:38:24] [V] [TRT] Searching for input: /layer3/layer3.4/Add_output_0
[08/20/2026-18:38:24] [V] [TRT] /layer3/layer3.4/relu_2/Relu [Relu] inputs: [/layer3/layer3.4/Add_output_0 -> (1, 1024, 14, 14)[FLOAT]], 
[08/20/2026-18:38:24] [V] [TRT] Registering layer: /layer3/layer3.4/relu_2/Relu for ONNX node: /layer3/layer3.4/relu_2/Relu
[08/20/2026-18:38:24] [V] [TRT] Registering tensor: /layer3/layer3.4/relu_2/Relu_output_0 for ONNX tensor: /layer3/layer3.4/relu_2/Relu_output_0
[08/20/2026-18:38:24] [V] [TRT] /layer3/layer3.4/relu_2/Relu [Relu] outputs: [/layer3/layer3.4/relu_2/Relu_output_0 -> (1, 1024, 14, 14)[FLOAT]], 
[08/20/2026-18:38:24] [V] [TRT] Static check for parsing node: /layer3/layer3.5/conv1/Conv [Conv]
[08/20/2026-18:38:24] [V] [TRT] Parsing node: /layer3/layer3.5/conv1/Conv [Conv]
[08/20/2026-18:38:24] [V] [TRT] Searching for input: /layer3/layer3.4/relu_2/Relu_output_0
[08/20/2026-18:38:24] [V] [TRT] Searching for input: onnx::Conv_617
[08/20/2026-18:38:24] [V] [TRT] Searching for input: onnx::Conv_618
[08/20/2026-18:38:24] [V] [TRT] /layer3/layer3.5/conv1/Conv [Conv] inputs: [/layer3/layer3.4/relu_2/Relu_output_0 -> (1, 1024, 14, 14)[FLOAT]], [onnx::Conv_617 -> (256, 1024, 1, 1)[FLOAT]], [onnx::Conv_618 -> (256)[FLOAT]], 
[08/20/2026-18:38:24] [V] [TRT] Convolution input dimensions: (1, 1024, 14, 14)
[08/20/2026-18:38:24] [V] [TRT] Registering layer: /layer3/layer3.5/conv1/Conv for ONNX node: /layer3/layer3.5/conv1/Conv
[08/20/2026-18:38:24] [V] [TRT] Using kernel: (1, 1), strides: (1, 1), prepadding: (0, 0), postpadding: (0, 0), dilations: (1, 1), numOutputs: 256, nbGroups: 1
[08/20/2026-18:38:24] [V] [TRT] Convolution output dimensions: (1, 256, 14, 14)
[08/20/2026-18:38:24] [V] [TRT] Registering tensor: /layer3/layer3.5/conv1/Conv_output_0 for ONNX tensor: /layer3/layer3.5/conv1/Conv_output_0
[08/20/2026-18:38:24] [V] [TRT] /layer3/layer3.5/conv1/Conv [Conv] outputs: [/layer3/layer3.5/conv1/Conv_output_0 -> (1, 256, 14, 14)[FLOAT]], 
[08/20/2026-18:38:24] [V] [TRT] Static check for parsing node: /layer3/layer3.5/relu/Relu [Relu]
[08/20/2026-18:38:24] [V] [TRT] Parsing node: /layer3/layer3.5/relu/Relu [Relu]
[08/20/2026-18:38:24] [V] [TRT] Searching for input: /layer3/layer3.5/conv1/Conv_output_0
[08/20/2026-18:38:24] [V] [TRT] /layer3/layer3.5/relu/Relu [Relu] inputs: [/layer3/layer3.5/conv1/Conv_output_0 -> (1, 256, 14, 14)[FLOAT]], 
[08/20/2026-18:38:24] [V] [TRT] Registering layer: /layer3/layer3.5/relu/Relu for ONNX node: /layer3/layer3.5/relu/Relu
[08/20/2026-18:38:24] [V] [TRT] Registering tensor: /layer3/layer3.5/relu/Relu_output_0 for ONNX tensor: /layer3/layer3.5/relu/Relu_output_0
[08/20/2026-18:38:24] [V] [TRT] /layer3/layer3.5/relu/Relu [Relu] outputs: [/layer3/layer3.5/relu/Relu_output_0 -> (1, 256, 14, 14)[FLOAT]], 
[08/20/2026-18:38:24] [V] [TRT] Static check for parsing node: /layer3/layer3.5/conv2/Conv [Conv]
[08/20/2026-18:38:24] [V] [TRT] Parsing node: /layer3/layer3.5/conv2/Conv [Conv]
[08/20/2026-18:38:24] [V] [TRT] Searching for input: /layer3/layer3.5/relu/Relu_output_0
[08/20/2026-18:38:24] [V] [TRT] Searching for input: onnx::Conv_620
[08/20/2026-18:38:24] [V] [TRT] Searching for input: onnx::Conv_621
[08/20/2026-18:38:24] [V] [TRT] /layer3/layer3.5/conv2/Conv [Conv] inputs: [/layer3/layer3.5/relu/Relu_output_0 -> (1, 256, 14, 14)[FLOAT]], [onnx::Conv_620 -> (256, 256, 3, 3)[FLOAT]], [onnx::Conv_621 -> (256)[FLOAT]], 
[08/20/2026-18:38:24] [V] [TRT] Convolution input dimensions: (1, 256, 14, 14)
[08/20/2026-18:38:24] [V] [TRT] Registering layer: /layer3/layer3.5/conv2/Conv for ONNX node: /layer3/layer3.5/conv2/Conv
[08/20/2026-18:38:24] [V] [TRT] Using kernel: (3, 3), strides: (1, 1), prepadding: (1, 1), postpadding: (1, 1), dilations: (1, 1), numOutputs: 256, nbGroups: 1
[08/20/2026-18:38:24] [V] [TRT] Convolution output dimensions: (1, 256, 14, 14)
[08/20/2026-18:38:24] [V] [TRT] Registering tensor: /layer3/layer3.5/conv2/Conv_output_0 for ONNX tensor: /layer3/layer3.5/conv2/Conv_output_0
[08/20/2026-18:38:24] [V] [TRT] /layer3/layer3.5/conv2/Conv [Conv] outputs: [/layer3/layer3.5/conv2/Conv_output_0 -> (1, 256, 14, 14)[FLOAT]], 
[08/20/2026-18:38:24] [V] [TRT] Static check for parsing node: /layer3/layer3.5/relu_1/Relu [Relu]
[08/20/2026-18:38:24] [V] [TRT] Parsing node: /layer3/layer3.5/relu_1/Relu [Relu]
[08/20/2026-18:38:24] [V] [TRT] Searching for input: /layer3/layer3.5/conv2/Conv_output_0
[08/20/2026-18:38:24] [V] [TRT] /layer3/layer3.5/relu_1/Relu [Relu] inputs: [/layer3/layer3.5/conv2/Conv_output_0 -> (1, 256, 14, 14)[FLOAT]], 
[08/20/2026-18:38:24] [V] [TRT] Registering layer: /layer3/layer3.5/relu_1/Relu for ONNX node: /layer3/layer3.5/relu_1/Relu
[08/20/2026-18:38:24] [V] [TRT] Registering tensor: /layer3/layer3.5/relu_1/Relu_output_0 for ONNX tensor: /layer3/layer3.5/relu_1/Relu_output_0
[08/20/2026-18:38:24] [V] [TRT] /layer3/layer3.5/relu_1/Relu [Relu] outputs: [/layer3/layer3.5/relu_1/Relu_output_0 -> (1, 256, 14, 14)[FLOAT]], 
[08/20/2026-18:38:24] [V] [TRT] Static check for parsing node: /layer3/layer3.5/conv3/Conv [Conv]
[08/20/2026-18:38:24] [V] [TRT] Parsing node: /layer3/layer3.5/conv3/Conv [Conv]
[08/20/2026-18:38:24] [V] [TRT] Searching for input: /layer3/layer3.5/relu_1/Relu_output_0
[08/20/2026-18:38:24] [V] [TRT] Searching for input: onnx::Conv_623
[08/20/2026-18:38:24] [V] [TRT] Searching for input: onnx::Conv_624
[08/20/2026-18:38:24] [V] [TRT] /layer3/layer3.5/conv3/Conv [Conv] inputs: [/layer3/layer3.5/relu_1/Relu_output_0 -> (1, 256, 14, 14)[FLOAT]], [onnx::Conv_623 -> (1024, 256, 1, 1)[FLOAT]], [onnx::Conv_624 -> (1024)[FLOAT]], 
[08/20/2026-18:38:24] [V] [TRT] Convolution input dimensions: (1, 256, 14, 14)
[08/20/2026-18:38:24] [V] [TRT] Registering layer: /layer3/layer3.5/conv3/Conv for ONNX node: /layer3/layer3.5/conv3/Conv
[08/20/2026-18:38:24] [V] [TRT] Using kernel: (1, 1), strides: (1, 1), prepadding: (0, 0), postpadding: (0, 0), dilations: (1, 1), numOutputs: 1024, nbGroups: 1
[08/20/2026-18:38:24] [V] [TRT] Convolution output dimensions: (1, 1024, 14, 14)
[08/20/2026-18:38:24] [V] [TRT] Registering tensor: /layer3/layer3.5/conv3/Conv_output_0 for ONNX tensor: /layer3/layer3.5/conv3/Conv_output_0
[08/20/2026-18:38:24] [V] [TRT] /layer3/layer3.5/conv3/Conv [Conv] outputs: [/layer3/layer3.5/conv3/Conv_output_0 -> (1, 1024, 14, 14)[FLOAT]], 
[08/20/2026-18:38:24] [V] [TRT] Static check for parsing node: /layer3/layer3.5/Add [Add]
[08/20/2026-18:38:24] [V] [TRT] Parsing node: /layer3/layer3.5/Add [Add]
[08/20/2026-18:38:24] [V] [TRT] Searching for input: /layer3/layer3.5/conv3/Conv_output_0
[08/20/2026-18:38:24] [V] [TRT] Searching for input: /layer3/layer3.4/relu_2/Relu_output_0
[08/20/2026-18:38:24] [V] [TRT] /layer3/layer3.5/Add [Add] inputs: [/layer3/layer3.5/conv3/Conv_output_0 -> (1, 1024, 14, 14)[FLOAT]], [/layer3/layer3.4/relu_2/Relu_output_0 -> (1, 1024, 14, 14)[FLOAT]], 
[08/20/2026-18:38:24] [V] [TRT] Registering layer: /layer3/layer3.5/Add for ONNX node: /layer3/layer3.5/Add
[08/20/2026-18:38:24] [V] [TRT] Registering tensor: /layer3/layer3.5/Add_output_0 for ONNX tensor: /layer3/layer3.5/Add_output_0
[08/20/2026-18:38:24] [V] [TRT] /layer3/layer3.5/Add [Add] outputs: [/layer3/layer3.5/Add_output_0 -> (1, 1024, 14, 14)[FLOAT]], 
[08/20/2026-18:38:24] [V] [TRT] Static check for parsing node: /layer3/layer3.5/relu_2/Relu [Relu]
[08/20/2026-18:38:24] [V] [TRT] Parsing node: /layer3/layer3.5/relu_2/Relu [Relu]
[08/20/2026-18:38:24] [V] [TRT] Searching for input: /layer3/layer3.5/Add_output_0
[08/20/2026-18:38:24] [V] [TRT] /layer3/layer3.5/relu_2/Relu [Relu] inputs: [/layer3/layer3.5/Add_output_0 -> (1, 1024, 14, 14)[FLOAT]], 
[08/20/2026-18:38:24] [V] [TRT] Registering layer: /layer3/layer3.5/relu_2/Relu for ONNX node: /layer3/layer3.5/relu_2/Relu
[08/20/2026-18:38:24] [V] [TRT] Registering tensor: /layer3/layer3.5/relu_2/Relu_output_0 for ONNX tensor: /layer3/layer3.5/relu_2/Relu_output_0
[08/20/2026-18:38:24] [V] [TRT] /layer3/layer3.5/relu_2/Relu [Relu] outputs: [/layer3/layer3.5/relu_2/Relu_output_0 -> (1, 1024, 14, 14)[FLOAT]], 
[08/20/2026-18:38:24] [V] [TRT] Static check for parsing node: /layer4/layer4.0/conv1/Conv [Conv]
[08/20/2026-18:38:24] [V] [TRT] Parsing node: /layer4/layer4.0/conv1/Conv [Conv]
[08/20/2026-18:38:24] [V] [TRT] Searching for input: /layer3/layer3.5/relu_2/Relu_output_0
[08/20/2026-18:38:24] [V] [TRT] Searching for input: onnx::Conv_626
[08/20/2026-18:38:24] [V] [TRT] Searching for input: onnx::Conv_627
[08/20/2026-18:38:24] [V] [TRT] /layer4/layer4.0/conv1/Conv [Conv] inputs: [/layer3/layer3.5/relu_2/Relu_output_0 -> (1, 1024, 14, 14)[FLOAT]], [onnx::Conv_626 -> (512, 1024, 1, 1)[FLOAT]], [onnx::Conv_627 -> (512)[FLOAT]], 
[08/20/2026-18:38:24] [V] [TRT] Convolution input dimensions: (1, 1024, 14, 14)
[08/20/2026-18:38:24] [V] [TRT] Registering layer: /layer4/layer4.0/conv1/Conv for ONNX node: /layer4/layer4.0/conv1/Conv
[08/20/2026-18:38:24] [V] [TRT] Using kernel: (1, 1), strides: (1, 1), prepadding: (0, 0), postpadding: (0, 0), dilations: (1, 1), numOutputs: 512, nbGroups: 1
[08/20/2026-18:38:24] [V] [TRT] Convolution output dimensions: (1, 512, 14, 14)
[08/20/2026-18:38:24] [V] [TRT] Registering tensor: /layer4/layer4.0/conv1/Conv_output_0 for ONNX tensor: /layer4/layer4.0/conv1/Conv_output_0
[08/20/2026-18:38:24] [V] [TRT] /layer4/layer4.0/conv1/Conv [Conv] outputs: [/layer4/layer4.0/conv1/Conv_output_0 -> (1, 512, 14, 14)[FLOAT]], 
[08/20/2026-18:38:24] [V] [TRT] Static check for parsing node: /layer4/layer4.0/relu/Relu [Relu]
[08/20/2026-18:38:24] [V] [TRT] Parsing node: /layer4/layer4.0/relu/Relu [Relu]
[08/20/2026-18:38:24] [V] [TRT] Searching for input: /layer4/layer4.0/conv1/Conv_output_0
[08/20/2026-18:38:24] [V] [TRT] /layer4/layer4.0/relu/Relu [Relu] inputs: [/layer4/layer4.0/conv1/Conv_output_0 -> (1, 512, 14, 14)[FLOAT]], 
[08/20/2026-18:38:24] [V] [TRT] Registering layer: /layer4/layer4.0/relu/Relu for ONNX node: /layer4/layer4.0/relu/Relu
[08/20/2026-18:38:24] [V] [TRT] Registering tensor: /layer4/layer4.0/relu/Relu_output_0 for ONNX tensor: /layer4/layer4.0/relu/Relu_output_0
[08/20/2026-18:38:24] [V] [TRT] /layer4/layer4.0/relu/Relu [Relu] outputs: [/layer4/layer4.0/relu/Relu_output_0 -> (1, 512, 14, 14)[FLOAT]], 
[08/20/2026-18:38:24] [V] [TRT] Static check for parsing node: /layer4/layer4.0/conv2/Conv [Conv]
[08/20/2026-18:38:24] [V] [TRT] Parsing node: /layer4/layer4.0/conv2/Conv [Conv]
[08/20/2026-18:38:24] [V] [TRT] Searching for input: /layer4/layer4.0/relu/Relu_output_0
[08/20/2026-18:38:24] [V] [TRT] Searching for input: onnx::Conv_629
[08/20/2026-18:38:24] [V] [TRT] Searching for input: onnx::Conv_630
[08/20/2026-18:38:24] [V] [TRT] /layer4/layer4.0/conv2/Conv [Conv] inputs: [/layer4/layer4.0/relu/Relu_output_0 -> (1, 512, 14, 14)[FLOAT]], [onnx::Conv_629 -> (512, 512, 3, 3)[FLOAT]], [onnx::Conv_630 -> (512)[FLOAT]], 
[08/20/2026-18:38:24] [V] [TRT] Convolution input dimensions: (1, 512, 14, 14)
[08/20/2026-18:38:24] [V] [TRT] Registering layer: /layer4/layer4.0/conv2/Conv for ONNX node: /layer4/layer4.0/conv2/Conv
[08/20/2026-18:38:24] [V] [TRT] Using kernel: (3, 3), strides: (2, 2), prepadding: (1, 1), postpadding: (1, 1), dilations: (1, 1), numOutputs: 512, nbGroups: 1
[08/20/2026-18:38:24] [V] [TRT] Convolution output dimensions: (1, 512, 7, 7)
[08/20/2026-18:38:24] [V] [TRT] Registering tensor: /layer4/layer4.0/conv2/Conv_output_0 for ONNX tensor: /layer4/layer4.0/conv2/Conv_output_0
[08/20/2026-18:38:24] [V] [TRT] /layer4/layer4.0/conv2/Conv [Conv] outputs: [/layer4/layer4.0/conv2/Conv_output_0 -> (1, 512, 7, 7)[FLOAT]], 
[08/20/2026-18:38:24] [V] [TRT] Static check for parsing node: /layer4/layer4.0/relu_1/Relu [Relu]
[08/20/2026-18:38:24] [V] [TRT] Parsing node: /layer4/layer4.0/relu_1/Relu [Relu]
[08/20/2026-18:38:24] [V] [TRT] Searching for input: /layer4/layer4.0/conv2/Conv_output_0
[08/20/2026-18:38:24] [V] [TRT] /layer4/layer4.0/relu_1/Relu [Relu] inputs: [/layer4/layer4.0/conv2/Conv_output_0 -> (1, 512, 7, 7)[FLOAT]], 
[08/20/2026-18:38:24] [V] [TRT] Registering layer: /layer4/layer4.0/relu_1/Relu for ONNX node: /layer4/layer4.0/relu_1/Relu
[08/20/2026-18:38:24] [V] [TRT] Registering tensor: /layer4/layer4.0/relu_1/Relu_output_0 for ONNX tensor: /layer4/layer4.0/relu_1/Relu_output_0
[08/20/2026-18:38:24] [V] [TRT] /layer4/layer4.0/relu_1/Relu [Relu] outputs: [/layer4/layer4.0/relu_1/Relu_output_0 -> (1, 512, 7, 7)[FLOAT]], 
[08/20/2026-18:38:24] [V] [TRT] Static check for parsing node: /layer4/layer4.0/conv3/Conv [Conv]
[08/20/2026-18:38:24] [V] [TRT] Parsing node: /layer4/layer4.0/conv3/Conv [Conv]
[08/20/2026-18:38:24] [V] [TRT] Searching for input: /layer4/layer4.0/relu_1/Relu_output_0
[08/20/2026-18:38:24] [V] [TRT] Searching for input: onnx::Conv_632
[08/20/2026-18:38:24] [V] [TRT] Searching for input: onnx::Conv_633
[08/20/2026-18:38:24] [V] [TRT] /layer4/layer4.0/conv3/Conv [Conv] inputs: [/layer4/layer4.0/relu_1/Relu_output_0 -> (1, 512, 7, 7)[FLOAT]], [onnx::Conv_632 -> (2048, 512, 1, 1)[FLOAT]], [onnx::Conv_633 -> (2048)[FLOAT]], 
[08/20/2026-18:38:24] [V] [TRT] Convolution input dimensions: (1, 512, 7, 7)
[08/20/2026-18:38:24] [V] [TRT] Registering layer: /layer4/layer4.0/conv3/Conv for ONNX node: /layer4/layer4.0/conv3/Conv
[08/20/2026-18:38:24] [V] [TRT] Using kernel: (1, 1), strides: (1, 1), prepadding: (0, 0), postpadding: (0, 0), dilations: (1, 1), numOutputs: 2048, nbGroups: 1
[08/20/2026-18:38:24] [V] [TRT] Convolution output dimensions: (1, 2048, 7, 7)
[08/20/2026-18:38:24] [V] [TRT] Registering tensor: /layer4/layer4.0/conv3/Conv_output_0 for ONNX tensor: /layer4/layer4.0/conv3/Conv_output_0
[08/20/2026-18:38:24] [V] [TRT] /layer4/layer4.0/conv3/Conv [Conv] outputs: [/layer4/layer4.0/conv3/Conv_output_0 -> (1, 2048, 7, 7)[FLOAT]], 
[08/20/2026-18:38:24] [V] [TRT] Static check for parsing node: /layer4/layer4.0/downsample/downsample.0/Conv [Conv]
[08/20/2026-18:38:24] [V] [TRT] Parsing node: /layer4/layer4.0/downsample/downsample.0/Conv [Conv]
[08/20/2026-18:38:24] [V] [TRT] Searching for input: /layer3/layer3.5/relu_2/Relu_output_0
[08/20/2026-18:38:24] [V] [TRT] Searching for input: onnx::Conv_635
[08/20/2026-18:38:24] [V] [TRT] Searching for input: onnx::Conv_636
[08/20/2026-18:38:24] [V] [TRT] /layer4/layer4.0/downsample/downsample.0/Conv [Conv] inputs: [/layer3/layer3.5/relu_2/Relu_output_0 -> (1, 1024, 14, 14)[FLOAT]], [onnx::Conv_635 -> (2048, 1024, 1, 1)[FLOAT]], [onnx::Conv_636 -> (2048)[FLOAT]], 
[08/20/2026-18:38:24] [V] [TRT] Convolution input dimensions: (1, 1024, 14, 14)
[08/20/2026-18:38:24] [V] [TRT] Registering layer: /layer4/layer4.0/downsample/downsample.0/Conv for ONNX node: /layer4/layer4.0/downsample/downsample.0/Conv
[08/20/2026-18:38:24] [V] [TRT] Using kernel: (1, 1), strides: (2, 2), prepadding: (0, 0), postpadding: (0, 0), dilations: (1, 1), numOutputs: 2048, nbGroups: 1
[08/20/2026-18:38:24] [V] [TRT] Convolution output dimensions: (1, 2048, 7, 7)
[08/20/2026-18:38:24] [V] [TRT] Registering tensor: /layer4/layer4.0/downsample/downsample.0/Conv_output_0 for ONNX tensor: /layer4/layer4.0/downsample/downsample.0/Conv_output_0
[08/20/2026-18:38:24] [V] [TRT] /layer4/layer4.0/downsample/downsample.0/Conv [Conv] outputs: [/layer4/layer4.0/downsample/downsample.0/Conv_output_0 -> (1, 2048, 7, 7)[FLOAT]], 
[08/20/2026-18:38:24] [V] [TRT] Static check for parsing node: /layer4/layer4.0/Add [Add]
[08/20/2026-18:38:24] [V] [TRT] Parsing node: /layer4/layer4.0/Add [Add]
[08/20/2026-18:38:24] [V] [TRT] Searching for input: /layer4/layer4.0/conv3/Conv_output_0
[08/20/2026-18:38:24] [V] [TRT] Searching for input: /layer4/layer4.0/downsample/downsample.0/Conv_output_0
[08/20/2026-18:38:24] [V] [TRT] /layer4/layer4.0/Add [Add] inputs: [/layer4/layer4.0/conv3/Conv_output_0 -> (1, 2048, 7, 7)[FLOAT]], [/layer4/layer4.0/downsample/downsample.0/Conv_output_0 -> (1, 2048, 7, 7)[FLOAT]], 
[08/20/2026-18:38:24] [V] [TRT] Registering layer: /layer4/layer4.0/Add for ONNX node: /layer4/layer4.0/Add
[08/20/2026-18:38:24] [V] [TRT] Registering tensor: /layer4/layer4.0/Add_output_0 for ONNX tensor: /layer4/layer4.0/Add_output_0
[08/20/2026-18:38:24] [V] [TRT] /layer4/layer4.0/Add [Add] outputs: [/layer4/layer4.0/Add_output_0 -> (1, 2048, 7, 7)[FLOAT]], 
[08/20/2026-18:38:24] [V] [TRT] Static check for parsing node: /layer4/layer4.0/relu_2/Relu [Relu]
[08/20/2026-18:38:24] [V] [TRT] Parsing node: /layer4/layer4.0/relu_2/Relu [Relu]
[08/20/2026-18:38:24] [V] [TRT] Searching for input: /layer4/layer4.0/Add_output_0
[08/20/2026-18:38:24] [V] [TRT] /layer4/layer4.0/relu_2/Relu [Relu] inputs: [/layer4/layer4.0/Add_output_0 -> (1, 2048, 7, 7)[FLOAT]], 
[08/20/2026-18:38:24] [V] [TRT] Registering layer: /layer4/layer4.0/relu_2/Relu for ONNX node: /layer4/layer4.0/relu_2/Relu
[08/20/2026-18:38:24] [V] [TRT] Registering tensor: /layer4/layer4.0/relu_2/Relu_output_0 for ONNX tensor: /layer4/layer4.0/relu_2/Relu_output_0
[08/20/2026-18:38:24] [V] [TRT] /layer4/layer4.0/relu_2/Relu [Relu] outputs: [/layer4/layer4.0/relu_2/Relu_output_0 -> (1, 2048, 7, 7)[FLOAT]], 
[08/20/2026-18:38:24] [V] [TRT] Static check for parsing node: /layer4/layer4.1/conv1/Conv [Conv]
[08/20/2026-18:38:24] [V] [TRT] Parsing node: /layer4/layer4.1/conv1/Conv [Conv]
[08/20/2026-18:38:24] [V] [TRT] Searching for input: /layer4/layer4.0/relu_2/Relu_output_0
[08/20/2026-18:38:24] [V] [TRT] Searching for input: onnx::Conv_638
[08/20/2026-18:38:24] [V] [TRT] Searching for input: onnx::Conv_639
[08/20/2026-18:38:24] [V] [TRT] /layer4/layer4.1/conv1/Conv [Conv] inputs: [/layer4/layer4.0/relu_2/Relu_output_0 -> (1, 2048, 7, 7)[FLOAT]], [onnx::Conv_638 -> (512, 2048, 1, 1)[FLOAT]], [onnx::Conv_639 -> (512)[FLOAT]], 
[08/20/2026-18:38:24] [V] [TRT] Convolution input dimensions: (1, 2048, 7, 7)
[08/20/2026-18:38:24] [V] [TRT] Registering layer: /layer4/layer4.1/conv1/Conv for ONNX node: /layer4/layer4.1/conv1/Conv
[08/20/2026-18:38:24] [V] [TRT] Using kernel: (1, 1), strides: (1, 1), prepadding: (0, 0), postpadding: (0, 0), dilations: (1, 1), numOutputs: 512, nbGroups: 1
[08/20/2026-18:38:24] [V] [TRT] Convolution output dimensions: (1, 512, 7, 7)
[08/20/2026-18:38:24] [V] [TRT] Registering tensor: /layer4/layer4.1/conv1/Conv_output_0 for ONNX tensor: /layer4/layer4.1/conv1/Conv_output_0
[08/20/2026-18:38:24] [V] [TRT] /layer4/layer4.1/conv1/Conv [Conv] outputs: [/layer4/layer4.1/conv1/Conv_output_0 -> (1, 512, 7, 7)[FLOAT]], 
[08/20/2026-18:38:24] [V] [TRT] Static check for parsing node: /layer4/layer4.1/relu/Relu [Relu]
[08/20/2026-18:38:24] [V] [TRT] Parsing node: /layer4/layer4.1/relu/Relu [Relu]
[08/20/2026-18:38:24] [V] [TRT] Searching for input: /layer4/layer4.1/conv1/Conv_output_0
[08/20/2026-18:38:24] [V] [TRT] /layer4/layer4.1/relu/Relu [Relu] inputs: [/layer4/layer4.1/conv1/Conv_output_0 -> (1, 512, 7, 7)[FLOAT]], 
[08/20/2026-18:38:24] [V] [TRT] Registering layer: /layer4/layer4.1/relu/Relu for ONNX node: /layer4/layer4.1/relu/Relu
[08/20/2026-18:38:24] [V] [TRT] Registering tensor: /layer4/layer4.1/relu/Relu_output_0 for ONNX tensor: /layer4/layer4.1/relu/Relu_output_0
[08/20/2026-18:38:24] [V] [TRT] /layer4/layer4.1/relu/Relu [Relu] outputs: [/layer4/layer4.1/relu/Relu_output_0 -> (1, 512, 7, 7)[FLOAT]], 
[08/20/2026-18:38:24] [V] [TRT] Static check for parsing node: /layer4/layer4.1/conv2/Conv [Conv]
[08/20/2026-18:38:24] [V] [TRT] Parsing node: /layer4/layer4.1/conv2/Conv [Conv]
[08/20/2026-18:38:24] [V] [TRT] Searching for input: /layer4/layer4.1/relu/Relu_output_0
[08/20/2026-18:38:24] [V] [TRT] Searching for input: onnx::Conv_641
[08/20/2026-18:38:24] [V] [TRT] Searching for input: onnx::Conv_642
[08/20/2026-18:38:24] [V] [TRT] /layer4/layer4.1/conv2/Conv [Conv] inputs: [/layer4/layer4.1/relu/Relu_output_0 -> (1, 512, 7, 7)[FLOAT]], [onnx::Conv_641 -> (512, 512, 3, 3)[FLOAT]], [onnx::Conv_642 -> (512)[FLOAT]], 
[08/20/2026-18:38:24] [V] [TRT] Convolution input dimensions: (1, 512, 7, 7)
[08/20/2026-18:38:24] [V] [TRT] Registering layer: /layer4/layer4.1/conv2/Conv for ONNX node: /layer4/layer4.1/conv2/Conv
[08/20/2026-18:38:24] [V] [TRT] Using kernel: (3, 3), strides: (1, 1), prepadding: (1, 1), postpadding: (1, 1), dilations: (1, 1), numOutputs: 512, nbGroups: 1
[08/20/2026-18:38:24] [V] [TRT] Convolution output dimensions: (1, 512, 7, 7)
[08/20/2026-18:38:24] [V] [TRT] Registering tensor: /layer4/layer4.1/conv2/Conv_output_0 for ONNX tensor: /layer4/layer4.1/conv2/Conv_output_0
[08/20/2026-18:38:24] [V] [TRT] /layer4/layer4.1/conv2/Conv [Conv] outputs: [/layer4/layer4.1/conv2/Conv_output_0 -> (1, 512, 7, 7)[FLOAT]], 
[08/20/2026-18:38:24] [V] [TRT] Static check for parsing node: /layer4/layer4.1/relu_1/Relu [Relu]
[08/20/2026-18:38:24] [V] [TRT] Parsing node: /layer4/layer4.1/relu_1/Relu [Relu]
[08/20/2026-18:38:24] [V] [TRT] Searching for input: /layer4/layer4.1/conv2/Conv_output_0
[08/20/2026-18:38:24] [V] [TRT] /layer4/layer4.1/relu_1/Relu [Relu] inputs: [/layer4/layer4.1/conv2/Conv_output_0 -> (1, 512, 7, 7)[FLOAT]], 
[08/20/2026-18:38:24] [V] [TRT] Registering layer: /layer4/layer4.1/relu_1/Relu for ONNX node: /layer4/layer4.1/relu_1/Relu
[08/20/2026-18:38:24] [V] [TRT] Registering tensor: /layer4/layer4.1/relu_1/Relu_output_0 for ONNX tensor: /layer4/layer4.1/relu_1/Relu_output_0
[08/20/2026-18:38:24] [V] [TRT] /layer4/layer4.1/relu_1/Relu [Relu] outputs: [/layer4/layer4.1/relu_1/Relu_output_0 -> (1, 512, 7, 7)[FLOAT]], 
[08/20/2026-18:38:24] [V] [TRT] Static check for parsing node: /layer4/layer4.1/conv3/Conv [Conv]
[08/20/2026-18:38:24] [V] [TRT] Parsing node: /layer4/layer4.1/conv3/Conv [Conv]
[08/20/2026-18:38:24] [V] [TRT] Searching for input: /layer4/layer4.1/relu_1/Relu_output_0
[08/20/2026-18:38:24] [V] [TRT] Searching for input: onnx::Conv_644
[08/20/2026-18:38:24] [V] [TRT] Searching for input: onnx::Conv_645
[08/20/2026-18:38:24] [V] [TRT] /layer4/layer4.1/conv3/Conv [Conv] inputs: [/layer4/layer4.1/relu_1/Relu_output_0 -> (1, 512, 7, 7)[FLOAT]], [onnx::Conv_644 -> (2048, 512, 1, 1)[FLOAT]], [onnx::Conv_645 -> (2048)[FLOAT]], 
[08/20/2026-18:38:24] [V] [TRT] Convolution input dimensions: (1, 512, 7, 7)
[08/20/2026-18:38:24] [V] [TRT] Registering layer: /layer4/layer4.1/conv3/Conv for ONNX node: /layer4/layer4.1/conv3/Conv
[08/20/2026-18:38:24] [V] [TRT] Using kernel: (1, 1), strides: (1, 1), prepadding: (0, 0), postpadding: (0, 0), dilations: (1, 1), numOutputs: 2048, nbGroups: 1
[08/20/2026-18:38:24] [V] [TRT] Convolution output dimensions: (1, 2048, 7, 7)
[08/20/2026-18:38:24] [V] [TRT] Registering tensor: /layer4/layer4.1/conv3/Conv_output_0 for ONNX tensor: /layer4/layer4.1/conv3/Conv_output_0
[08/20/2026-18:38:24] [V] [TRT] /layer4/layer4.1/conv3/Conv [Conv] outputs: [/layer4/layer4.1/conv3/Conv_output_0 -> (1, 2048, 7, 7)[FLOAT]], 
[08/20/2026-18:38:24] [V] [TRT] Static check for parsing node: /layer4/layer4.1/Add [Add]
[08/20/2026-18:38:24] [V] [TRT] Parsing node: /layer4/layer4.1/Add [Add]
[08/20/2026-18:38:24] [V] [TRT] Searching for input: /layer4/layer4.1/conv3/Conv_output_0
[08/20/2026-18:38:24] [V] [TRT] Searching for input: /layer4/layer4.0/relu_2/Relu_output_0
[08/20/2026-18:38:24] [V] [TRT] /layer4/layer4.1/Add [Add] inputs: [/layer4/layer4.1/conv3/Conv_output_0 -> (1, 2048, 7, 7)[FLOAT]], [/layer4/layer4.0/relu_2/Relu_output_0 -> (1, 2048, 7, 7)[FLOAT]], 
[08/20/2026-18:38:24] [V] [TRT] Registering layer: /layer4/layer4.1/Add for ONNX node: /layer4/layer4.1/Add
[08/20/2026-18:38:24] [V] [TRT] Registering tensor: /layer4/layer4.1/Add_output_0 for ONNX tensor: /layer4/layer4.1/Add_output_0
[08/20/2026-18:38:24] [V] [TRT] /layer4/layer4.1/Add [Add] outputs: [/layer4/layer4.1/Add_output_0 -> (1, 2048, 7, 7)[FLOAT]], 
[08/20/2026-18:38:24] [V] [TRT] Static check for parsing node: /layer4/layer4.1/relu_2/Relu [Relu]
[08/20/2026-18:38:24] [V] [TRT] Parsing node: /layer4/layer4.1/relu_2/Relu [Relu]
[08/20/2026-18:38:24] [V] [TRT] Searching for input: /layer4/layer4.1/Add_output_0
[08/20/2026-18:38:24] [V] [TRT] /layer4/layer4.1/relu_2/Relu [Relu] inputs: [/layer4/layer4.1/Add_output_0 -> (1, 2048, 7, 7)[FLOAT]], 
[08/20/2026-18:38:24] [V] [TRT] Registering layer: /layer4/layer4.1/relu_2/Relu for ONNX node: /layer4/layer4.1/relu_2/Relu
[08/20/2026-18:38:24] [V] [TRT] Registering tensor: /layer4/layer4.1/relu_2/Relu_output_0 for ONNX tensor: /layer4/layer4.1/relu_2/Relu_output_0
[08/20/2026-18:38:24] [V] [TRT] /layer4/layer4.1/relu_2/Relu [Relu] outputs: [/layer4/layer4.1/relu_2/Relu_output_0 -> (1, 2048, 7, 7)[FLOAT]], 
[08/20/2026-18:38:24] [V] [TRT] Static check for parsing node: /layer4/layer4.2/conv1/Conv [Conv]
[08/20/2026-18:38:24] [V] [TRT] Parsing node: /layer4/layer4.2/conv1/Conv [Conv]
[08/20/2026-18:38:24] [V] [TRT] Searching for input: /layer4/layer4.1/relu_2/Relu_output_0
[08/20/2026-18:38:24] [V] [TRT] Searching for input: onnx::Conv_647
[08/20/2026-18:38:24] [V] [TRT] Searching for input: onnx::Conv_648
[08/20/2026-18:38:24] [V] [TRT] /layer4/layer4.2/conv1/Conv [Conv] inputs: [/layer4/layer4.1/relu_2/Relu_output_0 -> (1, 2048, 7, 7)[FLOAT]], [onnx::Conv_647 -> (512, 2048, 1, 1)[FLOAT]], [onnx::Conv_648 -> (512)[FLOAT]], 
[08/20/2026-18:38:24] [V] [TRT] Convolution input dimensions: (1, 2048, 7, 7)
[08/20/2026-18:38:24] [V] [TRT] Registering layer: /layer4/layer4.2/conv1/Conv for ONNX node: /layer4/layer4.2/conv1/Conv
[08/20/2026-18:38:24] [V] [TRT] Using kernel: (1, 1), strides: (1, 1), prepadding: (0, 0), postpadding: (0, 0), dilations: (1, 1), numOutputs: 512, nbGroups: 1
[08/20/2026-18:38:24] [V] [TRT] Convolution output dimensions: (1, 512, 7, 7)
[08/20/2026-18:38:24] [V] [TRT] Registering tensor: /layer4/layer4.2/conv1/Conv_output_0 for ONNX tensor: /layer4/layer4.2/conv1/Conv_output_0
[08/20/2026-18:38:24] [V] [TRT] /layer4/layer4.2/conv1/Conv [Conv] outputs: [/layer4/layer4.2/conv1/Conv_output_0 -> (1, 512, 7, 7)[FLOAT]], 
[08/20/2026-18:38:24] [V] [TRT] Static check for parsing node: /layer4/layer4.2/relu/Relu [Relu]
[08/20/2026-18:38:24] [V] [TRT] Parsing node: /layer4/layer4.2/relu/Relu [Relu]
[08/20/2026-18:38:24] [V] [TRT] Searching for input: /layer4/layer4.2/conv1/Conv_output_0
[08/20/2026-18:38:24] [V] [TRT] /layer4/layer4.2/relu/Relu [Relu] inputs: [/layer4/layer4.2/conv1/Conv_output_0 -> (1, 512, 7, 7)[FLOAT]], 
[08/20/2026-18:38:24] [V] [TRT] Registering layer: /layer4/layer4.2/relu/Relu for ONNX node: /layer4/layer4.2/relu/Relu
[08/20/2026-18:38:24] [V] [TRT] Registering tensor: /layer4/layer4.2/relu/Relu_output_0 for ONNX tensor: /layer4/layer4.2/relu/Relu_output_0
[08/20/2026-18:38:24] [V] [TRT] /layer4/layer4.2/relu/Relu [Relu] outputs: [/layer4/layer4.2/relu/Relu_output_0 -> (1, 512, 7, 7)[FLOAT]], 
[08/20/2026-18:38:24] [V] [TRT] Static check for parsing node: /layer4/layer4.2/conv2/Conv [Conv]
[08/20/2026-18:38:24] [V] [TRT] Parsing node: /layer4/layer4.2/conv2/Conv [Conv]
[08/20/2026-18:38:24] [V] [TRT] Searching for input: /layer4/layer4.2/relu/Relu_output_0
[08/20/2026-18:38:24] [V] [TRT] Searching for input: onnx::Conv_650
[08/20/2026-18:38:24] [V] [TRT] Searching for input: onnx::Conv_651
[08/20/2026-18:38:24] [V] [TRT] /layer4/layer4.2/conv2/Conv [Conv] inputs: [/layer4/layer4.2/relu/Relu_output_0 -> (1, 512, 7, 7)[FLOAT]], [onnx::Conv_650 -> (512, 512, 3, 3)[FLOAT]], [onnx::Conv_651 -> (512)[FLOAT]], 
[08/20/2026-18:38:24] [V] [TRT] Convolution input dimensions: (1, 512, 7, 7)
[08/20/2026-18:38:24] [V] [TRT] Registering layer: /layer4/layer4.2/conv2/Conv for ONNX node: /layer4/layer4.2/conv2/Conv
[08/20/2026-18:38:24] [V] [TRT] Using kernel: (3, 3), strides: (1, 1), prepadding: (1, 1), postpadding: (1, 1), dilations: (1, 1), numOutputs: 512, nbGroups: 1
[08/20/2026-18:38:24] [V] [TRT] Convolution output dimensions: (1, 512, 7, 7)
[08/20/2026-18:38:24] [V] [TRT] Registering tensor: /layer4/layer4.2/conv2/Conv_output_0 for ONNX tensor: /layer4/layer4.2/conv2/Conv_output_0
[08/20/2026-18:38:24] [V] [TRT] /layer4/layer4.2/conv2/Conv [Conv] outputs: [/layer4/layer4.2/conv2/Conv_output_0 -> (1, 512, 7, 7)[FLOAT]], 
[08/20/2026-18:38:24] [V] [TRT] Static check for parsing node: /layer4/layer4.2/relu_1/Relu [Relu]
[08/20/2026-18:38:24] [V] [TRT] Parsing node: /layer4/layer4.2/relu_1/Relu [Relu]
[08/20/2026-18:38:24] [V] [TRT] Searching for input: /layer4/layer4.2/conv2/Conv_output_0
[08/20/2026-18:38:24] [V] [TRT] /layer4/layer4.2/relu_1/Relu [Relu] inputs: [/layer4/layer4.2/conv2/Conv_output_0 -> (1, 512, 7, 7)[FLOAT]], 
[08/20/2026-18:38:24] [V] [TRT] Registering layer: /layer4/layer4.2/relu_1/Relu for ONNX node: /layer4/layer4.2/relu_1/Relu
[08/20/2026-18:38:24] [V] [TRT] Registering tensor: /layer4/layer4.2/relu_1/Relu_output_0 for ONNX tensor: /layer4/layer4.2/relu_1/Relu_output_0
[08/20/2026-18:38:24] [V] [TRT] /layer4/layer4.2/relu_1/Relu [Relu] outputs: [/layer4/layer4.2/relu_1/Relu_output_0 -> (1, 512, 7, 7)[FLOAT]], 
[08/20/2026-18:38:24] [V] [TRT] Static check for parsing node: /layer4/layer4.2/conv3/Conv [Conv]
[08/20/2026-18:38:24] [V] [TRT] Parsing node: /layer4/layer4.2/conv3/Conv [Conv]
[08/20/2026-18:38:24] [V] [TRT] Searching for input: /layer4/layer4.2/relu_1/Relu_output_0
[08/20/2026-18:38:24] [V] [TRT] Searching for input: onnx::Conv_653
[08/20/2026-18:38:24] [V] [TRT] Searching for input: onnx::Conv_654
[08/20/2026-18:38:24] [V] [TRT] /layer4/layer4.2/conv3/Conv [Conv] inputs: [/layer4/layer4.2/relu_1/Relu_output_0 -> (1, 512, 7, 7)[FLOAT]], [onnx::Conv_653 -> (2048, 512, 1, 1)[FLOAT]], [onnx::Conv_654 -> (2048)[FLOAT]], 
[08/20/2026-18:38:24] [V] [TRT] Convolution input dimensions: (1, 512, 7, 7)
[08/20/2026-18:38:24] [V] [TRT] Registering layer: /layer4/layer4.2/conv3/Conv for ONNX node: /layer4/layer4.2/conv3/Conv
[08/20/2026-18:38:24] [V] [TRT] Using kernel: (1, 1), strides: (1, 1), prepadding: (0, 0), postpadding: (0, 0), dilations: (1, 1), numOutputs: 2048, nbGroups: 1
[08/20/2026-18:38:24] [V] [TRT] Convolution output dimensions: (1, 2048, 7, 7)
[08/20/2026-18:38:24] [V] [TRT] Registering tensor: /layer4/layer4.2/conv3/Conv_output_0 for ONNX tensor: /layer4/layer4.2/conv3/Conv_output_0
[08/20/2026-18:38:24] [V] [TRT] /layer4/layer4.2/conv3/Conv [Conv] outputs: [/layer4/layer4.2/conv3/Conv_output_0 -> (1, 2048, 7, 7)[FLOAT]], 
[08/20/2026-18:38:24] [V] [TRT] Static check for parsing node: /layer4/layer4.2/Add [Add]
[08/20/2026-18:38:24] [V] [TRT] Parsing node: /layer4/layer4.2/Add [Add]
[08/20/2026-18:38:24] [V] [TRT] Searching for input: /layer4/layer4.2/conv3/Conv_output_0
[08/20/2026-18:38:24] [V] [TRT] Searching for input: /layer4/layer4.1/relu_2/Relu_output_0
[08/20/2026-18:38:24] [V] [TRT] /layer4/layer4.2/Add [Add] inputs: [/layer4/layer4.2/conv3/Conv_output_0 -> (1, 2048, 7, 7)[FLOAT]], [/layer4/layer4.1/relu_2/Relu_output_0 -> (1, 2048, 7, 7)[FLOAT]], 
[08/20/2026-18:38:24] [V] [TRT] Registering layer: /layer4/layer4.2/Add for ONNX node: /layer4/layer4.2/Add
[08/20/2026-18:38:24] [V] [TRT] Registering tensor: /layer4/layer4.2/Add_output_0 for ONNX tensor: /layer4/layer4.2/Add_output_0
[08/20/2026-18:38:24] [V] [TRT] /layer4/layer4.2/Add [Add] outputs: [/layer4/layer4.2/Add_output_0 -> (1, 2048, 7, 7)[FLOAT]], 
[08/20/2026-18:38:24] [V] [TRT] Static check for parsing node: /layer4/layer4.2/relu_2/Relu [Relu]
[08/20/2026-18:38:24] [V] [TRT] Parsing node: /layer4/layer4.2/relu_2/Relu [Relu]
[08/20/2026-18:38:24] [V] [TRT] Searching for input: /layer4/layer4.2/Add_output_0
[08/20/2026-18:38:24] [V] [TRT] /layer4/layer4.2/relu_2/Relu [Relu] inputs: [/layer4/layer4.2/Add_output_0 -> (1, 2048, 7, 7)[FLOAT]], 
[08/20/2026-18:38:24] [V] [TRT] Registering layer: /layer4/layer4.2/relu_2/Relu for ONNX node: /layer4/layer4.2/relu_2/Relu
[08/20/2026-18:38:24] [V] [TRT] Registering tensor: /layer4/layer4.2/relu_2/Relu_output_0 for ONNX tensor: /layer4/layer4.2/relu_2/Relu_output_0
[08/20/2026-18:38:24] [V] [TRT] /layer4/layer4.2/relu_2/Relu [Relu] outputs: [/layer4/layer4.2/relu_2/Relu_output_0 -> (1, 2048, 7, 7)[FLOAT]], 
[08/20/2026-18:38:24] [V] [TRT] Static check for parsing node: /avgpool/GlobalAveragePool [GlobalAveragePool]
[08/20/2026-18:38:24] [V] [TRT] Parsing node: /avgpool/GlobalAveragePool [GlobalAveragePool]
[08/20/2026-18:38:24] [V] [TRT] Searching for input: /layer4/layer4.2/relu_2/Relu_output_0
[08/20/2026-18:38:24] [V] [TRT] /avgpool/GlobalAveragePool [GlobalAveragePool] inputs: [/layer4/layer4.2/relu_2/Relu_output_0 -> (1, 2048, 7, 7)[FLOAT]], 
[08/20/2026-18:38:24] [V] [TRT] GlobalAveragePool operators are implemented via Reduce layers rather than Pooling layers
[08/20/2026-18:38:24] [V] [TRT] Registering layer: /avgpool/GlobalAveragePool for ONNX node: /avgpool/GlobalAveragePool
[08/20/2026-18:38:24] [V] [TRT] Registering tensor: /avgpool/GlobalAveragePool_output_0 for ONNX tensor: /avgpool/GlobalAveragePool_output_0
[08/20/2026-18:38:24] [V] [TRT] /avgpool/GlobalAveragePool [GlobalAveragePool] outputs: [/avgpool/GlobalAveragePool_output_0 -> (1, 2048, 1, 1)[FLOAT]], 
[08/20/2026-18:38:24] [V] [TRT] Static check for parsing node: /Flatten [Flatten]
[08/20/2026-18:38:24] [V] [TRT] Parsing node: /Flatten [Flatten]
[08/20/2026-18:38:24] [V] [TRT] Searching for input: /avgpool/GlobalAveragePool_output_0
[08/20/2026-18:38:24] [V] [TRT] /Flatten [Flatten] inputs: [/avgpool/GlobalAveragePool_output_0 -> (1, 2048, 1, 1)[FLOAT]], 
[08/20/2026-18:38:24] [V] [TRT] Registering layer: ONNXTRT_ShapeShuffle required by ONNX-TRT
[08/20/2026-18:38:24] [V] [TRT] Registering layer: /Flatten for ONNX node: /Flatten
[08/20/2026-18:38:24] [V] [TRT] Registering tensor: /Flatten_output_0 for ONNX tensor: /Flatten_output_0
[08/20/2026-18:38:24] [V] [TRT] /Flatten [Flatten] outputs: [/Flatten_output_0 -> (1, 2048)[FLOAT]], 
[08/20/2026-18:38:24] [V] [TRT] Static check for parsing node: /fc/Gemm [Gemm]
[08/20/2026-18:38:24] [V] [TRT] Parsing node: /fc/Gemm [Gemm]
[08/20/2026-18:38:24] [V] [TRT] Searching for input: /Flatten_output_0
[08/20/2026-18:38:24] [V] [TRT] Searching for input: fc.weight
[08/20/2026-18:38:24] [V] [TRT] Searching for input: fc.bias
[08/20/2026-18:38:24] [V] [TRT] /fc/Gemm [Gemm] inputs: [/Flatten_output_0 -> (1, 2048)[FLOAT]], [fc.weight -> (1000, 2048)[FLOAT]], [fc.bias -> (1000)[FLOAT]], 
[08/20/2026-18:38:24] [V] [TRT] Registering layer: fc.weight required by ONNX-TRT
[08/20/2026-18:38:24] [V] [TRT] Using opA: 0 opB: 1
[08/20/2026-18:38:24] [V] [TRT] Registering layer: /fc/Gemm for ONNX node: /fc/Gemm
[08/20/2026-18:38:24] [V] [TRT] Registering layer: fc.bias required by ONNX-TRT
[08/20/2026-18:38:24] [V] [TRT] Registering layer: ONNXTRT_ShapeShuffle_0 required by ONNX-TRT
[08/20/2026-18:38:24] [V] [TRT] Registering layer: ONNXTRT_Broadcast required by ONNX-TRT
[08/20/2026-18:38:24] [V] [TRT] Registering tensor: logits_1 for ONNX tensor: logits
[08/20/2026-18:38:24] [V] [TRT] /fc/Gemm [Gemm] outputs: [logits -> (1, 1000)[FLOAT]], 
[08/20/2026-18:38:24] [V] [TRT] Marking logits_1 as output: logits
[08/20/2026-18:38:24] [I] Finished parsing network model. Parse time: 0.0826941
[08/20/2026-18:38:24] [W] [TRT] /avgpool/GlobalAveragePool: DLA cores do not support AVG Reduce operation.
[08/20/2026-18:38:24] [W] [TRT] Layer '/avgpool/GlobalAveragePool' (REDUCE): Unsupported on DLA. Switching this layer's device type to GPU.
[08/20/2026-18:38:24] [W] [TRT] Layer '/Flatten' (SHUFFLE): Unsupported on DLA. Switching this layer's device type to GPU.
[08/20/2026-18:38:24] [W] [TRT] Layer 'fc.weight' (CONSTANT): Unsupported on DLA. Switching this layer's device type to GPU.
[08/20/2026-18:38:24] [W] [TRT] Layer 'fc.bias' (CONSTANT): Unsupported on DLA. Switching this layer's device type to GPU.
[08/20/2026-18:38:24] [W] [TRT] Layer 'ONNXTRT_Broadcast' (SHUFFLE): Unsupported on DLA. Switching this layer's device type to GPU.
[08/20/2026-18:38:24] [V] [TRT] Original: 126 layers
[08/20/2026-18:38:24] [V] [TRT] After dead-layer removal: 126 layers
[08/20/2026-18:38:24] [V] [TRT] Running: ConstShuffleFusion on fc.bias
[08/20/2026-18:38:24] [V] [TRT] ConstShuffleFusion: Fusing fc.bias with ONNXTRT_Broadcast
[08/20/2026-18:38:24] [V] [TRT] Running: MatMulToConvTransform on /fc/Gemm
[08/20/2026-18:38:24] [V] [TRT] Convert layer type of /fc/Gemm from MATRIX_MULTIPLY to CONVOLUTION
[08/20/2026-18:38:24] [V] [TRT] Running: ShuffleShuffleFusion on /Flatten
[08/20/2026-18:38:24] [V] [TRT] ShuffleShuffleFusion: Fusing /Flatten with reshape_before_/fc/Gemm
[08/20/2026-18:38:24] [V] [TRT] Running: ShuffleErasure on /Flatten + reshape_before_/fc/Gemm
[08/20/2026-18:38:24] [V] [TRT] Removing /Flatten + reshape_before_/fc/Gemm
[08/20/2026-18:38:24] [V] [TRT] Running: ConvReshapeBiasAddFusion on /fc/Gemm
[08/20/2026-18:38:24] [V] [TRT] Removing (Unnamed Layer* 125) [ElementWise]
[08/20/2026-18:38:24] [V] [TRT] Graph construction completed in 0.00279296 seconds.
[08/20/2026-18:38:24] [V] [TRT] ---------- Layers Running on DLA ----------
[08/20/2026-18:38:24] [V] [TRT] [DlaLayer] /conv1/Conv
[08/20/2026-18:38:24] [V] [TRT] [DlaLayer] /relu/Relu
[08/20/2026-18:38:24] [V] [TRT] [DlaLayer] /maxpool/MaxPool
[08/20/2026-18:38:24] [V] [TRT] [DlaLayer] /layer1/layer1.0/conv1/Conv
[08/20/2026-18:38:24] [V] [TRT] [DlaLayer] /layer1/layer1.0/relu/Relu
[08/20/2026-18:38:24] [V] [TRT] [DlaLayer] /layer1/layer1.0/conv2/Conv
[08/20/2026-18:38:24] [V] [TRT] [DlaLayer] /layer1/layer1.0/relu_1/Relu
[08/20/2026-18:38:24] [V] [TRT] [DlaLayer] /layer1/layer1.0/conv3/Conv
[08/20/2026-18:38:24] [V] [TRT] [DlaLayer] /layer1/layer1.0/downsample/downsample.0/Conv
[08/20/2026-18:38:24] [V] [TRT] [DlaLayer] /layer1/layer1.0/Add
[08/20/2026-18:38:24] [V] [TRT] [DlaLayer] /layer1/layer1.0/relu_2/Relu
[08/20/2026-18:38:24] [V] [TRT] [DlaLayer] /layer1/layer1.1/conv1/Conv
[08/20/2026-18:38:24] [V] [TRT] [DlaLayer] /layer1/layer1.1/relu/Relu
[08/20/2026-18:38:24] [V] [TRT] [DlaLayer] /layer1/layer1.1/conv2/Conv
[08/20/2026-18:38:24] [V] [TRT] [DlaLayer] /layer1/layer1.1/relu_1/Relu
[08/20/2026-18:38:24] [V] [TRT] [DlaLayer] /layer1/layer1.1/conv3/Conv
[08/20/2026-18:38:24] [V] [TRT] [DlaLayer] /layer1/layer1.1/Add
[08/20/2026-18:38:24] [V] [TRT] [DlaLayer] /layer1/layer1.1/relu_2/Relu
[08/20/2026-18:38:24] [V] [TRT] [DlaLayer] /layer1/layer1.2/conv1/Conv
[08/20/2026-18:38:24] [V] [TRT] [DlaLayer] /layer1/layer1.2/relu/Relu
[08/20/2026-18:38:24] [V] [TRT] [DlaLayer] /layer1/layer1.2/conv2/Conv
[08/20/2026-18:38:24] [V] [TRT] [DlaLayer] /layer1/layer1.2/relu_1/Relu
[08/20/2026-18:38:24] [V] [TRT] [DlaLayer] /layer1/layer1.2/conv3/Conv
[08/20/2026-18:38:24] [V] [TRT] [DlaLayer] /layer1/layer1.2/Add
[08/20/2026-18:38:24] [V] [TRT] [DlaLayer] /layer1/layer1.2/relu_2/Relu
[08/20/2026-18:38:24] [V] [TRT] [DlaLayer] /layer2/layer2.0/conv1/Conv
[08/20/2026-18:38:24] [V] [TRT] [DlaLayer] /layer2/layer2.0/relu/Relu
[08/20/2026-18:38:24] [V] [TRT] [DlaLayer] /layer2/layer2.0/conv2/Conv
[08/20/2026-18:38:24] [V] [TRT] [DlaLayer] /layer2/layer2.0/relu_1/Relu
[08/20/2026-18:38:24] [V] [TRT] [DlaLayer] /layer2/layer2.0/conv3/Conv
[08/20/2026-18:38:24] [V] [TRT] [DlaLayer] /layer2/layer2.0/downsample/downsample.0/Conv
[08/20/2026-18:38:24] [V] [TRT] [DlaLayer] /layer2/layer2.0/Add
[08/20/2026-18:38:24] [V] [TRT] [DlaLayer] /layer2/layer2.0/relu_2/Relu
[08/20/2026-18:38:24] [V] [TRT] [DlaLayer] /layer2/layer2.1/conv1/Conv
[08/20/2026-18:38:24] [V] [TRT] [DlaLayer] /layer2/layer2.1/relu/Relu
[08/20/2026-18:38:24] [V] [TRT] [DlaLayer] /layer2/layer2.1/conv2/Conv
[08/20/2026-18:38:24] [V] [TRT] [DlaLayer] /layer2/layer2.1/relu_1/Relu
[08/20/2026-18:38:24] [V] [TRT] [DlaLayer] /layer2/layer2.1/conv3/Conv
[08/20/2026-18:38:24] [V] [TRT] [DlaLayer] /layer2/layer2.1/Add
[08/20/2026-18:38:24] [V] [TRT] [DlaLayer] /layer2/layer2.1/relu_2/Relu
[08/20/2026-18:38:24] [V] [TRT] [DlaLayer] /layer2/layer2.2/conv1/Conv
[08/20/2026-18:38:24] [V] [TRT] [DlaLayer] /layer2/layer2.2/relu/Relu
[08/20/2026-18:38:24] [V] [TRT] [DlaLayer] /layer2/layer2.2/conv2/Conv
[08/20/2026-18:38:24] [V] [TRT] [DlaLayer] /layer2/layer2.2/relu_1/Relu
[08/20/2026-18:38:24] [V] [TRT] [DlaLayer] /layer2/layer2.2/conv3/Conv
[08/20/2026-18:38:24] [V] [TRT] [DlaLayer] /layer2/layer2.2/Add
[08/20/2026-18:38:24] [V] [TRT] [DlaLayer] /layer2/layer2.2/relu_2/Relu
[08/20/2026-18:38:24] [V] [TRT] [DlaLayer] /layer2/layer2.3/conv1/Conv
[08/20/2026-18:38:24] [V] [TRT] [DlaLayer] /layer2/layer2.3/relu/Relu
[08/20/2026-18:38:24] [V] [TRT] [DlaLayer] /layer2/layer2.3/conv2/Conv
[08/20/2026-18:38:24] [V] [TRT] [DlaLayer] /layer2/layer2.3/relu_1/Relu
[08/20/2026-18:38:24] [V] [TRT] [DlaLayer] /layer2/layer2.3/conv3/Conv
[08/20/2026-18:38:24] [V] [TRT] [DlaLayer] /layer2/layer2.3/Add
[08/20/2026-18:38:24] [V] [TRT] [DlaLayer] /layer2/layer2.3/relu_2/Relu
[08/20/2026-18:38:24] [V] [TRT] [DlaLayer] /layer3/layer3.0/conv1/Conv
[08/20/2026-18:38:24] [V] [TRT] [DlaLayer] /layer3/layer3.0/relu/Relu
[08/20/2026-18:38:24] [V] [TRT] [DlaLayer] /layer3/layer3.0/conv2/Conv
[08/20/2026-18:38:24] [V] [TRT] [DlaLayer] /layer3/layer3.0/relu_1/Relu
[08/20/2026-18:38:24] [V] [TRT] [DlaLayer] /layer3/layer3.0/conv3/Conv
[08/20/2026-18:38:24] [V] [TRT] [DlaLayer] /layer3/layer3.0/downsample/downsample.0/Conv
[08/20/2026-18:38:24] [V] [TRT] [DlaLayer] /layer3/layer3.0/Add
[08/20/2026-18:38:24] [V] [TRT] [DlaLayer] /layer3/layer3.0/relu_2/Relu
[08/20/2026-18:38:24] [V] [TRT] [DlaLayer] /layer3/layer3.1/conv1/Conv
[08/20/2026-18:38:24] [V] [TRT] [DlaLayer] /layer3/layer3.1/relu/Relu
[08/20/2026-18:38:24] [V] [TRT] [DlaLayer] /layer3/layer3.1/conv2/Conv
[08/20/2026-18:38:24] [V] [TRT] [DlaLayer] /layer3/layer3.1/relu_1/Relu
[08/20/2026-18:38:24] [V] [TRT] [DlaLayer] /layer3/layer3.1/conv3/Conv
[08/20/2026-18:38:24] [V] [TRT] [DlaLayer] /layer3/layer3.1/Add
[08/20/2026-18:38:24] [V] [TRT] [DlaLayer] /layer3/layer3.1/relu_2/Relu
[08/20/2026-18:38:24] [V] [TRT] [DlaLayer] /layer3/layer3.2/conv1/Conv
[08/20/2026-18:38:24] [V] [TRT] [DlaLayer] /layer3/layer3.2/relu/Relu
[08/20/2026-18:38:24] [V] [TRT] [DlaLayer] /layer3/layer3.2/conv2/Conv
[08/20/2026-18:38:24] [V] [TRT] [DlaLayer] /layer3/layer3.2/relu_1/Relu
[08/20/2026-18:38:24] [V] [TRT] [DlaLayer] /layer3/layer3.2/conv3/Conv
[08/20/2026-18:38:24] [V] [TRT] [DlaLayer] /layer3/layer3.2/Add
[08/20/2026-18:38:24] [V] [TRT] [DlaLayer] /layer3/layer3.2/relu_2/Relu
[08/20/2026-18:38:24] [V] [TRT] [DlaLayer] /layer3/layer3.3/conv1/Conv
[08/20/2026-18:38:24] [V] [TRT] [DlaLayer] /layer3/layer3.3/relu/Relu
[08/20/2026-18:38:24] [V] [TRT] [DlaLayer] /layer3/layer3.3/conv2/Conv
[08/20/2026-18:38:24] [V] [TRT] [DlaLayer] /layer3/layer3.3/relu_1/Relu
[08/20/2026-18:38:24] [V] [TRT] [DlaLayer] /layer3/layer3.3/conv3/Conv
[08/20/2026-18:38:24] [V] [TRT] [DlaLayer] /layer3/layer3.3/Add
[08/20/2026-18:38:24] [V] [TRT] [DlaLayer] /layer3/layer3.3/relu_2/Relu
[08/20/2026-18:38:24] [V] [TRT] [DlaLayer] /layer3/layer3.4/conv1/Conv
[08/20/2026-18:38:24] [V] [TRT] [DlaLayer] /layer3/layer3.4/relu/Relu
[08/20/2026-18:38:24] [V] [TRT] [DlaLayer] /layer3/layer3.4/conv2/Conv
[08/20/2026-18:38:24] [V] [TRT] [DlaLayer] /layer3/layer3.4/relu_1/Relu
[08/20/2026-18:38:24] [V] [TRT] [DlaLayer] /layer3/layer3.4/conv3/Conv
[08/20/2026-18:38:24] [V] [TRT] [DlaLayer] /layer3/layer3.4/Add
[08/20/2026-18:38:24] [V] [TRT] [DlaLayer] /layer3/layer3.4/relu_2/Relu
[08/20/2026-18:38:24] [V] [TRT] [DlaLayer] /layer3/layer3.5/conv1/Conv
[08/20/2026-18:38:24] [V] [TRT] [DlaLayer] /layer3/layer3.5/relu/Relu
[08/20/2026-18:38:24] [V] [TRT] [DlaLayer] /layer3/layer3.5/conv2/Conv
[08/20/2026-18:38:24] [V] [TRT] [DlaLayer] /layer3/layer3.5/relu_1/Relu
[08/20/2026-18:38:24] [V] [TRT] [DlaLayer] /layer3/layer3.5/conv3/Conv
[08/20/2026-18:38:24] [V] [TRT] [DlaLayer] /layer3/layer3.5/Add
[08/20/2026-18:38:24] [V] [TRT] [DlaLayer] /layer3/layer3.5/relu_2/Relu
[08/20/2026-18:38:24] [V] [TRT] [DlaLayer] /layer4/layer4.0/conv1/Conv
[08/20/2026-18:38:24] [V] [TRT] [DlaLayer] /layer4/layer4.0/relu/Relu
[08/20/2026-18:38:24] [V] [TRT] [DlaLayer] /layer4/layer4.0/conv2/Conv
[08/20/2026-18:38:24] [V] [TRT] [DlaLayer] /layer4/layer4.0/relu_1/Relu
[08/20/2026-18:38:24] [V] [TRT] [DlaLayer] /layer4/layer4.0/conv3/Conv
[08/20/2026-18:38:24] [V] [TRT] [DlaLayer] /layer4/layer4.0/downsample/downsample.0/Conv
[08/20/2026-18:38:24] [V] [TRT] [DlaLayer] /layer4/layer4.0/Add
[08/20/2026-18:38:24] [V] [TRT] [DlaLayer] /layer4/layer4.0/relu_2/Relu
[08/20/2026-18:38:24] [V] [TRT] [DlaLayer] /layer4/layer4.1/conv1/Conv
[08/20/2026-18:38:24] [V] [TRT] [DlaLayer] /layer4/layer4.1/relu/Relu
[08/20/2026-18:38:24] [V] [TRT] [DlaLayer] /layer4/layer4.1/conv2/Conv
[08/20/2026-18:38:24] [V] [TRT] [DlaLayer] /layer4/layer4.1/relu_1/Relu
[08/20/2026-18:38:24] [V] [TRT] [DlaLayer] /layer4/layer4.1/conv3/Conv
[08/20/2026-18:38:24] [V] [TRT] [DlaLayer] /layer4/layer4.1/Add
[08/20/2026-18:38:24] [V] [TRT] [DlaLayer] /layer4/layer4.1/relu_2/Relu
[08/20/2026-18:38:24] [V] [TRT] [DlaLayer] /layer4/layer4.2/conv1/Conv
[08/20/2026-18:38:24] [V] [TRT] [DlaLayer] /layer4/layer4.2/relu/Relu
[08/20/2026-18:38:24] [V] [TRT] [DlaLayer] /layer4/layer4.2/conv2/Conv
[08/20/2026-18:38:24] [V] [TRT] [DlaLayer] /layer4/layer4.2/relu_1/Relu
[08/20/2026-18:38:24] [V] [TRT] [DlaLayer] /layer4/layer4.2/conv3/Conv
[08/20/2026-18:38:24] [V] [TRT] [DlaLayer] /layer4/layer4.2/Add
[08/20/2026-18:38:24] [V] [TRT] [DlaLayer] /layer4/layer4.2/relu_2/Relu
[08/20/2026-18:38:24] [V] [TRT] [DlaLayer] /fc/Gemm + (Unnamed Layer* 125) [ElementWise]
[08/20/2026-18:38:24] [V] [TRT] ---------- Layers Running on GPU ----------
[08/20/2026-18:38:24] [V] [TRT] [GpuLayer] REDUCE: /avgpool/GlobalAveragePool
[08/20/2026-18:38:24] [V] [TRT] [GpuLayer] SHUFFLE: reshape_after_/fc/Gemm
[08/20/2026-18:38:24] [V] [TRT] After adding DebugOutput nodes: 122 layers
[08/20/2026-18:38:24] [V] [TRT] Running: ReduceToPoolingFusion on /avgpool/GlobalAveragePool
[08/20/2026-18:38:24] [V] [TRT] Swap the layer type of /avgpool/GlobalAveragePool from REDUCE to POOLING
[08/20/2026-18:38:24] [V] [TRT] After Myelin optimization: 122 layers
[08/20/2026-18:38:25] [V] [TRT] 	DLA Memory Pool Sizes: Managed SRAM = 1 MiB,	Local DRAM = 1024 MiB,	Global DRAM = 512 MiB
[08/20/2026-18:38:31] [V] [TRT] {ForeignNode[/conv1/Conv.../layer4/layer4.2/relu_2/Relu]} successfully offloaded to DLA.
	Memory consumption: Managed SRAM = 1 MiB,	Local DRAM = 16 MiB,	Global DRAM = 64 MiB
[08/20/2026-18:38:31] [V] [TRT] {ForeignNode[/fc/Gemm + (Unnamed Layer* 125) [ElementWise]]} successfully offloaded to DLA.
	Memory consumption: Managed SRAM = 1 MiB,	Local DRAM = 2 MiB,	Global DRAM = 8 MiB
[08/20/2026-18:38:31] [V] [TRT] DLA Memory Consumption Summary:
[08/20/2026-18:38:31] [V] [TRT] 	Number of DLA node candidates offloaded : 2 out of 2
[08/20/2026-18:38:31] [V] [TRT] 	Total memory required by accepted candidates : Managed SRAM = 1 MiB,	Local DRAM = 18 MiB,	Global DRAM = 72 MiB
[08/20/2026-18:38:31] [V] [TRT] After DLA optimization: 4 layers
[08/20/2026-18:38:31] [V] [TRT] Applying ScaleNodes fusions.
[08/20/2026-18:38:31] [V] [TRT] After scale fusion: 4 layers
[08/20/2026-18:38:31] [V] [TRT] After dupe layer removal: 4 layers
[08/20/2026-18:38:31] [V] [TRT] After final dead-layer removal: 4 layers
[08/20/2026-18:38:31] [V] [TRT] After tensor merging: 4 layers
[08/20/2026-18:38:31] [V] [TRT] After vertical fusions: 4 layers
[08/20/2026-18:38:31] [V] [TRT] After dupe layer removal: 4 layers
[08/20/2026-18:38:31] [V] [TRT] After final dead-layer removal: 4 layers
[08/20/2026-18:38:31] [V] [TRT] After tensor merging: 4 layers
[08/20/2026-18:38:31] [V] [TRT] After slice removal: 4 layers
[08/20/2026-18:38:31] [V] [TRT] After concat removal: 4 layers
[08/20/2026-18:38:31] [V] [TRT] Trying to split Reshape and strided tensor
[08/20/2026-18:38:31] [V] [TRT] Graph optimization time: 6.80627 seconds.
[08/20/2026-18:38:31] [V] [TRT] Building graph using backend strategy 2
[08/20/2026-18:38:31] [I] [TRT] Local timing cache in use. Profiling results in this builder pass will not be stored.
[08/20/2026-18:38:31] [V] [TRT] Constructing optimization profile number 0 [1/1].
[08/20/2026-18:38:31] [V] [TRT] Applying generic optimizations to the graph for inference.
[08/20/2026-18:38:31] [V] [TRT] Reserving memory for host IO tensors. Host: 0 bytes
[08/20/2026-18:38:31] [V] [TRT] =============== Computing costs for {ForeignNode[/conv1/Conv.../layer4/layer4.2/relu_2/Relu]}
[08/20/2026-18:38:31] [V] [TRT] *************** Autotuning format combination: Half(150528,50176,224,1) -> Half(458752,224,32,1) ***************
[08/20/2026-18:38:31] [V] [TRT] --------------- Timing Runner: {ForeignNode[/conv1/Conv.../layer4/layer4.2/relu_2/Relu]} (DLA[0x80000016])
[08/20/2026-18:38:32] [V] [TRT] Tactic: 0x0000000000000003 Time: 17.5524
[08/20/2026-18:38:32] [V] [TRT] {ForeignNode[/conv1/Conv.../layer4/layer4.2/relu_2/Relu]} (DLA[0x80000016]) profiling completed in 1.28051 seconds. Fastest Tactic: 0x0000000000000003 Time: 17.5524
[08/20/2026-18:38:32] [V] [TRT] >>>>>>>>>>>>>>> Chose Runner Type: DLA Tactic: 0x0000000000000003
[08/20/2026-18:38:32] [V] [TRT] *************** Autotuning format combination: Half(150528,50176,224,1) -> Half(6272,49:16,7,1) ***************
[08/20/2026-18:38:32] [V] [TRT] --------------- Timing Runner: {ForeignNode[/conv1/Conv.../layer4/layer4.2/relu_2/Relu]} (DLA[0x80000016])
[08/20/2026-18:38:33] [V] [TRT] Tactic: 0x0000000000000003 Time: 17.5022
[08/20/2026-18:38:33] [V] [TRT] {ForeignNode[/conv1/Conv.../layer4/layer4.2/relu_2/Relu]} (DLA[0x80000016]) profiling completed in 1.1555 seconds. Fastest Tactic: 0x0000000000000003 Time: 17.5022
[08/20/2026-18:38:33] [V] [TRT] >>>>>>>>>>>>>>> Chose Runner Type: DLA Tactic: 0x0000000000000003
[08/20/2026-18:38:33] [V] [TRT] *************** Autotuning format combination: Half(50176,1:4,224,1) -> Half(458752,224,32,1) ***************
[08/20/2026-18:38:33] [V] [TRT] --------------- Timing Runner: {ForeignNode[/conv1/Conv.../layer4/layer4.2/relu_2/Relu]} (DLA[0x80000016])
[08/20/2026-18:38:34] [V] [TRT] Tactic: 0x0000000000000003 Time: 17.514
[08/20/2026-18:38:34] [V] [TRT] {ForeignNode[/conv1/Conv.../layer4/layer4.2/relu_2/Relu]} (DLA[0x80000016]) profiling completed in 1.14224 seconds. Fastest Tactic: 0x0000000000000003 Time: 17.514
[08/20/2026-18:38:34] [V] [TRT] >>>>>>>>>>>>>>> Chose Runner Type: DLA Tactic: 0x0000000000000003
[08/20/2026-18:38:34] [V] [TRT] *************** Autotuning format combination: Half(50176,1:4,224,1) -> Half(6272,49:16,7,1) ***************
[08/20/2026-18:38:34] [V] [TRT] --------------- Timing Runner: {ForeignNode[/conv1/Conv.../layer4/layer4.2/relu_2/Relu]} (DLA[0x80000016])
[08/20/2026-18:38:36] [V] [TRT] Tactic: 0x0000000000000003 Time: 17.4681
[08/20/2026-18:38:36] [V] [TRT] {ForeignNode[/conv1/Conv.../layer4/layer4.2/relu_2/Relu]} (DLA[0x80000016]) profiling completed in 1.14327 seconds. Fastest Tactic: 0x0000000000000003 Time: 17.4681
[08/20/2026-18:38:36] [V] [TRT] >>>>>>>>>>>>>>> Chose Runner Type: DLA Tactic: 0x0000000000000003
[08/20/2026-18:38:36] [V] [TRT] *************** Autotuning format combination: Half(50176,50176:16,224,1) -> Half(458752,224,32,1) ***************
[08/20/2026-18:38:36] [V] [TRT] --------------- Timing Runner: {ForeignNode[/conv1/Conv.../layer4/layer4.2/relu_2/Relu]} (DLA[0x80000016])
[08/20/2026-18:38:37] [V] [TRT] Tactic: 0x0000000000000003 Time: 17.449
[08/20/2026-18:38:37] [V] [TRT] {ForeignNode[/conv1/Conv.../layer4/layer4.2/relu_2/Relu]} (DLA[0x80000016]) profiling completed in 1.14472 seconds. Fastest Tactic: 0x0000000000000003 Time: 17.449
[08/20/2026-18:38:37] [V] [TRT] >>>>>>>>>>>>>>> Chose Runner Type: DLA Tactic: 0x0000000000000003
[08/20/2026-18:38:37] [V] [TRT] *************** Autotuning format combination: Half(50176,50176:16,224,1) -> Half(6272,49:16,7,1) ***************
[08/20/2026-18:38:37] [V] [TRT] --------------- Timing Runner: {ForeignNode[/conv1/Conv.../layer4/layer4.2/relu_2/Relu]} (DLA[0x80000016])
[08/20/2026-18:38:38] [V] [TRT] Tactic: 0x0000000000000003 Time: 17.405
[08/20/2026-18:38:38] [V] [TRT] {ForeignNode[/conv1/Conv.../layer4/layer4.2/relu_2/Relu]} (DLA[0x80000016]) profiling completed in 1.13642 seconds. Fastest Tactic: 0x0000000000000003 Time: 17.405
[08/20/2026-18:38:38] [V] [TRT] >>>>>>>>>>>>>>> Chose Runner Type: DLA Tactic: 0x0000000000000003
[08/20/2026-18:38:38] [V] [TRT] =============== Computing costs for /avgpool/GlobalAveragePool
[08/20/2026-18:38:38] [V] [TRT] *************** Autotuning format combination: Float(100352,49,7,1) -> Float(2048,1,1,1) ***************
[08/20/2026-18:38:38] [V] [TRT] --------------- Timing Runner: /avgpool/GlobalAveragePool (CaskPooling[0x8000002f])
[08/20/2026-18:38:38] [V] [TRT] Tactic Name: sm50_xmma_pooling_fw_4d_FP32FP32NCHW_Average_FastDiv Tactic: 0x933eceba7b866d59 Time: 0.0221198
[08/20/2026-18:38:38] [V] [TRT] Tactic Name: sm50_xmma_pooling_tiled_FP32NCHW_kAVERAGE_tP1_tQ1_tR7_tS7_tU1_tV1_tUnroll8_tThreads49 Tactic: 0xc342539bbc57213f Time: 0.0419383
[08/20/2026-18:38:38] [V] [TRT] Tactic Name: sm50_xmma_pooling_nd_NCDHW_kAVERAGE_kGENERIC_3D_POOLING_MODE_kFLOAT_0 Tactic: 0xba33c80addb15739 Time: 0.0330075
[08/20/2026-18:38:38] [V] [TRT] Tactic Name: sm50_xmma_pooling_tiled_FP32NCHW_kAVERAGE_tP1_tQ1_tR7_tS7_tU1_tV1_tUnroll3_tThreads49 Tactic: 0xdde1c0e17b540744 Time: 0.0442663
[08/20/2026-18:38:38] [V] [TRT] Tactic Name: sm50_xmma_pooling_tiled_FP32NCHW_kAVERAGE_tP1_tQ1_tR7_tS7_tU1_tV1_tUnroll5_tThreads49 Tactic: 0x02269187420e4bc5 Time: 0.0426731
[08/20/2026-18:38:38] [V] [TRT] Tactic Name: sm50_xmma_pooling_tiled_FP32NCHW_kAVERAGE_tP1_tQ1_tR7_tS7_tU1_tV1_tUnroll2_tThreads49 Tactic: 0x31d30f1a58b7ea39 Time: 0.0455783
[08/20/2026-18:38:38] [V] [TRT] Tactic Name: sm50_xmma_pooling_tiled_FP32NCHW_kAVERAGE_tP1_tQ1_tR7_tS7_tU1_tV1_tUnroll7_tThreads49 Tactic: 0x489ba15aaac78fba Time: 0.044344
[08/20/2026-18:38:38] [V] [TRT] Tactic Name: sm50_xmma_pooling_tiled_FP32NCHW_kAVERAGE_tP1_tQ1_tR7_tS7_tU1_tV1_tUnroll4_tThreads49 Tactic: 0xee145e7c61eda6b8 Time: 0.0421634
[08/20/2026-18:38:38] [V] [TRT] Tactic Name: sm50_xmma_pooling_tiled_FP32NCHW_kAVERAGE_tP1_tQ1_tR7_tS7_tU1_tV1_tUnroll1_tThreads49 Tactic: 0x975cf03c939dc33b Time: 0.0542994
[08/20/2026-18:38:38] [V] [TRT] Tactic Name: sm50_xmma_pooling_tiled_FP32NCHW_kAVERAGE_tP1_tQ1_tR7_tS7_tU1_tV1_tUnroll6_tThreads49 Tactic: 0xa4a96ea1892462c7 Time: 0.0430194
[08/20/2026-18:38:38] [V] [TRT] /avgpool/GlobalAveragePool (CaskPooling[0x8000002f]) profiling completed in 0.036462 seconds. Fastest Tactic: 0x933eceba7b866d59 Time: 0.0221198
[08/20/2026-18:38:38] [V] [TRT] >>>>>>>>>>>>>>> Chose Runner Type: CaskPooling Tactic: 0x933eceba7b866d59
[08/20/2026-18:38:38] [V] [TRT] *************** Autotuning format combination: Float(25088,1:4,3584,512) -> Float(512,1:4,512,512) ***************
[08/20/2026-18:38:38] [V] [TRT] --------------- Timing Runner: /avgpool/GlobalAveragePool (CaskPooling[0x8000002f])
[08/20/2026-18:38:38] [V] [TRT] Tactic Name: sm50_xmma_pooling_fw_4d_FP32FP32NHWC_Average_FastDiv_CAlign4 Tactic: 0xfab3e2ee1c085a9a Time: 0.0218873
[08/20/2026-18:38:38] [V] [TRT] /avgpool/GlobalAveragePool (CaskPooling[0x8000002f]) profiling completed in 0.00361403 seconds. Fastest Tactic: 0xfab3e2ee1c085a9a Time: 0.0218873
[08/20/2026-18:38:38] [V] [TRT] >>>>>>>>>>>>>>> Chose Runner Type: CaskPooling Tactic: 0xfab3e2ee1c085a9a
[08/20/2026-18:38:38] [V] [TRT] *************** Autotuning format combination: Half(100352,49,7,1) -> Half(2048,1,1,1) ***************
[08/20/2026-18:38:38] [V] [TRT] --------------- Timing Runner: /avgpool/GlobalAveragePool (CaskPooling[0x8000002f])
[08/20/2026-18:38:38] [V] [TRT] Tactic Name: sm50_xmma_pooling_nd_NCDHW_kAVERAGE_kGENERIC_3D_POOLING_MODE_kHALF_0 Tactic: 0x1a8f216956eaf003 Time: 0.0317568
[08/20/2026-18:38:38] [V] [TRT] Tactic Name: sm50_xmma_pooling_fw_4d_FP16FP32NCHW_Average_FastDiv Tactic: 0x94ce450867316320 Time: 0.0210769
[08/20/2026-18:38:38] [V] [TRT] /avgpool/GlobalAveragePool (CaskPooling[0x8000002f]) profiling completed in 0.00691333 seconds. Fastest Tactic: 0x94ce450867316320 Time: 0.0210769
[08/20/2026-18:38:38] [V] [TRT] >>>>>>>>>>>>>>> Chose Runner Type: CaskPooling Tactic: 0x94ce450867316320
[08/20/2026-18:38:38] [V] [TRT] *************** Autotuning format combination: Half(12544,1:8,1792,256) -> Half(256,1:8,256,256) ***************
[08/20/2026-18:38:38] [V] [TRT] --------------- Timing Runner: /avgpool/GlobalAveragePool (CaskPooling[0x8000002f])
[08/20/2026-18:38:38] [V] [TRT] Tactic Name: sm50_xmma_pooling_nd_NDHWC_kAVERAGE_kGENERIC_3D_POOLING_MODE_kHALF_3 Tactic: 0x6331ceb0db40665b Time: 0.0393257
[08/20/2026-18:38:38] [V] [TRT] Tactic Name: sm50_xmma_pooling_fw_4d_FP16FP32NHWC_Average_FastDiv_CAlign4 Tactic: 0x56d7b61f084f251e Time: 0.0215523
[08/20/2026-18:38:38] [V] [TRT] Tactic Name: sm50_xmma_pooling_coalescedC_NHWC_kAVERAGE_3_True Tactic: 0x206fa8108124552f Time: 0.0314258
[08/20/2026-18:38:38] [V] [TRT] Tactic Name: sm50_xmma_pooling_fw_4d_FP16FP32NHWC_Average_FastDiv_CAlign8 Tactic: 0xdaa6f29208dec74b Time: 0.0216242
[08/20/2026-18:38:38] [V] [TRT] /avgpool/GlobalAveragePool (CaskPooling[0x8000002f]) profiling completed in 0.0140645 seconds. Fastest Tactic: 0x56d7b61f084f251e Time: 0.0215523
[08/20/2026-18:38:38] [V] [TRT] >>>>>>>>>>>>>>> Chose Runner Type: CaskPooling Tactic: 0x56d7b61f084f251e
[08/20/2026-18:38:38] [V] [TRT] =============== Computing costs for {ForeignNode[/fc/Gemm + (Unnamed Layer* 125) [ElementWise]]}
[08/20/2026-18:38:38] [V] [TRT] *************** Autotuning format combination: Half(65536,32,32,1) -> Half(32000,32,32,1) ***************
[08/20/2026-18:38:38] [V] [TRT] --------------- Timing Runner: {ForeignNode[/fc/Gemm + (Unnamed Layer* 125) [ElementWise]]} (DLA[0x80000016])
[08/20/2026-18:38:38] [V] [TRT] Tactic: 0x0000000000000003 Time: 0.149527
[08/20/2026-18:38:38] [V] [TRT] {ForeignNode[/fc/Gemm + (Unnamed Layer* 125) [ElementWise]]} (DLA[0x80000016]) profiling completed in 0.114451 seconds. Fastest Tactic: 0x0000000000000003 Time: 0.149527
[08/20/2026-18:38:38] [V] [TRT] >>>>>>>>>>>>>>> Chose Runner Type: DLA Tactic: 0x0000000000000003
[08/20/2026-18:38:38] [V] [TRT] *************** Autotuning format combination: Half(65536,32,32,1) -> Half(63,1:16,1,1) ***************
[08/20/2026-18:38:38] [V] [TRT] --------------- Timing Runner: {ForeignNode[/fc/Gemm + (Unnamed Layer* 125) [ElementWise]]} (DLA[0x80000016])
[08/20/2026-18:38:38] [V] [TRT] Tactic: 0x0000000000000003 Time: 0.157321
[08/20/2026-18:38:38] [V] [TRT] {ForeignNode[/fc/Gemm + (Unnamed Layer* 125) [ElementWise]]} (DLA[0x80000016]) profiling completed in 0.0866971 seconds. Fastest Tactic: 0x0000000000000003 Time: 0.157321
[08/20/2026-18:38:38] [V] [TRT] >>>>>>>>>>>>>>> Chose Runner Type: DLA Tactic: 0x0000000000000003
[08/20/2026-18:38:38] [V] [TRT] *************** Autotuning format combination: Half(128,1:16,1,1) -> Half(32000,32,32,1) ***************
[08/20/2026-18:38:38] [V] [TRT] --------------- Timing Runner: {ForeignNode[/fc/Gemm + (Unnamed Layer* 125) [ElementWise]]} (DLA[0x80000016])
[08/20/2026-18:38:38] [V] [TRT] Tactic: 0x0000000000000003 Time: 0.160585
[08/20/2026-18:38:38] [V] [TRT] {ForeignNode[/fc/Gemm + (Unnamed Layer* 125) [ElementWise]]} (DLA[0x80000016]) profiling completed in 0.0822969 seconds. Fastest Tactic: 0x0000000000000003 Time: 0.160585
[08/20/2026-18:38:38] [V] [TRT] >>>>>>>>>>>>>>> Chose Runner Type: DLA Tactic: 0x0000000000000003
[08/20/2026-18:38:38] [V] [TRT] *************** Autotuning format combination: Half(128,1:16,1,1) -> Half(63,1:16,1,1) ***************
[08/20/2026-18:38:38] [V] [TRT] --------------- Timing Runner: {ForeignNode[/fc/Gemm + (Unnamed Layer* 125) [ElementWise]]} (DLA[0x80000016])
[08/20/2026-18:38:38] [V] [TRT] Tactic: 0x0000000000000003 Time: 0.162423
[08/20/2026-18:38:38] [V] [TRT] {ForeignNode[/fc/Gemm + (Unnamed Layer* 125) [ElementWise]]} (DLA[0x80000016]) profiling completed in 0.0818976 seconds. Fastest Tactic: 0x0000000000000003 Time: 0.162423
[08/20/2026-18:38:38] [V] [TRT] >>>>>>>>>>>>>>> Chose Runner Type: DLA Tactic: 0x0000000000000003
[08/20/2026-18:38:38] [V] [TRT] =============== Computing costs for reshape_after_/fc/Gemm
[08/20/2026-18:38:38] [V] [TRT] *************** Autotuning format combination: Float(1000,1,1,1) -> Float(1000,1) ***************
[08/20/2026-18:38:38] [V] [TRT] --------------- Timing Runner: reshape_after_/fc/Gemm (Shuffle[0x8000000d])
[08/20/2026-18:38:38] [V] [TRT] Tactic: 0x0000000000000000 Time: 0.0107657
[08/20/2026-18:38:38] [V] [TRT] Tactic: 0x0000000000000001 Time: 0.0302875
[08/20/2026-18:38:38] [V] [TRT] reshape_after_/fc/Gemm (Shuffle[0x8000000d]) profiling completed in 0.00982175 seconds. Fastest Tactic: 0x0000000000000000 Time: 0.0107657
[08/20/2026-18:38:38] [V] [TRT] >>>>>>>>>>>>>>> Chose Runner Type: Shuffle Tactic: 0x0000000000000000
[08/20/2026-18:38:38] [V] [TRT] *************** Autotuning format combination: Float(250,1:4,250,250) -> Float(1000,1) ***************
[08/20/2026-18:38:38] [V] [TRT] --------------- Timing Runner: reshape_after_/fc/Gemm (Shuffle[0x8000000d])
[08/20/2026-18:38:38] [V] [TRT] Tactic: 0x0000000000000000 Time: 0.0136162
[08/20/2026-18:38:38] [V] [TRT] reshape_after_/fc/Gemm (Shuffle[0x8000000d]) profiling completed in 0.00466878 seconds. Fastest Tactic: 0x0000000000000000 Time: 0.0136162
[08/20/2026-18:38:38] [V] [TRT] >>>>>>>>>>>>>>> Chose Runner Type: Shuffle Tactic: 0x0000000000000000
[08/20/2026-18:38:38] [V] [TRT] *************** Autotuning format combination: Half(1000,1,1,1) -> Half(1000,1) ***************
[08/20/2026-18:38:38] [V] [TRT] --------------- Timing Runner: reshape_after_/fc/Gemm (Shuffle[0x8000000d])
[08/20/2026-18:38:38] [V] [TRT] Tactic: 0x0000000000000000 Time: 0.0106929
[08/20/2026-18:38:38] [V] [TRT] Tactic: 0x0000000000000001 Time: 0.0339081
[08/20/2026-18:38:38] [V] [TRT] reshape_after_/fc/Gemm (Shuffle[0x8000000d]) profiling completed in 0.00526874 seconds. Fastest Tactic: 0x0000000000000000 Time: 0.0106929
[08/20/2026-18:38:38] [V] [TRT] >>>>>>>>>>>>>>> Chose Runner Type: Shuffle Tactic: 0x0000000000000000
[08/20/2026-18:38:38] [V] [TRT] *************** Autotuning format combination: Half(500,1:2,500,500) -> Half(1000,1) ***************
[08/20/2026-18:38:38] [V] [TRT] --------------- Timing Runner: reshape_after_/fc/Gemm (Shuffle[0x8000000d])
[08/20/2026-18:38:38] [V] [TRT] Tactic: 0x0000000000000000 Time: 0.0133037
[08/20/2026-18:38:38] [V] [TRT] reshape_after_/fc/Gemm (Shuffle[0x8000000d]) profiling completed in 0.00266354 seconds. Fastest Tactic: 0x0000000000000000 Time: 0.0133037
[08/20/2026-18:38:38] [V] [TRT] >>>>>>>>>>>>>>> Chose Runner Type: Shuffle Tactic: 0x0000000000000000
[08/20/2026-18:38:38] [V] [TRT] *************** Autotuning format combination: Half(125,1:8,125,125) -> Half(1000,1) ***************
[08/20/2026-18:38:38] [V] [TRT] --------------- Timing Runner: reshape_after_/fc/Gemm (Shuffle[0x8000000d])
[08/20/2026-18:38:38] [V] [TRT] Tactic: 0x0000000000000000 Time: 0.013359
[08/20/2026-18:38:38] [V] [TRT] reshape_after_/fc/Gemm (Shuffle[0x8000000d]) profiling completed in 0.00222459 seconds. Fastest Tactic: 0x0000000000000000 Time: 0.013359
[08/20/2026-18:38:38] [V] [TRT] >>>>>>>>>>>>>>> Chose Runner Type: Shuffle Tactic: 0x0000000000000000
[08/20/2026-18:38:38] [V] [TRT] =============== Computing reformatting costs for available format set
[08/20/2026-18:38:38] [V] [TRT] =============== Computing reformatting costs: 
[08/20/2026-18:38:38] [V] [TRT] *************** Autotuning Reformat: Float(150528,50176,224,1) -> Half(150528,50176,224,1) ***************
[08/20/2026-18:38:38] [V] [TRT] --------------- Timing Runner: Optimizer Reformat(input -> <out>) (Reformat[0x80000006])
[08/20/2026-18:38:38] [V] [TRT] Tactic: 0x00000000000003e8 Time: 0.0182903
[08/20/2026-18:38:38] [V] [TRT] Tactic: 0x00000000000003ea Time: 0.022464
[08/20/2026-18:38:38] [V] [TRT] Tactic: 0x0000000000000000 Time: 0.051549
[08/20/2026-18:38:38] [V] [TRT] Optimizer Reformat(input -> <out>) (Reformat[0x80000006]) profiling completed in 0.00991618 seconds. Fastest Tactic: 0x00000000000003e8 Time: 0.0182903
[08/20/2026-18:38:38] [V] [TRT] *************** Autotuning Reformat: Float(150528,50176,224,1) -> Half(50176,1:4,224,1) ***************
[08/20/2026-18:38:38] [V] [TRT] --------------- Timing Runner: Optimizer Reformat(input -> <out>) (Reformat[0x80000006])
[08/20/2026-18:38:38] [V] [TRT] Tactic: 0x00000000000003e8 Time: 0.0555901
[08/20/2026-18:38:38] [V] [TRT] Tactic: 0x00000000000003ea Time: 0.0305792
[08/20/2026-18:38:38] [V] [TRT] Tactic: 0x0000000000000000 Time: 0.0553432
[08/20/2026-18:38:38] [V] [TRT] Optimizer Reformat(input -> <out>) (Reformat[0x80000006]) profiling completed in 0.00810004 seconds. Fastest Tactic: 0x00000000000003ea Time: 0.0305792
[08/20/2026-18:38:38] [V] [TRT] *************** Autotuning Reformat: Float(150528,50176,224,1) -> Half(50176,50176:16,224,1) ***************
[08/20/2026-18:38:38] [V] [TRT] --------------- Timing Runner: Optimizer Reformat(input -> <out>) (Reformat[0x80000006])
[08/20/2026-18:38:38] [V] [TRT] Tactic: 0x00000000000003e8 Time: 0.664178
[08/20/2026-18:38:38] [V] [TRT] Tactic: 0x00000000000003ea Time: 0.073856
[08/20/2026-18:38:38] [V] [TRT] Tactic: 0x0000000000000000 Time: 0.661934
[08/20/2026-18:38:38] [V] [TRT] Optimizer Reformat(input -> <out>) (Reformat[0x80000006]) profiling completed in 0.0167085 seconds. Fastest Tactic: 0x00000000000003ea Time: 0.073856
[08/20/2026-18:38:38] [V] [TRT] =============== Computing reformatting costs for available format set
[08/20/2026-18:38:38] [V] [TRT] =============== Computing reformatting costs: 
[08/20/2026-18:38:38] [V] [TRT] *************** Autotuning Reformat: Half(458752,224,32,1) -> Float(100352,49,7,1) ***************
[08/20/2026-18:38:38] [V] [TRT] --------------- Timing Runner: Optimizer Reformat(/layer4/layer4.2/relu_2/Relu_output_0 -> <out>) (Reformat[0x80000006])
[08/20/2026-18:38:38] [V] [TRT] Tactic: 0x00000000000003e8 Time: 0.0327223
[08/20/2026-18:38:38] [V] [TRT] Tactic: 0x00000000000003ea Time: 0.0669059
[08/20/2026-18:38:38] [V] [TRT] Tactic: 0x0000000000000000 Time: 0.0326537
[08/20/2026-18:38:38] [V] [TRT] Optimizer Reformat(/layer4/layer4.2/relu_2/Relu_output_0 -> <out>) (Reformat[0x80000006]) profiling completed in 0.00861159 seconds. Fastest Tactic: 0x0000000000000000 Time: 0.0326537
[08/20/2026-18:38:38] [V] [TRT] *************** Autotuning Reformat: Half(458752,224,32,1) -> Float(25088,1:4,3584,512) ***************
[08/20/2026-18:38:38] [V] [TRT] --------------- Timing Runner: Optimizer Reformat(/layer4/layer4.2/relu_2/Relu_output_0 -> <out>) (Reformat[0x80000006])
[08/20/2026-18:38:38] [V] [TRT] Tactic: 0x00000000000003e8 Time: 0.0472126
[08/20/2026-18:38:38] [V] [TRT] Tactic: 0x00000000000003ea Time: 0.0499596
[08/20/2026-18:38:38] [V] [TRT] Tactic: 0x0000000000000000 Time: 0.0472846
[08/20/2026-18:38:38] [V] [TRT] Optimizer Reformat(/layer4/layer4.2/relu_2/Relu_output_0 -> <out>) (Reformat[0x80000006]) profiling completed in 0.00861847 seconds. Fastest Tactic: 0x00000000000003e8 Time: 0.0472126
[08/20/2026-18:38:38] [V] [TRT] *************** Autotuning Reformat: Half(458752,224,32,1) -> Half(100352,49,7,1) ***************
[08/20/2026-18:38:38] [V] [TRT] --------------- Timing Runner: Optimizer Reformat(/layer4/layer4.2/relu_2/Relu_output_0 -> <out>) (Reformat[0x80000006])
[08/20/2026-18:38:38] [V] [TRT] Tactic: 0x00000000000003e8 Time: 0.0303945
[08/20/2026-18:38:38] [V] [TRT] Tactic: 0x00000000000003ea Time: 0.0385211
[08/20/2026-18:38:38] [V] [TRT] Tactic: 0x0000000000000000 Time: 0.0304841
[08/20/2026-18:38:38] [V] [TRT] Optimizer Reformat(/layer4/layer4.2/relu_2/Relu_output_0 -> <out>) (Reformat[0x80000006]) profiling completed in 0.00864608 seconds. Fastest Tactic: 0x00000000000003e8 Time: 0.0303945
[08/20/2026-18:38:38] [V] [TRT] *************** Autotuning Reformat: Half(458752,224,32,1) -> Half(12544,1:8,1792,256) ***************
[08/20/2026-18:38:38] [V] [TRT] --------------- Timing Runner: Optimizer Reformat(/layer4/layer4.2/relu_2/Relu_output_0 -> <out>) (Reformat[0x80000006])
[08/20/2026-18:38:38] [V] [TRT] Tactic: 0x00000000000003e8 Time: 0.046888
[08/20/2026-18:38:38] [V] [TRT] Tactic: 0x00000000000003ea Time: 0.0593463
[08/20/2026-18:38:38] [V] [TRT] Tactic: 0x0000000000000000 Time: 0.0467394
[08/20/2026-18:38:38] [V] [TRT] Optimizer Reformat(/layer4/layer4.2/relu_2/Relu_output_0 -> <out>) (Reformat[0x80000006]) profiling completed in 0.00928911 seconds. Fastest Tactic: 0x0000000000000000 Time: 0.0467394
[08/20/2026-18:38:38] [V] [TRT] *************** Autotuning Reformat: Half(6272,49:16,7,1) -> Float(100352,49,7,1) ***************
[08/20/2026-18:38:38] [V] [TRT] --------------- Timing Runner: Optimizer Reformat(/layer4/layer4.2/relu_2/Relu_output_0 -> <out>) (Reformat[0x80000006])
[08/20/2026-18:38:38] [V] [TRT] Tactic: 0x00000000000003e8 Time: 0.0353728
[08/20/2026-18:38:38] [V] [TRT] Tactic: 0x00000000000003ea Time: 0.0362983
[08/20/2026-18:38:38] [V] [TRT] Tactic: 0x0000000000000000 Time: 0.0353984
[08/20/2026-18:38:38] [V] [TRT] Optimizer Reformat(/layer4/layer4.2/relu_2/Relu_output_0 -> <out>) (Reformat[0x80000006]) profiling completed in 0.00894034 seconds. Fastest Tactic: 0x00000000000003e8 Time: 0.0353728
[08/20/2026-18:38:38] [V] [TRT] *************** Autotuning Reformat: Half(6272,49:16,7,1) -> Float(25088,1:4,3584,512) ***************
[08/20/2026-18:38:38] [V] [TRT] --------------- Timing Runner: Optimizer Reformat(/layer4/layer4.2/relu_2/Relu_output_0 -> <out>) (Reformat[0x80000006])
[08/20/2026-18:38:38] [V] [TRT] Tactic: 0x00000000000003e8 Time: 0.0400206
[08/20/2026-18:38:38] [V] [TRT] Tactic: 0x00000000000003ea Time: 0.0271284
[08/20/2026-18:38:38] [V] [TRT] Tactic: 0x0000000000000000 Time: 0.0401131
[08/20/2026-18:38:38] [V] [TRT] Optimizer Reformat(/layer4/layer4.2/relu_2/Relu_output_0 -> <out>) (Reformat[0x80000006]) profiling completed in 0.00871801 seconds. Fastest Tactic: 0x00000000000003ea Time: 0.0271284
[08/20/2026-18:38:38] [V] [TRT] *************** Autotuning Reformat: Half(6272,49:16,7,1) -> Half(100352,49,7,1) ***************
[08/20/2026-18:38:38] [V] [TRT] --------------- Timing Runner: Optimizer Reformat(/layer4/layer4.2/relu_2/Relu_output_0 -> <out>) (Reformat[0x80000006])
[08/20/2026-18:38:38] [V] [TRT] Tactic: 0x00000000000003e8 Time: 0.0325888
[08/20/2026-18:38:38] [V] [TRT] Tactic: 0x00000000000003ea Time: 0.0703284
[08/20/2026-18:38:38] [V] [TRT] Tactic: 0x0000000000000000 Time: 0.0325961
[08/20/2026-18:38:38] [V] [TRT] Optimizer Reformat(/layer4/layer4.2/relu_2/Relu_output_0 -> <out>) (Reformat[0x80000006]) profiling completed in 0.00924128 seconds. Fastest Tactic: 0x00000000000003e8 Time: 0.0325888
[08/20/2026-18:38:38] [V] [TRT] *************** Autotuning Reformat: Half(6272,49:16,7,1) -> Half(12544,1:8,1792,256) ***************
[08/20/2026-18:38:38] [V] [TRT] --------------- Timing Runner: Optimizer Reformat(/layer4/layer4.2/relu_2/Relu_output_0 -> <out>) (Reformat[0x80000006])
[08/20/2026-18:38:38] [V] [TRT] Tactic: 0x00000000000003e8 Time: 0.037208
[08/20/2026-18:38:38] [V] [TRT] Tactic: 0x00000000000003ea Time: 0.0342656
[08/20/2026-18:38:38] [V] [TRT] Tactic: 0x0000000000000000 Time: 0.0371097
[08/20/2026-18:38:38] [V] [TRT] Optimizer Reformat(/layer4/layer4.2/relu_2/Relu_output_0 -> <out>) (Reformat[0x80000006]) profiling completed in 0.00859044 seconds. Fastest Tactic: 0x00000000000003ea Time: 0.0342656
[08/20/2026-18:38:38] [V] [TRT] =============== Computing reformatting costs for available format set
[08/20/2026-18:38:38] [V] [TRT] =============== Computing reformatting costs: 
[08/20/2026-18:38:38] [V] [TRT] *************** Autotuning Reformat: Float(2048,1,1,1) -> Half(65536,32,32,1) ***************
[08/20/2026-18:38:38] [V] [TRT] --------------- Timing Runner: Optimizer Reformat(/avgpool/GlobalAveragePool_output_0 -> <out>) (Reformat[0x80000006])
[08/20/2026-18:38:38] [V] [TRT] Tactic: 0x00000000000003e8 Time: 0.0142043
[08/20/2026-18:38:38] [V] [TRT] Tactic: 0x00000000000003ea Time: 0.0293285
[08/20/2026-18:38:38] [V] [TRT] Tactic: 0x0000000000000000 Time: 0.0142163
[08/20/2026-18:38:38] [V] [TRT] Optimizer Reformat(/avgpool/GlobalAveragePool_output_0 -> <out>) (Reformat[0x80000006]) profiling completed in 0.00875878 seconds. Fastest Tactic: 0x00000000000003e8 Time: 0.0142043
[08/20/2026-18:38:38] [V] [TRT] *************** Autotuning Reformat: Float(2048,1,1,1) -> Half(128,1:16,1,1) ***************
[08/20/2026-18:38:38] [V] [TRT] --------------- Timing Runner: Optimizer Reformat(/avgpool/GlobalAveragePool_output_0 -> <out>) (Reformat[0x80000006])
[08/20/2026-18:38:38] [V] [TRT] Tactic: 0x00000000000003e8 Time: 0.0136482
[08/20/2026-18:38:38] [V] [TRT] Tactic: 0x00000000000003ea Time: 0.0290523
[08/20/2026-18:38:38] [V] [TRT] Tactic: 0x0000000000000000 Time: 0.0134408
[08/20/2026-18:38:38] [V] [TRT] Optimizer Reformat(/avgpool/GlobalAveragePool_output_0 -> <out>) (Reformat[0x80000006]) profiling completed in 0.00855825 seconds. Fastest Tactic: 0x0000000000000000 Time: 0.0134408
[08/20/2026-18:38:38] [V] [TRT] *************** Autotuning Reformat: Float(512,1:4,512,512) -> Half(65536,32,32,1) ***************
[08/20/2026-18:38:38] [V] [TRT] --------------- Timing Runner: Optimizer Reformat(/avgpool/GlobalAveragePool_output_0 -> <out>) (Reformat[0x80000006])
[08/20/2026-18:38:38] [V] [TRT] Tactic: 0x00000000000003e8 Time: 0.0142051
[08/20/2026-18:38:38] [V] [TRT] Tactic: 0x00000000000003ea Time: 0.0291328
[08/20/2026-18:38:38] [V] [TRT] Tactic: 0x0000000000000000 Time: 0.0141935
[08/20/2026-18:38:38] [V] [TRT] Optimizer Reformat(/avgpool/GlobalAveragePool_output_0 -> <out>) (Reformat[0x80000006]) profiling completed in 0.0087886 seconds. Fastest Tactic: 0x0000000000000000 Time: 0.0141935
[08/20/2026-18:38:38] [V] [TRT] *************** Autotuning Reformat: Float(512,1:4,512,512) -> Half(128,1:16,1,1) ***************
[08/20/2026-18:38:38] [V] [TRT] --------------- Timing Runner: Optimizer Reformat(/avgpool/GlobalAveragePool_output_0 -> <out>) (Reformat[0x80000006])
[08/20/2026-18:38:38] [V] [TRT] Tactic: 0x00000000000003e8 Time: 0.0135684
[08/20/2026-18:38:38] [V] [TRT] Tactic: 0x00000000000003ea Time: 0.0292663
[08/20/2026-18:38:38] [V] [TRT] Tactic: 0x0000000000000000 Time: 0.0135713
[08/20/2026-18:38:38] [V] [TRT] Optimizer Reformat(/avgpool/GlobalAveragePool_output_0 -> <out>) (Reformat[0x80000006]) profiling completed in 0.00863731 seconds. Fastest Tactic: 0x00000000000003e8 Time: 0.0135684
[08/20/2026-18:38:38] [V] [TRT] *************** Autotuning Reformat: Half(2048,1,1,1) -> Half(65536,32,32,1) ***************
[08/20/2026-18:38:38] [V] [TRT] --------------- Timing Runner: Optimizer Reformat(/avgpool/GlobalAveragePool_output_0 -> <out>) (Reformat[0x80000006])
[08/20/2026-18:38:38] [V] [TRT] Tactic: 0x00000000000003e8 Time: 0.0141274
[08/20/2026-18:38:38] [V] [TRT] Tactic: 0x00000000000003ea Time: 0.0327963
[08/20/2026-18:38:38] [V] [TRT] Tactic: 0x0000000000000000 Time: 0.0146345
[08/20/2026-18:38:38] [V] [TRT] Optimizer Reformat(/avgpool/GlobalAveragePool_output_0 -> <out>) (Reformat[0x80000006]) profiling completed in 0.00877923 seconds. Fastest Tactic: 0x00000000000003e8 Time: 0.0141274
[08/20/2026-18:38:38] [V] [TRT] *************** Autotuning Reformat: Half(2048,1,1,1) -> Half(128,1:16,1,1) ***************
[08/20/2026-18:38:38] [V] [TRT] --------------- Timing Runner: Optimizer Reformat(/avgpool/GlobalAveragePool_output_0 -> <out>) (Reformat[0x80000006])
[08/20/2026-18:38:38] [V] [TRT] Tactic: 0x00000000000003e8 Time: 0.0134068
[08/20/2026-18:38:38] [V] [TRT] Tactic: 0x00000000000003ea Time: 0.0320805
[08/20/2026-18:38:38] [V] [TRT] Tactic: 0x0000000000000000 Time: 0.013514
[08/20/2026-18:38:38] [V] [TRT] Optimizer Reformat(/avgpool/GlobalAveragePool_output_0 -> <out>) (Reformat[0x80000006]) profiling completed in 0.00871517 seconds. Fastest Tactic: 0x00000000000003e8 Time: 0.0134068
[08/20/2026-18:38:38] [V] [TRT] *************** Autotuning Reformat: Half(256,1:8,256,256) -> Half(65536,32,32,1) ***************
[08/20/2026-18:38:38] [V] [TRT] --------------- Timing Runner: Optimizer Reformat(/avgpool/GlobalAveragePool_output_0 -> <out>) (Reformat[0x80000006])
[08/20/2026-18:38:38] [V] [TRT] Tactic: 0x00000000000003e8 Time: 0.0140825
[08/20/2026-18:38:38] [V] [TRT] Tactic: 0x00000000000003ea Time: 0.031584
[08/20/2026-18:38:38] [V] [TRT] Tactic: 0x0000000000000000 Time: 0.0142113
[08/20/2026-18:38:38] [V] [TRT] Optimizer Reformat(/avgpool/GlobalAveragePool_output_0 -> <out>) (Reformat[0x80000006]) profiling completed in 0.0088173 seconds. Fastest Tactic: 0x00000000000003e8 Time: 0.0140825
[08/20/2026-18:38:38] [V] [TRT] *************** Autotuning Reformat: Half(256,1:8,256,256) -> Half(128,1:16,1,1) ***************
[08/20/2026-18:38:38] [V] [TRT] --------------- Timing Runner: Optimizer Reformat(/avgpool/GlobalAveragePool_output_0 -> <out>) (Reformat[0x80000006])
[08/20/2026-18:38:38] [V] [TRT] Tactic: 0x00000000000003e8 Time: 0.0135314
[08/20/2026-18:38:38] [V] [TRT] Tactic: 0x00000000000003ea Time: 0.0328631
[08/20/2026-18:38:38] [V] [TRT] Tactic: 0x0000000000000000 Time: 0.0135273
[08/20/2026-18:38:38] [V] [TRT] Optimizer Reformat(/avgpool/GlobalAveragePool_output_0 -> <out>) (Reformat[0x80000006]) profiling completed in 0.00866515 seconds. Fastest Tactic: 0x0000000000000000 Time: 0.0135273
[08/20/2026-18:38:38] [V] [TRT] =============== Computing reformatting costs for available format set
[08/20/2026-18:38:38] [V] [TRT] =============== Computing reformatting costs: 
[08/20/2026-18:38:38] [V] [TRT] *************** Autotuning Reformat: Half(32000,32,32,1) -> Float(1000,1,1,1) ***************
[08/20/2026-18:38:38] [V] [TRT] --------------- Timing Runner: Optimizer Reformat(/fc/Gemm_conv_out -> <out>) (Reformat[0x80000006])
[08/20/2026-18:38:38] [V] [TRT] Tactic: 0x00000000000003e8 Time: 0.0136761
[08/20/2026-18:38:38] [V] [TRT] Tactic: 0x00000000000003ea Time: 0.0306917
[08/20/2026-18:38:38] [V] [TRT] Tactic: 0x0000000000000000 Time: 0.0135576
[08/20/2026-18:38:39] [V] [TRT] Optimizer Reformat(/fc/Gemm_conv_out -> <out>) (Reformat[0x80000006]) profiling completed in 0.00859949 seconds. Fastest Tactic: 0x0000000000000000 Time: 0.0135576
[08/20/2026-18:38:39] [V] [TRT] *************** Autotuning Reformat: Half(32000,32,32,1) -> Float(250,1:4,250,250) ***************
[08/20/2026-18:38:39] [V] [TRT] --------------- Timing Runner: Optimizer Reformat(/fc/Gemm_conv_out -> <out>) (Reformat[0x80000006])
[08/20/2026-18:38:39] [V] [TRT] Tactic: 0x00000000000003e8 Time: 0.0139645
[08/20/2026-18:38:39] [V] [TRT] Tactic: 0x00000000000003ea Time: 0.0277493
[08/20/2026-18:38:39] [V] [TRT] Tactic: 0x0000000000000000 Time: 0.0139316
[08/20/2026-18:38:39] [V] [TRT] Optimizer Reformat(/fc/Gemm_conv_out -> <out>) (Reformat[0x80000006]) profiling completed in 0.00879337 seconds. Fastest Tactic: 0x0000000000000000 Time: 0.0139316
[08/20/2026-18:38:39] [V] [TRT] *************** Autotuning Reformat: Half(32000,32,32,1) -> Half(1000,1,1,1) ***************
[08/20/2026-18:38:39] [V] [TRT] --------------- Timing Runner: Optimizer Reformat(/fc/Gemm_conv_out -> <out>) (Reformat[0x80000006])
[08/20/2026-18:38:39] [V] [TRT] Tactic: 0x00000000000003e8 Time: 0.0135381
[08/20/2026-18:38:39] [V] [TRT] Tactic: 0x00000000000003ea Time: 0.0310089
[08/20/2026-18:38:39] [V] [TRT] Tactic: 0x0000000000000000 Time: 0.0133702
[08/20/2026-18:38:39] [V] [TRT] Optimizer Reformat(/fc/Gemm_conv_out -> <out>) (Reformat[0x80000006]) profiling completed in 0.00859466 seconds. Fastest Tactic: 0x0000000000000000 Time: 0.0133702
[08/20/2026-18:38:39] [V] [TRT] *************** Autotuning Reformat: Half(32000,32,32,1) -> Half(500,1:2,500,500) ***************
[08/20/2026-18:38:39] [V] [TRT] --------------- Timing Runner: Optimizer Reformat(/fc/Gemm_conv_out -> <out>) (Reformat[0x80000006])
[08/20/2026-18:38:39] [V] [TRT] Tactic: 0x00000000000003e8 Time: 0.0137209
[08/20/2026-18:38:39] [V] [TRT] Tactic: 0x00000000000003ea Time: 0.0305097
[08/20/2026-18:38:39] [V] [TRT] Tactic: 0x0000000000000000 Time: 0.013627
[08/20/2026-18:38:39] [V] [TRT] Optimizer Reformat(/fc/Gemm_conv_out -> <out>) (Reformat[0x80000006]) profiling completed in 0.00865427 seconds. Fastest Tactic: 0x0000000000000000 Time: 0.013627
[08/20/2026-18:38:39] [V] [TRT] *************** Autotuning Reformat: Half(32000,32,32,1) -> Half(125,1:8,125,125) ***************
[08/20/2026-18:38:39] [V] [TRT] --------------- Timing Runner: Optimizer Reformat(/fc/Gemm_conv_out -> <out>) (Reformat[0x80000006])
[08/20/2026-18:38:39] [V] [TRT] Tactic: 0x00000000000003e8 Time: 0.0134807
[08/20/2026-18:38:39] [V] [TRT] Tactic: 0x00000000000003ea Time: 0.0300581
[08/20/2026-18:38:39] [V] [TRT] Tactic: 0x0000000000000000 Time: 0.0135306
[08/20/2026-18:38:39] [V] [TRT] Optimizer Reformat(/fc/Gemm_conv_out -> <out>) (Reformat[0x80000006]) profiling completed in 0.00866323 seconds. Fastest Tactic: 0x00000000000003e8 Time: 0.0134807
[08/20/2026-18:38:39] [V] [TRT] *************** Autotuning Reformat: Half(63,1:16,1,1) -> Float(1000,1,1,1) ***************
[08/20/2026-18:38:39] [V] [TRT] --------------- Timing Runner: Optimizer Reformat(/fc/Gemm_conv_out -> <out>) (Reformat[0x80000006])
[08/20/2026-18:38:39] [V] [TRT] Tactic: 0x00000000000003e8 Time: 0.0134703
[08/20/2026-18:38:39] [V] [TRT] Tactic: 0x00000000000003ea Time: 0.0275657
[08/20/2026-18:38:39] [V] [TRT] Tactic: 0x0000000000000000 Time: 0.0134192
[08/20/2026-18:38:39] [V] [TRT] Optimizer Reformat(/fc/Gemm_conv_out -> <out>) (Reformat[0x80000006]) profiling completed in 0.00863549 seconds. Fastest Tactic: 0x0000000000000000 Time: 0.0134192
[08/20/2026-18:38:39] [V] [TRT] *************** Autotuning Reformat: Half(63,1:16,1,1) -> Float(250,1:4,250,250) ***************
[08/20/2026-18:38:39] [V] [TRT] --------------- Timing Runner: Optimizer Reformat(/fc/Gemm_conv_out -> <out>) (Reformat[0x80000006])
[08/20/2026-18:38:39] [V] [TRT] Tactic: 0x00000000000003e8 Time: 0.0134629
[08/20/2026-18:38:39] [V] [TRT] Tactic: 0x00000000000003ea Time: 0.0269242
[08/20/2026-18:38:39] [V] [TRT] Tactic: 0x0000000000000000 Time: 0.013482
[08/20/2026-18:38:39] [V] [TRT] Optimizer Reformat(/fc/Gemm_conv_out -> <out>) (Reformat[0x80000006]) profiling completed in 0.0085666 seconds. Fastest Tactic: 0x00000000000003e8 Time: 0.0134629
[08/20/2026-18:38:39] [V] [TRT] *************** Autotuning Reformat: Half(63,1:16,1,1) -> Half(1000,1,1,1) ***************
[08/20/2026-18:38:39] [V] [TRT] --------------- Timing Runner: Optimizer Reformat(/fc/Gemm_conv_out -> <out>) (Reformat[0x80000006])
[08/20/2026-18:38:39] [V] [TRT] Tactic: 0x00000000000003e8 Time: 0.0133241
[08/20/2026-18:38:39] [V] [TRT] Tactic: 0x00000000000003ea Time: 0.0285585
[08/20/2026-18:38:39] [V] [TRT] Tactic: 0x0000000000000000 Time: 0.0131636
[08/20/2026-18:38:39] [V] [TRT] Optimizer Reformat(/fc/Gemm_conv_out -> <out>) (Reformat[0x80000006]) profiling completed in 0.00871251 seconds. Fastest Tactic: 0x0000000000000000 Time: 0.0131636
[08/20/2026-18:38:39] [V] [TRT] *************** Autotuning Reformat: Half(63,1:16,1,1) -> Half(500,1:2,500,500) ***************
[08/20/2026-18:38:39] [V] [TRT] --------------- Timing Runner: Optimizer Reformat(/fc/Gemm_conv_out -> <out>) (Reformat[0x80000006])
[08/20/2026-18:38:39] [V] [TRT] Tactic: 0x00000000000003e8 Time: 0.0133723
[08/20/2026-18:38:39] [V] [TRT] Tactic: 0x00000000000003ea Time: 0.027971
[08/20/2026-18:38:39] [V] [TRT] Tactic: 0x0000000000000000 Time: 0.0132609
[08/20/2026-18:38:39] [V] [TRT] Optimizer Reformat(/fc/Gemm_conv_out -> <out>) (Reformat[0x80000006]) profiling completed in 0.00862045 seconds. Fastest Tactic: 0x0000000000000000 Time: 0.0132609
[08/20/2026-18:38:39] [V] [TRT] *************** Autotuning Reformat: Half(63,1:16,1,1) -> Half(125,1:8,125,125) ***************
[08/20/2026-18:38:39] [V] [TRT] --------------- Timing Runner: Optimizer Reformat(/fc/Gemm_conv_out -> <out>) (Reformat[0x80000006])
[08/20/2026-18:38:39] [V] [TRT] Tactic: 0x00000000000003e8 Time: 0.0133295
[08/20/2026-18:38:39] [V] [TRT] Tactic: 0x00000000000003ea Time: 0.0287634
[08/20/2026-18:38:39] [V] [TRT] Tactic: 0x0000000000000000 Time: 0.0133328
[08/20/2026-18:38:39] [V] [TRT] Optimizer Reformat(/fc/Gemm_conv_out -> <out>) (Reformat[0x80000006]) profiling completed in 0.00838296 seconds. Fastest Tactic: 0x00000000000003e8 Time: 0.0133295
[08/20/2026-18:38:39] [V] [TRT] =============== Computing reformatting costs for available format set
[08/20/2026-18:38:39] [V] [TRT] =============== Computing reformatting costs: 
[08/20/2026-18:38:39] [V] [TRT] *************** Autotuning Reformat: Half(1000,1) -> Float(1000,1) ***************
[08/20/2026-18:38:39] [V] [TRT] --------------- Timing Runner: Optimizer Reformat(<in> -> logits) (Reformat[0x80000006])
[08/20/2026-18:38:39] [V] [TRT] Tactic: 0x00000000000003e8 Time: 0.011302
[08/20/2026-18:38:39] [V] [TRT] Tactic: 0x00000000000003ea Time: 0.0238949
[08/20/2026-18:38:39] [V] [TRT] Tactic: 0x0000000000000000 Time: 0.0111743
[08/20/2026-18:38:39] [V] [TRT] Optimizer Reformat(<in> -> logits) (Reformat[0x80000006]) profiling completed in 0.00843394 seconds. Fastest Tactic: 0x0000000000000000 Time: 0.0111743
[08/20/2026-18:38:39] [V] [TRT] Adding reformat layer: Reformatted Input Tensor 0 to {ForeignNode[/conv1/Conv.../layer4/layer4.2/relu_2/Relu]} (input) from Float(150528,50176,224,1) to Half(50176,50176:16,224,1)
[08/20/2026-18:38:39] [V] [TRT] Adding reformat layer: Reformatted Input Tensor 0 to /avgpool/GlobalAveragePool (/layer4/layer4.2/relu_2/Relu_output_0) from Half(6272,49:16,7,1) to Float(25088,1:4,3584,512)
[08/20/2026-18:38:39] [V] [TRT] Adding reformat layer: Reformatted Input Tensor 0 to {ForeignNode[/fc/Gemm + (Unnamed Layer* 125) [ElementWise]]} (/avgpool/GlobalAveragePool_output_0) from Float(512,1:4,512,512) to Half(65536,32,32,1)
[08/20/2026-18:38:39] [V] [TRT] Adding reformat layer: Reformatted Input Tensor 0 to reshape_after_/fc/Gemm (/fc/Gemm_conv_out) from Half(32000,32,32,1) to Float(1000,1,1,1)
[08/20/2026-18:38:39] [V] [TRT] Formats and tactics selection completed in 7.74688 seconds.
[08/20/2026-18:38:39] [V] [TRT] After reformat layers: 8 layers
[08/20/2026-18:38:39] [V] [TRT] Total number of blocks in pre-optimized block assignment: 8
[08/20/2026-18:38:39] [I] [TRT] Detected 1 inputs and 1 output network tensors.
[08/20/2026-18:38:39] [V] [TRT] {ForeignNode[/conv1/Conv.../layer4/layer4.2/relu_2/Relu]}: DLA Network Layer Information:
Layer(CONVOLUTION): /conv1/Conv, Precision: Half, input'[Half([1,3,224,224])] -> /conv1/Conv_output_0'[Half([1,64,112,112])]
Layer(ACTIVATION): /relu/Relu, Precision: Half, /conv1/Conv_output_0'[Half([1,64,112,112])] -> /relu/Relu_output_0'[Half([1,64,112,112])]
Layer(POOLING): /maxpool/MaxPool, Precision: Half, /relu/Relu_output_0'[Half([1,64,112,112])] -> /maxpool/MaxPool_output_0'[Half([1,64,56,56])]
Layer(CONVOLUTION): /layer1/layer1.0/conv1/Conv, Precision: Half, /maxpool/MaxPool_output_0'[Half([1,64,56,56])] -> /layer1/layer1.0/conv1/Conv_output_0'[Half([1,64,56,56])]
Layer(ACTIVATION): /layer1/layer1.0/relu/Relu, Precision: Half, /layer1/layer1.0/conv1/Conv_output_0'[Half([1,64,56,56])] -> /layer1/layer1.0/relu/Relu_output_0'[Half([1,64,56,56])]
Layer(CONVOLUTION): /layer1/layer1.0/conv2/Conv, Precision: Half, /layer1/layer1.0/relu/Relu_output_0'[Half([1,64,56,56])] -> /layer1/layer1.0/conv2/Conv_output_0'[Half([1,64,56,56])]
Layer(ACTIVATION): /layer1/layer1.0/relu_1/Relu, Precision: Half, /layer1/layer1.0/conv2/Conv_output_0'[Half([1,64,56,56])] -> /layer1/layer1.0/relu_1/Relu_output_0'[Half([1,64,56,56])]
Layer(CONVOLUTION): /layer1/layer1.0/conv3/Conv, Precision: Half, /layer1/layer1.0/relu_1/Relu_output_0'[Half([1,64,56,56])] -> /layer1/layer1.0/conv3/Conv_output_0'[Half([1,256,56,56])]
Layer(CONVOLUTION): /layer1/layer1.0/downsample/downsample.0/Conv, Precision: Half, /maxpool/MaxPool_output_0'[Half([1,64,56,56])] -> /layer1/layer1.0/downsample/downsample.0/Conv_output_0'[Half([1,256,56,56])]
Layer(ELEMENTWISE): /layer1/layer1.0/Add, Precision: Half, /layer1/layer1.0/conv3/Conv_output_0'[Half([1,256,56,56])], /layer1/layer1.0/downsample/downsample.0/Conv_output_0'[Half([1,256,56,56])] -> /layer1/layer1.0/Add_output_0'[Half([1,256,56,56])]
Layer(ACTIVATION): /layer1/layer1.0/relu_2/Relu, Precision: Half, /layer1/layer1.0/Add_output_0'[Half([1,256,56,56])] -> /layer1/layer1.0/relu_2/Relu_output_0'[Half([1,256,56,56])]
Layer(CONVOLUTION): /layer1/layer1.1/conv1/Conv, Precision: Half, /layer1/layer1.0/relu_2/Relu_output_0'[Half([1,256,56,56])] -> /layer1/layer1.1/conv1/Conv_output_0'[Half([1,64,56,56])]
Layer(ACTIVATION): /layer1/layer1.1/relu/Relu, Precision: Half, /layer1/layer1.1/conv1/Conv_output_0'[Half([1,64,56,56])] -> /layer1/layer1.1/relu/Relu_output_0'[Half([1,64,56,56])]
Layer(CONVOLUTION): /layer1/layer1.1/conv2/Conv, Precision: Half, /layer1/layer1.1/relu/Relu_output_0'[Half([1,64,56,56])] -> /layer1/layer1.1/conv2/Conv_output_0'[Half([1,64,56,56])]
Layer(ACTIVATION): /layer1/layer1.1/relu_1/Relu, Precision: Half, /layer1/layer1.1/conv2/Conv_output_0'[Half([1,64,56,56])] -> /layer1/layer1.1/relu_1/Relu_output_0'[Half([1,64,56,56])]
Layer(CONVOLUTION): /layer1/layer1.1/conv3/Conv, Precision: Half, /layer1/layer1.1/relu_1/Relu_output_0'[Half([1,64,56,56])] -> /layer1/layer1.1/conv3/Conv_output_0'[Half([1,256,56,56])]
Layer(ELEMENTWISE): /layer1/layer1.1/Add, Precision: Half, /layer1/layer1.1/conv3/Conv_output_0'[Half([1,256,56,56])], /layer1/layer1.0/relu_2/Relu_output_0'[Half([1,256,56,56])] -> /layer1/layer1.1/Add_output_0'[Half([1,256,56,56])]
Layer(ACTIVATION): /layer1/layer1.1/relu_2/Relu, Precision: Half, /layer1/layer1.1/Add_output_0'[Half([1,256,56,56])] -> /layer1/layer1.1/relu_2/Relu_output_0'[Half([1,256,56,56])]
Layer(CONVOLUTION): /layer1/layer1.2/conv1/Conv, Precision: Half, /layer1/layer1.1/relu_2/Relu_output_0'[Half([1,256,56,56])] -> /layer1/layer1.2/conv1/Conv_output_0'[Half([1,64,56,56])]
Layer(ACTIVATION): /layer1/layer1.2/relu/Relu, Precision: Half, /layer1/layer1.2/conv1/Conv_output_0'[Half([1,64,56,56])] -> /layer1/layer1.2/relu/Relu_output_0'[Half([1,64,56,56])]
Layer(CONVOLUTION): /layer1/layer1.2/conv2/Conv, Precision: Half, /layer1/layer1.2/relu/Relu_output_0'[Half([1,64,56,56])] -> /layer1/layer1.2/conv2/Conv_output_0'[Half([1,64,56,56])]
Layer(ACTIVATION): /layer1/layer1.2/relu_1/Relu, Precision: Half, /layer1/layer1.2/conv2/Conv_output_0'[Half([1,64,56,56])] -> /layer1/layer1.2/relu_1/Relu_output_0'[Half([1,64,56,56])]
Layer(CONVOLUTION): /layer1/layer1.2/conv3/Conv, Precision: Half, /layer1/layer1.2/relu_1/Relu_output_0'[Half([1,64,56,56])] -> /layer1/layer1.2/conv3/Conv_output_0'[Half([1,256,56,56])]
Layer(ELEMENTWISE): /layer1/layer1.2/Add, Precision: Half, /layer1/layer1.2/conv3/Conv_output_0'[Half([1,256,56,56])], /layer1/layer1.1/relu_2/Relu_output_0'[Half([1,256,56,56])] -> /layer1/layer1.2/Add_output_0'[Half([1,256,56,56])]
Layer(ACTIVATION): /layer1/layer1.2/relu_2/Relu, Precision: Half, /layer1/layer1.2/Add_output_0'[Half([1,256,56,56])] -> /layer1/layer1.2/relu_2/Relu_output_0'[Half([1,256,56,56])]
Layer(CONVOLUTION): /layer2/layer2.0/conv1/Conv, Precision: Half, /layer1/layer1.2/relu_2/Relu_output_0'[Half([1,256,56,56])] -> /layer2/layer2.0/conv1/Conv_output_0'[Half([1,128,56,56])]
Layer(ACTIVATION): /layer2/layer2.0/relu/Relu, Precision: Half, /layer2/layer2.0/conv1/Conv_output_0'[Half([1,128,56,56])] -> /layer2/layer2.0/relu/Relu_output_0'[Half([1,128,56,56])]
Layer(CONVOLUTION): /layer2/layer2.0/conv2/Conv, Precision: Half, /layer2/layer2.0/relu/Relu_output_0'[Half([1,128,56,56])] -> /layer2/layer2.0/conv2/Conv_output_0'[Half([1,128,28,28])]
Layer(ACTIVATION): /layer2/layer2.0/relu_1/Relu, Precision: Half, /layer2/layer2.0/conv2/Conv_output_0'[Half([1,128,28,28])] -> /layer2/layer2.0/relu_1/Relu_output_0'[Half([1,128,28,28])]
Layer(CONVOLUTION): /layer2/layer2.0/conv3/Conv, Precision: Half, /layer2/layer2.0/relu_1/Relu_output_0'[Half([1,128,28,28])] -> /layer2/layer2.0/conv3/Conv_output_0'[Half([1,512,28,28])]
Layer(CONVOLUTION): /layer2/layer2.0/downsample/downsample.0/Conv, Precision: Half, /layer1/layer1.2/relu_2/Relu_output_0'[Half([1,256,56,56])] -> /layer2/layer2.0/downsample/downsample.0/Conv_output_0'[Half([1,512,28,28])]
Layer(ELEMENTWISE): /layer2/layer2.0/Add, Precision: Half, /layer2/layer2.0/conv3/Conv_output_0'[Half([1,512,28,28])], /layer2/layer2.0/downsample/downsample.0/Conv_output_0'[Half([1,512,28,28])] -> /layer2/layer2.0/Add_output_0'[Half([1,512,28,28])]
Layer(ACTIVATION): /layer2/layer2.0/relu_2/Relu, Precision: Half, /layer2/layer2.0/Add_output_0'[Half([1,512,28,28])] -> /layer2/layer2.0/relu_2/Relu_output_0'[Half([1,512,28,28])]
Layer(CONVOLUTION): /layer2/layer2.1/conv1/Conv, Precision: Half, /layer2/layer2.0/relu_2/Relu_output_0'[Half([1,512,28,28])] -> /layer2/layer2.1/conv1/Conv_output_0'[Half([1,128,28,28])]
Layer(ACTIVATION): /layer2/layer2.1/relu/Relu, Precision: Half, /layer2/layer2.1/conv1/Conv_output_0'[Half([1,128,28,28])] -> /layer2/layer2.1/relu/Relu_output_0'[Half([1,128,28,28])]
Layer(CONVOLUTION): /layer2/layer2.1/conv2/Conv, Precision: Half, /layer2/layer2.1/relu/Relu_output_0'[Half([1,128,28,28])] -> /layer2/layer2.1/conv2/Conv_output_0'[Half([1,128,28,28])]
Layer(ACTIVATION): /layer2/layer2.1/relu_1/Relu, Precision: Half, /layer2/layer2.1/conv2/Conv_output_0'[Half([1,128,28,28])] -> /layer2/layer2.1/relu_1/Relu_output_0'[Half([1,128,28,28])]
Layer(CONVOLUTION): /layer2/layer2.1/conv3/Conv, Precision: Half, /layer2/layer2.1/relu_1/Relu_output_0'[Half([1,128,28,28])] -> /layer2/layer2.1/conv3/Conv_output_0'[Half([1,512,28,28])]
Layer(ELEMENTWISE): /layer2/layer2.1/Add, Precision: Half, /layer2/layer2.1/conv3/Conv_output_0'[Half([1,512,28,28])], /layer2/layer2.0/relu_2/Relu_output_0'[Half([1,512,28,28])] -> /layer2/layer2.1/Add_output_0'[Half([1,512,28,28])]
Layer(ACTIVATION): /layer2/layer2.1/relu_2/Relu, Precision: Half, /layer2/layer2.1/Add_output_0'[Half([1,512,28,28])] -> /layer2/layer2.1/relu_2/Relu_output_0'[Half([1,512,28,28])]
Layer(CONVOLUTION): /layer2/layer2.2/conv1/Conv, Precision: Half, /layer2/layer2.1/relu_2/Relu_output_0'[Half([1,512,28,28])] -> /layer2/layer2.2/conv1/Conv_output_0'[Half([1,128,28,28])]
Layer(ACTIVATION): /layer2/layer2.2/relu/Relu, Precision: Half, /layer2/layer2.2/conv1/Conv_output_0'[Half([1,128,28,28])] -> /layer2/layer2.2/relu/Relu_output_0'[Half([1,128,28,28])]
Layer(CONVOLUTION): /layer2/layer2.2/conv2/Conv, Precision: Half, /layer2/layer2.2/relu/Relu_output_0'[Half([1,128,28,28])] -> /layer2/layer2.2/conv2/Conv_output_0'[Half([1,128,28,28])]
Layer(ACTIVATION): /layer2/layer2.2/relu_1/Relu, Precision: Half, /layer2/layer2.2/conv2/Conv_output_0'[Half([1,128,28,28])] -> /layer2/layer2.2/relu_1/Relu_output_0'[Half([1,128,28,28])]
Layer(CONVOLUTION): /layer2/layer2.2/conv3/Conv, Precision: Half, /layer2/layer2.2/relu_1/Relu_output_0'[Half([1,128,28,28])] -> /layer2/layer2.2/conv3/Conv_output_0'[Half([1,512,28,28])]
Layer(ELEMENTWISE): /layer2/layer2.2/Add, Precision: Half, /layer2/layer2.2/conv3/Conv_output_0'[Half([1,512,28,28])], /layer2/layer2.1/relu_2/Relu_output_0'[Half([1,512,28,28])] -> /layer2/layer2.2/Add_output_0'[Half([1,512,28,28])]
Layer(ACTIVATION): /layer2/layer2.2/relu_2/Relu, Precision: Half, /layer2/layer2.2/Add_output_0'[Half([1,512,28,28])] -> /layer2/layer2.2/relu_2/Relu_output_0'[Half([1,512,28,28])]
Layer(CONVOLUTION): /layer2/layer2.3/conv1/Conv, Precision: Half, /layer2/layer2.2/relu_2/Relu_output_0'[Half([1,512,28,28])] -> /layer2/layer2.3/conv1/Conv_output_0'[Half([1,128,28,28])]
Layer(ACTIVATION): /layer2/layer2.3/relu/Relu, Precision: Half, /layer2/layer2.3/conv1/Conv_output_0'[Half([1,128,28,28])] -> /layer2/layer2.3/relu/Relu_output_0'[Half([1,128,28,28])]
Layer(CONVOLUTION): /layer2/layer2.3/conv2/Conv, Precision: Half, /layer2/layer2.3/relu/Relu_output_0'[Half([1,128,28,28])] -> /layer2/layer2.3/conv2/Conv_output_0'[Half([1,128,28,28])]
Layer(ACTIVATION): /layer2/layer2.3/relu_1/Relu, Precision: Half, /layer2/layer2.3/conv2/Conv_output_0'[Half([1,128,28,28])] -> /layer2/layer2.3/relu_1/Relu_output_0'[Half([1,128,28,28])]
Layer(CONVOLUTION): /layer2/layer2.3/conv3/Conv, Precision: Half, /layer2/layer2.3/relu_1/Relu_output_0'[Half([1,128,28,28])] -> /layer2/layer2.3/conv3/Conv_output_0'[Half([1,512,28,28])]
Layer(ELEMENTWISE): /layer2/layer2.3/Add, Precision: Half, /layer2/layer2.3/conv3/Conv_output_0'[Half([1,512,28,28])], /layer2/layer2.2/relu_2/Relu_output_0'[Half([1,512,28,28])] -> /layer2/layer2.3/Add_output_0'[Half([1,512,28,28])]
Layer(ACTIVATION): /layer2/layer2.3/relu_2/Relu, Precision: Half, /layer2/layer2.3/Add_output_0'[Half([1,512,28,28])] -> /layer2/layer2.3/relu_2/Relu_output_0'[Half([1,512,28,28])]
Layer(CONVOLUTION): /layer3/layer3.0/conv1/Conv, Precision: Half, /layer2/layer2.3/relu_2/Relu_output_0'[Half([1,512,28,28])] -> /layer3/layer3.0/conv1/Conv_output_0'[Half([1,256,28,28])]
Layer(ACTIVATION): /layer3/layer3.0/relu/Relu, Precision: Half, /layer3/layer3.0/conv1/Conv_output_0'[Half([1,256,28,28])] -> /layer3/layer3.0/relu/Relu_output_0'[Half([1,256,28,28])]
Layer(CONVOLUTION): /layer3/layer3.0/conv2/Conv, Precision: Half, /layer3/layer3.0/relu/Relu_output_0'[Half([1,256,28,28])] -> /layer3/layer3.0/conv2/Conv_output_0'[Half([1,256,14,14])]
Layer(ACTIVATION): /layer3/layer3.0/relu_1/Relu, Precision: Half, /layer3/layer3.0/conv2/Conv_output_0'[Half([1,256,14,14])] -> /layer3/layer3.0/relu_1/Relu_output_0'[Half([1,256,14,14])]
Layer(CONVOLUTION): /layer3/layer3.0/conv3/Conv, Precision: Half, /layer3/layer3.0/relu_1/Relu_output_0'[Half([1,256,14,14])] -> /layer3/layer3.0/conv3/Conv_output_0'[Half([1,1024,14,14])]
Layer(CONVOLUTION): /layer3/layer3.0/downsample/downsample.0/Conv, Precision: Half, /layer2/layer2.3/relu_2/Relu_output_0'[Half([1,512,28,28])] -> /layer3/layer3.0/downsample/downsample.0/Conv_output_0'[Half([1,1024,14,14])]
Layer(ELEMENTWISE): /layer3/layer3.0/Add, Precision: Half, /layer3/layer3.0/conv3/Conv_output_0'[Half([1,1024,14,14])], /layer3/layer3.0/downsample/downsample.0/Conv_output_0'[Half([1,1024,14,14])] -> /layer3/layer3.0/Add_output_0'[Half([1,1024,14,14])]
Layer(ACTIVATION): /layer3/layer3.0/relu_2/Relu, Precision: Half, /layer3/layer3.0/Add_output_0'[Half([1,1024,14,14])] -> /layer3/layer3.0/relu_2/Relu_output_0'[Half([1,1024,14,14])]
Layer(CONVOLUTION): /layer3/layer3.1/conv1/Conv, Precision: Half, /layer3/layer3.0/relu_2/Relu_output_0'[Half([1,1024,14,14])] -> /layer3/layer3.1/conv1/Conv_output_0'[Half([1,256,14,14])]
Layer(ACTIVATION): /layer3/layer3.1/relu/Relu, Precision: Half, /layer3/layer3.1/conv1/Conv_output_0'[Half([1,256,14,14])] -> /layer3/layer3.1/relu/Relu_output_0'[Half([1,256,14,14])]
Layer(CONVOLUTION): /layer3/layer3.1/conv2/Conv, Precision: Half, /layer3/layer3.1/relu/Relu_output_0'[Half([1,256,14,14])] -> /layer3/layer3.1/conv2/Conv_output_0'[Half([1,256,14,14])]
Layer(ACTIVATION): /layer3/layer3.1/relu_1/Relu, Precision: Half, /layer3/layer3.1/conv2/Conv_output_0'[Half([1,256,14,14])] -> /layer3/layer3.1/relu_1/Relu_output_0'[Half([1,256,14,14])]
Layer(CONVOLUTION): /layer3/layer3.1/conv3/Conv, Precision: Half, /layer3/layer3.1/relu_1/Relu_output_0'[Half([1,256,14,14])] -> /layer3/layer3.1/conv3/Conv_output_0'[Half([1,1024,14,14])]
Layer(ELEMENTWISE): /layer3/layer3.1/Add, Precision: Half, /layer3/layer3.1/conv3/Conv_output_0'[Half([1,1024,14,14])], /layer3/layer3.0/relu_2/Relu_output_0'[Half([1,1024,14,14])] -> /layer3/layer3.1/Add_output_0'[Half([1,1024,14,14])]
Layer(ACTIVATION): /layer3/layer3.1/relu_2/Relu, Precision: Half, /layer3/layer3.1/Add_output_0'[Half([1,1024,14,14])] -> /layer3/layer3.1/relu_2/Relu_output_0'[Half([1,1024,14,14])]
Layer(CONVOLUTION): /layer3/layer3.2/conv1/Conv, Precision: Half, /layer3/layer3.1/relu_2/Relu_output_0'[Half([1,1024,14,14])] -> /layer3/layer3.2/conv1/Conv_output_0'[Half([1,256,14,14])]
Layer(ACTIVATION): /layer3/layer3.2/relu/Relu, Precision: Half, /layer3/layer3.2/conv1/Conv_output_0'[Half([1,256,14,14])] -> /layer3/layer3.2/relu/Relu_output_0'[Half([1,256,14,14])]
Layer(CONVOLUTION): /layer3/layer3.2/conv2/Conv, Precision: Half, /layer3/layer3.2/relu/Relu_output_0'[Half([1,256,14,14])] -> /layer3/layer3.2/conv2/Conv_output_0'[Half([1,256,14,14])]
Layer(ACTIVATION): /layer3/layer3.2/relu_1/Relu, Precision: Half, /layer3/layer3.2/conv2/Conv_output_0'[Half([1,256,14,14])] -> /layer3/layer3.2/relu_1/Relu_output_0'[Half([1,256,14,14])]
Layer(CONVOLUTION): /layer3/layer3.2/conv3/Conv, Precision: Half, /layer3/layer3.2/relu_1/Relu_output_0'[Half([1,256,14,14])] -> /layer3/layer3.2/conv3/Conv_output_0'[Half([1,1024,14,14])]
Layer(ELEMENTWISE): /layer3/layer3.2/Add, Precision: Half, /layer3/layer3.2/conv3/Conv_output_0'[Half([1,1024,14,14])], /layer3/layer3.1/relu_2/Relu_output_0'[Half([1,1024,14,14])] -> /layer3/layer3.2/Add_output_0'[Half([1,1024,14,14])]
Layer(ACTIVATION): /layer3/layer3.2/relu_2/Relu, Precision: Half, /layer3/layer3.2/Add_output_0'[Half([1,1024,14,14])] -> /layer3/layer3.2/relu_2/Relu_output_0'[Half([1,1024,14,14])]
Layer(CONVOLUTION): /layer3/layer3.3/conv1/Conv, Precision: Half, /layer3/layer3.2/relu_2/Relu_output_0'[Half([1,1024,14,14])] -> /layer3/layer3.3/conv1/Conv_output_0'[Half([1,256,14,14])]
Layer(ACTIVATION): /layer3/layer3.3/relu/Relu, Precision: Half, /layer3/layer3.3/conv1/Conv_output_0'[Half([1,256,14,14])] -> /layer3/layer3.3/relu/Relu_output_0'[Half([1,256,14,14])]
Layer(CONVOLUTION): /layer3/layer3.3/conv2/Conv, Precision: Half, /layer3/layer3.3/relu/Relu_output_0'[Half([1,256,14,14])] -> /layer3/layer3.3/conv2/Conv_output_0'[Half([1,256,14,14])]
Layer(ACTIVATION): /layer3/layer3.3/relu_1/Relu, Precision: Half, /layer3/layer3.3/conv2/Conv_output_0'[Half([1,256,14,14])] -> /layer3/layer3.3/relu_1/Relu_output_0'[Half([1,256,14,14])]
Layer(CONVOLUTION): /layer3/layer3.3/conv3/Conv, Precision: Half, /layer3/layer3.3/relu_1/Relu_output_0'[Half([1,256,14,14])] -> /layer3/layer3.3/conv3/Conv_output_0'[Half([1,1024,14,14])]
Layer(ELEMENTWISE): /layer3/layer3.3/Add, Precision: Half, /layer3/layer3.3/conv3/Conv_output_0'[Half([1,1024,14,14])], /layer3/layer3.2/relu_2/Relu_output_0'[Half([1,1024,14,14])] -> /layer3/layer3.3/Add_output_0'[Half([1,1024,14,14])]
Layer(ACTIVATION): /layer3/layer3.3/relu_2/Relu, Precision: Half, /layer3/layer3.3/Add_output_0'[Half([1,1024,14,14])] -> /layer3/layer3.3/relu_2/Relu_output_0'[Half([1,1024,14,14])]
Layer(CONVOLUTION): /layer3/layer3.4/conv1/Conv, Precision: Half, /layer3/layer3.3/relu_2/Relu_output_0'[Half([1,1024,14,14])] -> /layer3/layer3.4/conv1/Conv_output_0'[Half([1,256,14,14])]
Layer(ACTIVATION): /layer3/layer3.4/relu/Relu, Precision: Half, /layer3/layer3.4/conv1/Conv_output_0'[Half([1,256,14,14])] -> /layer3/layer3.4/relu/Relu_output_0'[Half([1,256,14,14])]
Layer(CONVOLUTION): /layer3/layer3.4/conv2/Conv, Precision: Half, /layer3/layer3.4/relu/Relu_output_0'[Half([1,256,14,14])] -> /layer3/layer3.4/conv2/Conv_output_0'[Half([1,256,14,14])]
Layer(ACTIVATION): /layer3/layer3.4/relu_1/Relu, Precision: Half, /layer3/layer3.4/conv2/Conv_output_0'[Half([1,256,14,14])] -> /layer3/layer3.4/relu_1/Relu_output_0'[Half([1,256,14,14])]
Layer(CONVOLUTION): /layer3/layer3.4/conv3/Conv, Precision: Half, /layer3/layer3.4/relu_1/Relu_output_0'[Half([1,256,14,14])] -> /layer3/layer3.4/conv3/Conv_output_0'[Half([1,1024,14,14])]
Layer(ELEMENTWISE): /layer3/layer3.4/Add, Precision: Half, /layer3/layer3.4/conv3/Conv_output_0'[Half([1,1024,14,14])], /layer3/layer3.3/relu_2/Relu_output_0'[Half([1,1024,14,14])] -> /layer3/layer3.4/Add_output_0'[Half([1,1024,14,14])]
Layer(ACTIVATION): /layer3/layer3.4/relu_2/Relu, Precision: Half, /layer3/layer3.4/Add_output_0'[Half([1,1024,14,14])] -> /layer3/layer3.4/relu_2/Relu_output_0'[Half([1,1024,14,14])]
Layer(CONVOLUTION): /layer3/layer3.5/conv1/Conv, Precision: Half, /layer3/layer3.4/relu_2/Relu_output_0'[Half([1,1024,14,14])] -> /layer3/layer3.5/conv1/Conv_output_0'[Half([1,256,14,14])]
Layer(ACTIVATION): /layer3/layer3.5/relu/Relu, Precision: Half, /layer3/layer3.5/conv1/Conv_output_0'[Half([1,256,14,14])] -> /layer3/layer3.5/relu/Relu_output_0'[Half([1,256,14,14])]
Layer(CONVOLUTION): /layer3/layer3.5/conv2/Conv, Precision: Half, /layer3/layer3.5/relu/Relu_output_0'[Half([1,256,14,14])] -> /layer3/layer3.5/conv2/Conv_output_0'[Half([1,256,14,14])]
Layer(ACTIVATION): /layer3/layer3.5/relu_1/Relu, Precision: Half, /layer3/layer3.5/conv2/Conv_output_0'[Half([1,256,14,14])] -> /layer3/layer3.5/relu_1/Relu_output_0'[Half([1,256,14,14])]
Layer(CONVOLUTION): /layer3/layer3.5/conv3/Conv, Precision: Half, /layer3/layer3.5/relu_1/Relu_output_0'[Half([1,256,14,14])] -> /layer3/layer3.5/conv3/Conv_output_0'[Half([1,1024,14,14])]
Layer(ELEMENTWISE): /layer3/layer3.5/Add, Precision: Half, /layer3/layer3.5/conv3/Conv_output_0'[Half([1,1024,14,14])], /layer3/layer3.4/relu_2/Relu_output_0'[Half([1,1024,14,14])] -> /layer3/layer3.5/Add_output_0'[Half([1,1024,14,14])]
Layer(ACTIVATION): /layer3/layer3.5/relu_2/Relu, Precision: Half, /layer3/layer3.5/Add_output_0'[Half([1,1024,14,14])] -> /layer3/layer3.5/relu_2/Relu_output_0'[Half([1,1024,14,14])]
Layer(CONVOLUTION): /layer4/layer4.0/conv1/Conv, Precision: Half, /layer3/layer3.5/relu_2/Relu_output_0'[Half([1,1024,14,14])] -> /layer4/layer4.0/conv1/Conv_output_0'[Half([1,512,14,14])]
Layer(ACTIVATION): /layer4/layer4.0/relu/Relu, Precision: Half, /layer4/layer4.0/conv1/Conv_output_0'[Half([1,512,14,14])] -> /layer4/layer4.0/relu/Relu_output_0'[Half([1,512,14,14])]
Layer(CONVOLUTION): /layer4/layer4.0/conv2/Conv, Precision: Half, /layer4/layer4.0/relu/Relu_output_0'[Half([1,512,14,14])] -> /layer4/layer4.0/conv2/Conv_output_0'[Half([1,512,7,7])]
Layer(ACTIVATION): /layer4/layer4.0/relu_1/Relu, Precision: Half, /layer4/layer4.0/conv2/Conv_output_0'[Half([1,512,7,7])] -> /layer4/layer4.0/relu_1/Relu_output_0'[Half([1,512,7,7])]
Layer(CONVOLUTION): /layer4/layer4.0/conv3/Conv, Precision: Half, /layer4/layer4.0/relu_1/Relu_output_0'[Half([1,512,7,7])] -> /layer4/layer4.0/conv3/Conv_output_0'[Half([1,2048,7,7])]
Layer(CONVOLUTION): /layer4/layer4.0/downsample/downsample.0/Conv, Precision: Half, /layer3/layer3.5/relu_2/Relu_output_0'[Half([1,1024,14,14])] -> /layer4/layer4.0/downsample/downsample.0/Conv_output_0'[Half([1,2048,7,7])]
Layer(ELEMENTWISE): /layer4/layer4.0/Add, Precision: Half, /layer4/layer4.0/conv3/Conv_output_0'[Half([1,2048,7,7])], /layer4/layer4.0/downsample/downsample.0/Conv_output_0'[Half([1,2048,7,7])] -> /layer4/layer4.0/Add_output_0'[Half([1,2048,7,7])]
Layer(ACTIVATION): /layer4/layer4.0/relu_2/Relu, Precision: Half, /layer4/layer4.0/Add_output_0'[Half([1,2048,7,7])] -> /layer4/layer4.0/relu_2/Relu_output_0'[Half([1,2048,7,7])]
Layer(CONVOLUTION): /layer4/layer4.1/conv1/Conv, Precision: Half, /layer4/layer4.0/relu_2/Relu_output_0'[Half([1,2048,7,7])] -> /layer4/layer4.1/conv1/Conv_output_0'[Half([1,512,7,7])]
Layer(ACTIVATION): /layer4/layer4.1/relu/Relu, Precision: Half, /layer4/layer4.1/conv1/Conv_output_0'[Half([1,512,7,7])] -> /layer4/layer4.1/relu/Relu_output_0'[Half([1,512,7,7])]
Layer(CONVOLUTION): /layer4/layer4.1/conv2/Conv, Precision: Half, /layer4/layer4.1/relu/Relu_output_0'[Half([1,512,7,7])] -> /layer4/layer4.1/conv2/Conv_output_0'[Half([1,512,7,7])]
Layer(ACTIVATION): /layer4/layer4.1/relu_1/Relu, Precision: Half, /layer4/layer4.1/conv2/Conv_output_0'[Half([1,512,7,7])] -> /layer4/layer4.1/relu_1/Relu_output_0'[Half([1,512,7,7])]
Layer(CONVOLUTION): /layer4/layer4.1/conv3/Conv, Precision: Half, /layer4/layer4.1/relu_1/Relu_output_0'[Half([1,512,7,7])] -> /layer4/layer4.1/conv3/Conv_output_0'[Half([1,2048,7,7])]
Layer(ELEMENTWISE): /layer4/layer4.1/Add, Precision: Half, /layer4/layer4.1/conv3/Conv_output_0'[Half([1,2048,7,7])], /layer4/layer4.0/relu_2/Relu_output_0'[Half([1,2048,7,7])] -> /layer4/layer4.1/Add_output_0'[Half([1,2048,7,7])]
Layer(ACTIVATION): /layer4/layer4.1/relu_2/Relu, Precision: Half, /layer4/layer4.1/Add_output_0'[Half([1,2048,7,7])] -> /layer4/layer4.1/relu_2/Relu_output_0'[Half([1,2048,7,7])]
Layer(CONVOLUTION): /layer4/layer4.2/conv1/Conv, Precision: Half, /layer4/layer4.1/relu_2/Relu_output_0'[Half([1,2048,7,7])] -> /layer4/layer4.2/conv1/Conv_output_0'[Half([1,512,7,7])]
Layer(ACTIVATION): /layer4/layer4.2/relu/Relu, Precision: Half, /layer4/layer4.2/conv1/Conv_output_0'[Half([1,512,7,7])] -> /layer4/layer4.2/relu/Relu_output_0'[Half([1,512,7,7])]
Layer(CONVOLUTION): /layer4/layer4.2/conv2/Conv, Precision: Half, /layer4/layer4.2/relu/Relu_output_0'[Half([1,512,7,7])] -> /layer4/layer4.2/conv2/Conv_output_0'[Half([1,512,7,7])]
Layer(ACTIVATION): /layer4/layer4.2/relu_1/Relu, Precision: Half, /layer4/layer4.2/conv2/Conv_output_0'[Half([1,512,7,7])] -> /layer4/layer4.2/relu_1/Relu_output_0'[Half([1,512,7,7])]
Layer(CONVOLUTION): /layer4/layer4.2/conv3/Conv, Precision: Half, /layer4/layer4.2/relu_1/Relu_output_0'[Half([1,512,7,7])] -> /layer4/layer4.2/conv3/Conv_output_0'[Half([1,2048,7,7])]
Layer(ELEMENTWISE): /layer4/layer4.2/Add, Precision: Half, /layer4/layer4.2/conv3/Conv_output_0'[Half([1,2048,7,7])], /layer4/layer4.1/relu_2/Relu_output_0'[Half([1,2048,7,7])] -> /layer4/layer4.2/Add_output_0'[Half([1,2048,7,7])]
Layer(ACTIVATION): /layer4/layer4.2/relu_2/Relu, Precision: Half, /layer4/layer4.2/Add_output_0'[Half([1,2048,7,7])] -> /layer4/layer4.2/relu_2/Relu_output_0'[Half([1,2048,7,7])]
[08/20/2026-18:38:40] [V] [TRT] {ForeignNode[/fc/Gemm + (Unnamed Layer* 125) [ElementWise]]}: DLA Network Layer Information:
Layer(CONVOLUTION): /fc/Gemm + (Unnamed Layer* 125) [ElementWise], Precision: Half, /avgpool/GlobalAveragePool_output_0'[Half([1,2048,1,1])] -> /fc/Gemm_conv_out'[Half([1,1000,1,1])]
[08/20/2026-18:38:40] [V] [TRT] Layer: {ForeignNode[/conv1/Conv.../layer4/layer4.2/relu_2/Relu]} Host Persistent: 88 Device Persistent: 0 Scratch Memory: 0
[08/20/2026-18:38:40] [V] [TRT] Layer: /avgpool/GlobalAveragePool Host Persistent: 4272 Device Persistent: 0 Scratch Memory: 0
[08/20/2026-18:38:40] [V] [TRT] Layer: {ForeignNode[/fc/Gemm + (Unnamed Layer* 125) [ElementWise]]} Host Persistent: 88 Device Persistent: 0 Scratch Memory: 0
[08/20/2026-18:38:40] [V] [TRT] Skipped printing memory information for 5 layers with 0 memory size i.e. Host Persistent + Device Persistent + Scratch Memory == 0.
[08/20/2026-18:38:40] [I] [TRT] Total Host Persistent Memory: 4464
[08/20/2026-18:38:40] [I] [TRT] Total Device Persistent Memory: 0
[08/20/2026-18:38:40] [I] [TRT] Total Scratch Memory: 0
[08/20/2026-18:38:40] [I] [TRT] [BlockAssignment] Started assigning block shifts. This will take 7 steps to complete.
[08/20/2026-18:38:40] [I] [TRT] [BlockAssignment] Algorithm ShiftNTopDown took 0.031582ms to assign 2 blocks to 7 nodes requiring 1806336 bytes.
[08/20/2026-18:38:40] [V] [TRT] Total number of blocks in optimized block assignment: 2
[08/20/2026-18:38:40] [I] [TRT] Total Activation Memory: 1806336
[08/20/2026-18:38:40] [I] [TRT] Total Weights Memory: 0
[08/20/2026-18:38:40] [V] [TRT] Finalize: /avgpool/GlobalAveragePool Set kernel index: 0
[08/20/2026-18:38:40] [V] [TRT] Total number of generated kernels selected for the engine: 1
[08/20/2026-18:38:40] [V] [TRT] Kernel: 0 CASK_STATIC
[08/20/2026-18:38:40] [V] [TRT] Disabling unused tactic source: EDGE_MASK_CONVOLUTIONS
[08/20/2026-18:38:40] [V] [TRT] Disabling unused tactic source: JIT_CONVOLUTIONS
[08/20/2026-18:38:40] [I] [TRT] Engine generation completed in 8.85683 seconds.
[08/20/2026-18:38:40] [V] [TRT] Engine Layer Information:
Layer(Reformat): Reformatting CopyNode for Input Tensor 0 to {ForeignNode[/conv1/Conv.../layer4/layer4.2/relu_2/Relu]}, Tactic: 0x00000000000003ea, input (Float[1,3,224,224]) -> Reformatted Input Tensor 0 to {ForeignNode[/conv1/Conv.../layer4/layer4.2/relu_2/Relu]} (Half[1,3:16,224,224])
Layer(DLA): {ForeignNode[/conv1/Conv.../layer4/layer4.2/relu_2/Relu]}, Tactic: 0x0000000000000003, Reformatted Input Tensor 0 to {ForeignNode[/conv1/Conv.../layer4/layer4.2/relu_2/Relu]} (Half[1,3:16,224,224]) -> /layer4/layer4.2/relu_2/Relu_output_0 (Half[1,2048:16,7,7])
Layer(Reformat): Reformatting CopyNode for Input Tensor 0 to /avgpool/GlobalAveragePool, Tactic: 0x00000000000003ea, /layer4/layer4.2/relu_2/Relu_output_0 (Half[1,2048:16,7,7]) -> Reformatted Input Tensor 0 to /avgpool/GlobalAveragePool (Float[1,2048:4,7,7])
Layer(CaskPooling): /avgpool/GlobalAveragePool, Tactic: 0xfab3e2ee1c085a9a, Reformatted Input Tensor 0 to /avgpool/GlobalAveragePool (Float[1,2048:4,7,7]) -> /avgpool/GlobalAveragePool_output_0 (Float[1,2048:4,1,1])
Layer(Reformat): Reformatting CopyNode for Input Tensor 0 to {ForeignNode[/fc/Gemm + (Unnamed Layer* 125) [ElementWise]]}, Tactic: 0x0000000000000000, /avgpool/GlobalAveragePool_output_0 (Float[1,2048:4,1,1]) -> Reformatted Input Tensor 0 to {ForeignNode[/fc/Gemm + (Unnamed Layer* 125) [ElementWise]]} (Half[1,2048,1,1])
Layer(DLA): {ForeignNode[/fc/Gemm + (Unnamed Layer* 125) [ElementWise]]}, Tactic: 0x0000000000000003, Reformatted Input Tensor 0 to {ForeignNode[/fc/Gemm + (Unnamed Layer* 125) [ElementWise]]} (Half[1,2048,1,1]) -> /fc/Gemm_conv_out (Half[1,1000,1,1])
Layer(Reformat): Reformatting CopyNode for Input Tensor 0 to reshape_after_/fc/Gemm, Tactic: 0x0000000000000000, /fc/Gemm_conv_out (Half[1,1000,1,1]) -> Reformatted Input Tensor 0 to reshape_after_/fc/Gemm (Float[1,1000,1,1])
Layer(NoOp): reshape_after_/fc/Gemm, Tactic: 0x0000000000000000, Reformatted Input Tensor 0 to reshape_after_/fc/Gemm (Float[1,1000,1,1]) -> logits (Float[1,1000])
[08/20/2026-18:38:40] [I] [TRT] [MemUsageStats] Peak memory usage of TRT CPU/GPU memory allocators: CPU 49 MiB, GPU 2 MiB
[08/20/2026-18:38:40] [V] [TRT] Adding 1 engine(s) to plan file.
[08/20/2026-18:38:40] [I] [TRT] [MemUsageStats] Peak memory usage during Engine building and serialization: CPU: 1701 MiB
[08/20/2026-18:38:40] [I] Engine built in 15.6813 sec.
[08/20/2026-18:38:40] [I] Created engine with size: 49.1416 MiB
[08/20/2026-18:38:40] [I] [TRT] Loaded engine size: 49 MiB
[08/20/2026-18:38:40] [V] [TRT] Deserialization required 11120 microseconds.
[08/20/2026-18:38:40] [I] Engine deserialized in 0.0268147 sec.
[08/20/2026-18:38:40] [I] Skipped inference phase since --skipInference is added.
&&&& PASSED TensorRT.trtexec [TensorRT v100300] # trtexec --onnx=onnx/resnet50_fp32.onnx --fp16 --useDLACore=0 --allowGPUFallback --skipInference --verbose --saveEngine=engines/tmp_dla_fp16_v.plan
