&&&& RUNNING TensorRT.trtexec [TensorRT v100300] # trtexec --onnx=onnx/resnet50_fp32.onnx --int8 --fp16 --useDLACore=0 --allowGPUFallback --skipInference --verbose --saveEngine=engines/tmp_dla_int8_v.plan
[08/20/2026-18:38:06] [I] === Model Options ===
[08/20/2026-18:38:06] [I] Format: ONNX
[08/20/2026-18:38:06] [I] Model: onnx/resnet50_fp32.onnx
[08/20/2026-18:38:06] [I] Output:
[08/20/2026-18:38:06] [I] === Build Options ===
[08/20/2026-18:38:06] [I] Memory Pools: workspace: default, dlaSRAM: default, dlaLocalDRAM: default, dlaGlobalDRAM: default, tacticSharedMem: default
[08/20/2026-18:38:06] [I] avgTiming: 8
[08/20/2026-18:38:06] [I] Precision: FP32+FP16+INT8
[08/20/2026-18:38:06] [I] LayerPrecisions: 
[08/20/2026-18:38:06] [I] Layer Device Types: 
[08/20/2026-18:38:06] [I] Calibration: Dynamic
[08/20/2026-18:38:06] [I] Refit: Disabled
[08/20/2026-18:38:06] [I] Strip weights: Disabled
[08/20/2026-18:38:06] [I] Version Compatible: Disabled
[08/20/2026-18:38:06] [I] ONNX Plugin InstanceNorm: Disabled
[08/20/2026-18:38:06] [I] TensorRT runtime: full
[08/20/2026-18:38:06] [I] Lean DLL Path: 
[08/20/2026-18:38:06] [I] Tempfile Controls: { in_memory: allow, temporary: allow }
[08/20/2026-18:38:06] [I] Exclude Lean Runtime: Disabled
[08/20/2026-18:38:06] [I] Sparsity: Disabled
[08/20/2026-18:38:06] [I] Safe mode: Disabled
[08/20/2026-18:38:06] [I] Build DLA standalone loadable: Disabled
[08/20/2026-18:38:06] [I] Allow GPU fallback for DLA: Enabled
[08/20/2026-18:38:06] [I] DirectIO mode: Disabled
[08/20/2026-18:38:06] [I] Restricted mode: Disabled
[08/20/2026-18:38:06] [I] Skip inference: Enabled
[08/20/2026-18:38:06] [I] Save engine: engines/tmp_dla_int8_v.plan
[08/20/2026-18:38:06] [I] Load engine: 
[08/20/2026-18:38:06] [I] Profiling verbosity: 0
[08/20/2026-18:38:06] [I] Tactic sources: Using default tactic sources
[08/20/2026-18:38:06] [I] timingCacheMode: local
[08/20/2026-18:38:06] [I] timingCacheFile: 
[08/20/2026-18:38:06] [I] Enable Compilation Cache: Enabled
[08/20/2026-18:38:06] [I] errorOnTimingCacheMiss: Disabled
[08/20/2026-18:38:06] [I] Preview Features: Use default preview flags.
[08/20/2026-18:38:06] [I] MaxAuxStreams: -1
[08/20/2026-18:38:06] [I] BuilderOptimizationLevel: -1
[08/20/2026-18:38:06] [I] Calibration Profile Index: 0
[08/20/2026-18:38:06] [I] Weight Streaming: Disabled
[08/20/2026-18:38:06] [I] Runtime Platform: Same As Build
[08/20/2026-18:38:06] [I] Debug Tensors: 
[08/20/2026-18:38:06] [I] Input(s)s format: fp32:CHW
[08/20/2026-18:38:06] [I] Output(s)s format: fp32:CHW
[08/20/2026-18:38:06] [I] Input build shapes: model
[08/20/2026-18:38:06] [I] Input calibration shapes: model
[08/20/2026-18:38:06] [I] === System Options ===
[08/20/2026-18:38:06] [I] Device: 0
[08/20/2026-18:38:06] [I] DLACore: 0
[08/20/2026-18:38:06] [I] Plugins:
[08/20/2026-18:38:06] [I] setPluginsToSerialize:
[08/20/2026-18:38:06] [I] dynamicPlugins:
[08/20/2026-18:38:06] [I] ignoreParsedPluginLibs: 0
[08/20/2026-18:38:06] [I] 
[08/20/2026-18:38:06] [I] === Inference Options ===
[08/20/2026-18:38:06] [I] Batch: Explicit
[08/20/2026-18:38:06] [I] Input inference shapes: model
[08/20/2026-18:38:06] [I] Iterations: 10
[08/20/2026-18:38:06] [I] Duration: 3s (+ 200ms warm up)
[08/20/2026-18:38:06] [I] Sleep time: 0ms
[08/20/2026-18:38:06] [I] Idle time: 0ms
[08/20/2026-18:38:06] [I] Inference Streams: 1
[08/20/2026-18:38:06] [I] ExposeDMA: Disabled
[08/20/2026-18:38:06] [I] Data transfers: Enabled
[08/20/2026-18:38:06] [I] Spin-wait: Disabled
[08/20/2026-18:38:06] [I] Multithreading: Disabled
[08/20/2026-18:38:06] [I] CUDA Graph: Disabled
[08/20/2026-18:38:06] [I] Separate profiling: Disabled
[08/20/2026-18:38:06] [I] Time Deserialize: Disabled
[08/20/2026-18:38:06] [I] Time Refit: Disabled
[08/20/2026-18:38:06] [I] NVTX verbosity: 0
[08/20/2026-18:38:06] [I] Persistent Cache Ratio: 0
[08/20/2026-18:38:06] [I] Optimization Profile Index: 0
[08/20/2026-18:38:06] [I] Weight Streaming Budget: 100.000000%
[08/20/2026-18:38:06] [I] Inputs:
[08/20/2026-18:38:06] [I] Debug Tensor Save Destinations:
[08/20/2026-18:38:06] [I] === Reporting Options ===
[08/20/2026-18:38:06] [I] Verbose: Enabled
[08/20/2026-18:38:06] [I] Averages: 10 inferences
[08/20/2026-18:38:06] [I] Percentiles: 90,95,99
[08/20/2026-18:38:06] [I] Dump refittable layers:Disabled
[08/20/2026-18:38:06] [I] Dump output: Disabled
[08/20/2026-18:38:06] [I] Profile: Disabled
[08/20/2026-18:38:06] [I] Export timing to JSON file: 
[08/20/2026-18:38:06] [I] Export output to JSON file: 
[08/20/2026-18:38:06] [I] Export profile to JSON file: 
[08/20/2026-18:38:06] [I] 
[08/20/2026-18:38:06] [I] === Device Information ===
[08/20/2026-18:38:06] [I] Available Devices: 
[08/20/2026-18:38:06] [I]   Device 0: "Orin" UUID: GPU-d88f5124-b913-5174-bcad-9e3fe191d8a8
[08/20/2026-18:38:06] [I] Selected Device: Orin
[08/20/2026-18:38:06] [I] Selected Device ID: 0
[08/20/2026-18:38:06] [I] Selected Device UUID: GPU-d88f5124-b913-5174-bcad-9e3fe191d8a8
[08/20/2026-18:38:06] [I] Compute Capability: 8.7
[08/20/2026-18:38:06] [I] SMs: 16
[08/20/2026-18:38:06] [I] Device Global Memory: 62841 MiB
[08/20/2026-18:38:06] [I] Shared Memory per SM: 164 KiB
[08/20/2026-18:38:06] [I] Memory Bus Width: 256 bits (ECC disabled)
[08/20/2026-18:38:06] [I] Application Compute Clock Rate: 1.3 GHz
[08/20/2026-18:38:06] [I] Application Memory Clock Rate: 1.3 GHz
[08/20/2026-18:38:06] [I] 
[08/20/2026-18:38:06] [I] Note: The application clock rates do not reflect the actual clock rates that the GPU is currently running at.
[08/20/2026-18:38:06] [I] 
[08/20/2026-18:38:06] [I] TensorRT version: 10.3.0
[08/20/2026-18:38:06] [I] Loading standard plugins
[08/20/2026-18:38:06] [V] [TRT] Registered plugin creator - ::BatchedNMSDynamic_TRT version 1
[08/20/2026-18:38:06] [V] [TRT] Registered plugin creator - ::BatchedNMS_TRT version 1
[08/20/2026-18:38:06] [V] [TRT] Registered plugin creator - ::BatchTilePlugin_TRT version 1
[08/20/2026-18:38:06] [V] [TRT] Registered plugin creator - ::Clip_TRT version 1
[08/20/2026-18:38:06] [V] [TRT] Registered plugin creator - ::CoordConvAC version 1
[08/20/2026-18:38:06] [V] [TRT] Registered plugin creator - ::CropAndResizeDynamic version 1
[08/20/2026-18:38:06] [V] [TRT] Registered plugin creator - ::CropAndResize version 1
[08/20/2026-18:38:06] [V] [TRT] Registered plugin creator - ::DecodeBbox3DPlugin version 1
[08/20/2026-18:38:06] [V] [TRT] Registered plugin creator - ::DetectionLayer_TRT version 1
[08/20/2026-18:38:06] [V] [TRT] Registered plugin creator - ::EfficientNMS_Explicit_TF_TRT version 1
[08/20/2026-18:38:06] [V] [TRT] Registered plugin creator - ::EfficientNMS_Implicit_TF_TRT version 1
[08/20/2026-18:38:06] [V] [TRT] Registered plugin creator - ::EfficientNMS_ONNX_TRT version 1
[08/20/2026-18:38:06] [V] [TRT] Registered plugin creator - ::EfficientNMS_TRT version 1
[08/20/2026-18:38:06] [V] [TRT] Registered plugin creator - ::FlattenConcat_TRT version 1
[08/20/2026-18:38:06] [V] [TRT] Registered plugin creator - ::GenerateDetection_TRT version 1
[08/20/2026-18:38:06] [V] [TRT] Registered plugin creator - ::GridAnchor_TRT version 1
[08/20/2026-18:38:06] [V] [TRT] Registered plugin creator - ::GridAnchorRect_TRT version 1
[08/20/2026-18:38:06] [V] [TRT] Registered plugin creator - ::InstanceNormalization_TRT version 1
[08/20/2026-18:38:06] [V] [TRT] Registered plugin creator - ::InstanceNormalization_TRT version 2
[08/20/2026-18:38:06] [V] [TRT] Registered plugin creator - ::InstanceNormalization_TRT version 3
[08/20/2026-18:38:06] [V] [TRT] Registered plugin creator - ::LReLU_TRT version 1
[08/20/2026-18:38:06] [V] [TRT] Registered plugin creator - ::ModulatedDeformConv2d version 1
[08/20/2026-18:38:06] [V] [TRT] Registered plugin creator - ::MultilevelCropAndResize_TRT version 1
[08/20/2026-18:38:06] [V] [TRT] Registered plugin creator - ::MultilevelProposeROI_TRT version 1
[08/20/2026-18:38:06] [V] [TRT] Registered plugin creator - ::MultiscaleDeformableAttnPlugin_TRT version 1
[08/20/2026-18:38:06] [V] [TRT] Registered plugin creator - ::NMSDynamic_TRT version 1
[08/20/2026-18:38:06] [V] [TRT] Registered plugin creator - ::NMS_TRT version 1
[08/20/2026-18:38:06] [V] [TRT] Registered plugin creator - ::Normalize_TRT version 1
[08/20/2026-18:38:06] [V] [TRT] Registered plugin creator - ::PillarScatterPlugin version 1
[08/20/2026-18:38:06] [V] [TRT] Registered plugin creator - ::PriorBox_TRT version 1
[08/20/2026-18:38:06] [V] [TRT] Registered plugin creator - ::ProposalDynamic version 1
[08/20/2026-18:38:06] [V] [TRT] Registered plugin creator - ::ProposalLayer_TRT version 1
[08/20/2026-18:38:06] [V] [TRT] Registered plugin creator - ::Proposal version 1
[08/20/2026-18:38:06] [V] [TRT] Registered plugin creator - ::PyramidROIAlign_TRT version 1
[08/20/2026-18:38:06] [V] [TRT] Registered plugin creator - ::Region_TRT version 1
[08/20/2026-18:38:06] [V] [TRT] Registered plugin creator - ::Reorg_TRT version 2
[08/20/2026-18:38:06] [V] [TRT] Registered plugin creator - ::Reorg_TRT version 1
[08/20/2026-18:38:06] [V] [TRT] Registered plugin creator - ::ResizeNearest_TRT version 1
[08/20/2026-18:38:06] [V] [TRT] Registered plugin creator - ::ROIAlign_TRT version 1
[08/20/2026-18:38:06] [V] [TRT] Registered plugin creator - ::ROIAlign_TRT version 2
[08/20/2026-18:38:06] [V] [TRT] Registered plugin creator - ::RPROI_TRT version 1
[08/20/2026-18:38:06] [V] [TRT] Registered plugin creator - ::ScatterElements version 2
[08/20/2026-18:38:06] [V] [TRT] Registered plugin creator - ::ScatterElements version 1
[08/20/2026-18:38:06] [V] [TRT] Registered plugin creator - ::ScatterND version 1
[08/20/2026-18:38:06] [V] [TRT] Registered plugin creator - ::SpecialSlice_TRT version 1
[08/20/2026-18:38:06] [V] [TRT] Registered plugin creator - ::Split version 1
[08/20/2026-18:38:06] [V] [TRT] Registered plugin creator - ::VoxelGeneratorPlugin version 1
[08/20/2026-18:38:06] [I] [TRT] [MemUsageChange] Init CUDA: CPU +2, GPU +0, now: CPU 31, GPU 4826 (MiB)
[08/20/2026-18:38:06] [V] [TRT] Trying to load shared library libnvinfer_builder_resource.so.10.3.0
[08/20/2026-18:38:06] [V] [TRT] Loaded shared library libnvinfer_builder_resource.so.10.3.0
[08/20/2026-18:38:08] [I] [TRT] [MemUsageChange] Init builder kernel library: CPU +928, GPU +753, now: CPU 1002, GPU 5624 (MiB)
[08/20/2026-18:38:08] [V] [TRT] CUDA lazy loading is enabled.
[08/20/2026-18:38:08] [I] Start parsing network model.
[08/20/2026-18:38:08] [I] [TRT] ----------------------------------------------------------------
[08/20/2026-18:38:08] [I] [TRT] Input filename:   onnx/resnet50_fp32.onnx
[08/20/2026-18:38:08] [I] [TRT] ONNX IR version:  0.0.8
[08/20/2026-18:38:08] [I] [TRT] Opset version:    17
[08/20/2026-18:38:08] [I] [TRT] Producer name:    pytorch
[08/20/2026-18:38:08] [I] [TRT] Producer version: 2.11.0
[08/20/2026-18:38:08] [I] [TRT] Domain:           
[08/20/2026-18:38:08] [I] [TRT] Model version:    0
[08/20/2026-18:38:08] [I] [TRT] Doc string:       
[08/20/2026-18:38:08] [I] [TRT] ----------------------------------------------------------------
[08/20/2026-18:38:08] [V] [TRT] Adding network input: input with dtype: float32, dimensions: (1, 3, 224, 224)
[08/20/2026-18:38:08] [V] [TRT] Registering tensor: input for ONNX tensor: input
[08/20/2026-18:38:08] [V] [TRT] Importing initializer: fc.weight
[08/20/2026-18:38:08] [V] [TRT] Importing initializer: fc.bias
[08/20/2026-18:38:08] [V] [TRT] Importing initializer: onnx::Conv_497
[08/20/2026-18:38:08] [V] [TRT] Importing initializer: onnx::Conv_498
[08/20/2026-18:38:08] [V] [TRT] Importing initializer: onnx::Conv_500
[08/20/2026-18:38:08] [V] [TRT] Importing initializer: onnx::Conv_501
[08/20/2026-18:38:08] [V] [TRT] Importing initializer: onnx::Conv_503
[08/20/2026-18:38:08] [V] [TRT] Importing initializer: onnx::Conv_504
[08/20/2026-18:38:08] [V] [TRT] Importing initializer: onnx::Conv_506
[08/20/2026-18:38:08] [V] [TRT] Importing initializer: onnx::Conv_507
[08/20/2026-18:38:08] [V] [TRT] Importing initializer: onnx::Conv_509
[08/20/2026-18:38:08] [V] [TRT] Importing initializer: onnx::Conv_510
[08/20/2026-18:38:08] [V] [TRT] Importing initializer: onnx::Conv_512
[08/20/2026-18:38:08] [V] [TRT] Importing initializer: onnx::Conv_513
[08/20/2026-18:38:08] [V] [TRT] Importing initializer: onnx::Conv_515
[08/20/2026-18:38:08] [V] [TRT] Importing initializer: onnx::Conv_516
[08/20/2026-18:38:08] [V] [TRT] Importing initializer: onnx::Conv_518
[08/20/2026-18:38:08] [V] [TRT] Importing initializer: onnx::Conv_519
[08/20/2026-18:38:08] [V] [TRT] Importing initializer: onnx::Conv_521
[08/20/2026-18:38:08] [V] [TRT] Importing initializer: onnx::Conv_522
[08/20/2026-18:38:08] [V] [TRT] Importing initializer: onnx::Conv_524
[08/20/2026-18:38:08] [V] [TRT] Importing initializer: onnx::Conv_525
[08/20/2026-18:38:08] [V] [TRT] Importing initializer: onnx::Conv_527
[08/20/2026-18:38:08] [V] [TRT] Importing initializer: onnx::Conv_528
[08/20/2026-18:38:08] [V] [TRT] Importing initializer: onnx::Conv_530
[08/20/2026-18:38:08] [V] [TRT] Importing initializer: onnx::Conv_531
[08/20/2026-18:38:08] [V] [TRT] Importing initializer: onnx::Conv_533
[08/20/2026-18:38:08] [V] [TRT] Importing initializer: onnx::Conv_534
[08/20/2026-18:38:08] [V] [TRT] Importing initializer: onnx::Conv_536
[08/20/2026-18:38:08] [V] [TRT] Importing initializer: onnx::Conv_537
[08/20/2026-18:38:08] [V] [TRT] Importing initializer: onnx::Conv_539
[08/20/2026-18:38:08] [V] [TRT] Importing initializer: onnx::Conv_540
[08/20/2026-18:38:08] [V] [TRT] Importing initializer: onnx::Conv_542
[08/20/2026-18:38:08] [V] [TRT] Importing initializer: onnx::Conv_543
[08/20/2026-18:38:08] [V] [TRT] Importing initializer: onnx::Conv_545
[08/20/2026-18:38:08] [V] [TRT] Importing initializer: onnx::Conv_546
[08/20/2026-18:38:08] [V] [TRT] Importing initializer: onnx::Conv_548
[08/20/2026-18:38:08] [V] [TRT] Importing initializer: onnx::Conv_549
[08/20/2026-18:38:08] [V] [TRT] Importing initializer: onnx::Conv_551
[08/20/2026-18:38:08] [V] [TRT] Importing initializer: onnx::Conv_552
[08/20/2026-18:38:08] [V] [TRT] Importing initializer: onnx::Conv_554
[08/20/2026-18:38:08] [V] [TRT] Importing initializer: onnx::Conv_555
[08/20/2026-18:38:08] [V] [TRT] Importing initializer: onnx::Conv_557
[08/20/2026-18:38:08] [V] [TRT] Importing initializer: onnx::Conv_558
[08/20/2026-18:38:08] [V] [TRT] Importing initializer: onnx::Conv_560
[08/20/2026-18:38:08] [V] [TRT] Importing initializer: onnx::Conv_561
[08/20/2026-18:38:08] [V] [TRT] Importing initializer: onnx::Conv_563
[08/20/2026-18:38:08] [V] [TRT] Importing initializer: onnx::Conv_564
[08/20/2026-18:38:08] [V] [TRT] Importing initializer: onnx::Conv_566
[08/20/2026-18:38:08] [V] [TRT] Importing initializer: onnx::Conv_567
[08/20/2026-18:38:08] [V] [TRT] Importing initializer: onnx::Conv_569
[08/20/2026-18:38:08] [V] [TRT] Importing initializer: onnx::Conv_570
[08/20/2026-18:38:08] [V] [TRT] Importing initializer: onnx::Conv_572
[08/20/2026-18:38:08] [V] [TRT] Importing initializer: onnx::Conv_573
[08/20/2026-18:38:08] [V] [TRT] Importing initializer: onnx::Conv_575
[08/20/2026-18:38:08] [V] [TRT] Importing initializer: onnx::Conv_576
[08/20/2026-18:38:08] [V] [TRT] Importing initializer: onnx::Conv_578
[08/20/2026-18:38:08] [V] [TRT] Importing initializer: onnx::Conv_579
[08/20/2026-18:38:08] [V] [TRT] Importing initializer: onnx::Conv_581
[08/20/2026-18:38:08] [V] [TRT] Importing initializer: onnx::Conv_582
[08/20/2026-18:38:08] [V] [TRT] Importing initializer: onnx::Conv_584
[08/20/2026-18:38:08] [V] [TRT] Importing initializer: onnx::Conv_585
[08/20/2026-18:38:08] [V] [TRT] Importing initializer: onnx::Conv_587
[08/20/2026-18:38:08] [V] [TRT] Importing initializer: onnx::Conv_588
[08/20/2026-18:38:08] [V] [TRT] Importing initializer: onnx::Conv_590
[08/20/2026-18:38:08] [V] [TRT] Importing initializer: onnx::Conv_591
[08/20/2026-18:38:08] [V] [TRT] Importing initializer: onnx::Conv_593
[08/20/2026-18:38:08] [V] [TRT] Importing initializer: onnx::Conv_594
[08/20/2026-18:38:08] [V] [TRT] Importing initializer: onnx::Conv_596
[08/20/2026-18:38:08] [V] [TRT] Importing initializer: onnx::Conv_597
[08/20/2026-18:38:08] [V] [TRT] Importing initializer: onnx::Conv_599
[08/20/2026-18:38:08] [V] [TRT] Importing initializer: onnx::Conv_600
[08/20/2026-18:38:08] [V] [TRT] Importing initializer: onnx::Conv_602
[08/20/2026-18:38:08] [V] [TRT] Importing initializer: onnx::Conv_603
[08/20/2026-18:38:08] [V] [TRT] Importing initializer: onnx::Conv_605
[08/20/2026-18:38:08] [V] [TRT] Importing initializer: onnx::Conv_606
[08/20/2026-18:38:08] [V] [TRT] Importing initializer: onnx::Conv_608
[08/20/2026-18:38:08] [V] [TRT] Importing initializer: onnx::Conv_609
[08/20/2026-18:38:08] [V] [TRT] Importing initializer: onnx::Conv_611
[08/20/2026-18:38:08] [V] [TRT] Importing initializer: onnx::Conv_612
[08/20/2026-18:38:08] [V] [TRT] Importing initializer: onnx::Conv_614
[08/20/2026-18:38:08] [V] [TRT] Importing initializer: onnx::Conv_615
[08/20/2026-18:38:08] [V] [TRT] Importing initializer: onnx::Conv_617
[08/20/2026-18:38:08] [V] [TRT] Importing initializer: onnx::Conv_618
[08/20/2026-18:38:08] [V] [TRT] Importing initializer: onnx::Conv_620
[08/20/2026-18:38:08] [V] [TRT] Importing initializer: onnx::Conv_621
[08/20/2026-18:38:08] [V] [TRT] Importing initializer: onnx::Conv_623
[08/20/2026-18:38:08] [V] [TRT] Importing initializer: onnx::Conv_624
[08/20/2026-18:38:08] [V] [TRT] Importing initializer: onnx::Conv_626
[08/20/2026-18:38:08] [V] [TRT] Importing initializer: onnx::Conv_627
[08/20/2026-18:38:08] [V] [TRT] Importing initializer: onnx::Conv_629
[08/20/2026-18:38:08] [V] [TRT] Importing initializer: onnx::Conv_630
[08/20/2026-18:38:08] [V] [TRT] Importing initializer: onnx::Conv_632
[08/20/2026-18:38:08] [V] [TRT] Importing initializer: onnx::Conv_633
[08/20/2026-18:38:08] [V] [TRT] Importing initializer: onnx::Conv_635
[08/20/2026-18:38:08] [V] [TRT] Importing initializer: onnx::Conv_636
[08/20/2026-18:38:08] [V] [TRT] Importing initializer: onnx::Conv_638
[08/20/2026-18:38:08] [V] [TRT] Importing initializer: onnx::Conv_639
[08/20/2026-18:38:08] [V] [TRT] Importing initializer: onnx::Conv_641
[08/20/2026-18:38:08] [V] [TRT] Importing initializer: onnx::Conv_642
[08/20/2026-18:38:08] [V] [TRT] Importing initializer: onnx::Conv_644
[08/20/2026-18:38:08] [V] [TRT] Importing initializer: onnx::Conv_645
[08/20/2026-18:38:08] [V] [TRT] Importing initializer: onnx::Conv_647
[08/20/2026-18:38:08] [V] [TRT] Importing initializer: onnx::Conv_648
[08/20/2026-18:38:08] [V] [TRT] Importing initializer: onnx::Conv_650
[08/20/2026-18:38:08] [V] [TRT] Importing initializer: onnx::Conv_651
[08/20/2026-18:38:08] [V] [TRT] Importing initializer: onnx::Conv_653
[08/20/2026-18:38:08] [V] [TRT] Importing initializer: onnx::Conv_654
[08/20/2026-18:38:08] [V] [TRT] Static check for parsing node: /conv1/Conv [Conv]
[08/20/2026-18:38:08] [V] [TRT] Parsing node: /conv1/Conv [Conv]
[08/20/2026-18:38:08] [V] [TRT] Searching for input: input
[08/20/2026-18:38:08] [V] [TRT] Searching for input: onnx::Conv_497
[08/20/2026-18:38:08] [V] [TRT] Searching for input: onnx::Conv_498
[08/20/2026-18:38:08] [V] [TRT] /conv1/Conv [Conv] inputs: [input -> (1, 3, 224, 224)[FLOAT]], [onnx::Conv_497 -> (64, 3, 7, 7)[FLOAT]], [onnx::Conv_498 -> (64)[FLOAT]], 
[08/20/2026-18:38:08] [V] [TRT] Convolution input dimensions: (1, 3, 224, 224)
[08/20/2026-18:38:08] [V] [TRT] Registering layer: /conv1/Conv for ONNX node: /conv1/Conv
[08/20/2026-18:38:08] [V] [TRT] Using kernel: (7, 7), strides: (2, 2), prepadding: (3, 3), postpadding: (3, 3), dilations: (1, 1), numOutputs: 64, nbGroups: 1
[08/20/2026-18:38:08] [V] [TRT] Convolution output dimensions: (1, 64, 112, 112)
[08/20/2026-18:38:08] [V] [TRT] Registering tensor: /conv1/Conv_output_0 for ONNX tensor: /conv1/Conv_output_0
[08/20/2026-18:38:08] [V] [TRT] /conv1/Conv [Conv] outputs: [/conv1/Conv_output_0 -> (1, 64, 112, 112)[FLOAT]], 
[08/20/2026-18:38:08] [V] [TRT] Static check for parsing node: /relu/Relu [Relu]
[08/20/2026-18:38:08] [V] [TRT] Parsing node: /relu/Relu [Relu]
[08/20/2026-18:38:08] [V] [TRT] Searching for input: /conv1/Conv_output_0
[08/20/2026-18:38:08] [V] [TRT] /relu/Relu [Relu] inputs: [/conv1/Conv_output_0 -> (1, 64, 112, 112)[FLOAT]], 
[08/20/2026-18:38:08] [V] [TRT] Registering layer: /relu/Relu for ONNX node: /relu/Relu
[08/20/2026-18:38:08] [V] [TRT] Registering tensor: /relu/Relu_output_0 for ONNX tensor: /relu/Relu_output_0
[08/20/2026-18:38:08] [V] [TRT] /relu/Relu [Relu] outputs: [/relu/Relu_output_0 -> (1, 64, 112, 112)[FLOAT]], 
[08/20/2026-18:38:08] [V] [TRT] Static check for parsing node: /maxpool/MaxPool [MaxPool]
[08/20/2026-18:38:08] [V] [TRT] Parsing node: /maxpool/MaxPool [MaxPool]
[08/20/2026-18:38:08] [V] [TRT] Searching for input: /relu/Relu_output_0
[08/20/2026-18:38:08] [V] [TRT] /maxpool/MaxPool [MaxPool] inputs: [/relu/Relu_output_0 -> (1, 64, 112, 112)[FLOAT]], 
[08/20/2026-18:38:08] [V] [TRT] Registering layer: /maxpool/MaxPool for ONNX node: /maxpool/MaxPool
[08/20/2026-18:38:08] [V] [TRT] Registering tensor: /maxpool/MaxPool_output_0 for ONNX tensor: /maxpool/MaxPool_output_0
[08/20/2026-18:38:08] [V] [TRT] /maxpool/MaxPool [MaxPool] outputs: [/maxpool/MaxPool_output_0 -> (1, 64, 56, 56)[FLOAT]], 
[08/20/2026-18:38:08] [V] [TRT] Static check for parsing node: /layer1/layer1.0/conv1/Conv [Conv]
[08/20/2026-18:38:08] [V] [TRT] Parsing node: /layer1/layer1.0/conv1/Conv [Conv]
[08/20/2026-18:38:08] [V] [TRT] Searching for input: /maxpool/MaxPool_output_0
[08/20/2026-18:38:08] [V] [TRT] Searching for input: onnx::Conv_500
[08/20/2026-18:38:08] [V] [TRT] Searching for input: onnx::Conv_501
[08/20/2026-18:38:08] [V] [TRT] /layer1/layer1.0/conv1/Conv [Conv] inputs: [/maxpool/MaxPool_output_0 -> (1, 64, 56, 56)[FLOAT]], [onnx::Conv_500 -> (64, 64, 1, 1)[FLOAT]], [onnx::Conv_501 -> (64)[FLOAT]], 
[08/20/2026-18:38:08] [V] [TRT] Convolution input dimensions: (1, 64, 56, 56)
[08/20/2026-18:38:08] [V] [TRT] Registering layer: /layer1/layer1.0/conv1/Conv for ONNX node: /layer1/layer1.0/conv1/Conv
[08/20/2026-18:38:08] [V] [TRT] Using kernel: (1, 1), strides: (1, 1), prepadding: (0, 0), postpadding: (0, 0), dilations: (1, 1), numOutputs: 64, nbGroups: 1
[08/20/2026-18:38:08] [V] [TRT] Convolution output dimensions: (1, 64, 56, 56)
[08/20/2026-18:38:08] [V] [TRT] Registering tensor: /layer1/layer1.0/conv1/Conv_output_0 for ONNX tensor: /layer1/layer1.0/conv1/Conv_output_0
[08/20/2026-18:38:08] [V] [TRT] /layer1/layer1.0/conv1/Conv [Conv] outputs: [/layer1/layer1.0/conv1/Conv_output_0 -> (1, 64, 56, 56)[FLOAT]], 
[08/20/2026-18:38:08] [V] [TRT] Static check for parsing node: /layer1/layer1.0/relu/Relu [Relu]
[08/20/2026-18:38:08] [V] [TRT] Parsing node: /layer1/layer1.0/relu/Relu [Relu]
[08/20/2026-18:38:08] [V] [TRT] Searching for input: /layer1/layer1.0/conv1/Conv_output_0
[08/20/2026-18:38:08] [V] [TRT] /layer1/layer1.0/relu/Relu [Relu] inputs: [/layer1/layer1.0/conv1/Conv_output_0 -> (1, 64, 56, 56)[FLOAT]], 
[08/20/2026-18:38:08] [V] [TRT] Registering layer: /layer1/layer1.0/relu/Relu for ONNX node: /layer1/layer1.0/relu/Relu
[08/20/2026-18:38:08] [V] [TRT] Registering tensor: /layer1/layer1.0/relu/Relu_output_0 for ONNX tensor: /layer1/layer1.0/relu/Relu_output_0
[08/20/2026-18:38:08] [V] [TRT] /layer1/layer1.0/relu/Relu [Relu] outputs: [/layer1/layer1.0/relu/Relu_output_0 -> (1, 64, 56, 56)[FLOAT]], 
[08/20/2026-18:38:08] [V] [TRT] Static check for parsing node: /layer1/layer1.0/conv2/Conv [Conv]
[08/20/2026-18:38:08] [V] [TRT] Parsing node: /layer1/layer1.0/conv2/Conv [Conv]
[08/20/2026-18:38:08] [V] [TRT] Searching for input: /layer1/layer1.0/relu/Relu_output_0
[08/20/2026-18:38:08] [V] [TRT] Searching for input: onnx::Conv_503
[08/20/2026-18:38:08] [V] [TRT] Searching for input: onnx::Conv_504
[08/20/2026-18:38:08] [V] [TRT] /layer1/layer1.0/conv2/Conv [Conv] inputs: [/layer1/layer1.0/relu/Relu_output_0 -> (1, 64, 56, 56)[FLOAT]], [onnx::Conv_503 -> (64, 64, 3, 3)[FLOAT]], [onnx::Conv_504 -> (64)[FLOAT]], 
[08/20/2026-18:38:08] [V] [TRT] Convolution input dimensions: (1, 64, 56, 56)
[08/20/2026-18:38:08] [V] [TRT] Registering layer: /layer1/layer1.0/conv2/Conv for ONNX node: /layer1/layer1.0/conv2/Conv
[08/20/2026-18:38:08] [V] [TRT] Using kernel: (3, 3), strides: (1, 1), prepadding: (1, 1), postpadding: (1, 1), dilations: (1, 1), numOutputs: 64, nbGroups: 1
[08/20/2026-18:38:08] [V] [TRT] Convolution output dimensions: (1, 64, 56, 56)
[08/20/2026-18:38:08] [V] [TRT] Registering tensor: /layer1/layer1.0/conv2/Conv_output_0 for ONNX tensor: /layer1/layer1.0/conv2/Conv_output_0
[08/20/2026-18:38:08] [V] [TRT] /layer1/layer1.0/conv2/Conv [Conv] outputs: [/layer1/layer1.0/conv2/Conv_output_0 -> (1, 64, 56, 56)[FLOAT]], 
[08/20/2026-18:38:08] [V] [TRT] Static check for parsing node: /layer1/layer1.0/relu_1/Relu [Relu]
[08/20/2026-18:38:08] [V] [TRT] Parsing node: /layer1/layer1.0/relu_1/Relu [Relu]
[08/20/2026-18:38:08] [V] [TRT] Searching for input: /layer1/layer1.0/conv2/Conv_output_0
[08/20/2026-18:38:08] [V] [TRT] /layer1/layer1.0/relu_1/Relu [Relu] inputs: [/layer1/layer1.0/conv2/Conv_output_0 -> (1, 64, 56, 56)[FLOAT]], 
[08/20/2026-18:38:08] [V] [TRT] Registering layer: /layer1/layer1.0/relu_1/Relu for ONNX node: /layer1/layer1.0/relu_1/Relu
[08/20/2026-18:38:08] [V] [TRT] Registering tensor: /layer1/layer1.0/relu_1/Relu_output_0 for ONNX tensor: /layer1/layer1.0/relu_1/Relu_output_0
[08/20/2026-18:38:08] [V] [TRT] /layer1/layer1.0/relu_1/Relu [Relu] outputs: [/layer1/layer1.0/relu_1/Relu_output_0 -> (1, 64, 56, 56)[FLOAT]], 
[08/20/2026-18:38:08] [V] [TRT] Static check for parsing node: /layer1/layer1.0/conv3/Conv [Conv]
[08/20/2026-18:38:08] [V] [TRT] Parsing node: /layer1/layer1.0/conv3/Conv [Conv]
[08/20/2026-18:38:08] [V] [TRT] Searching for input: /layer1/layer1.0/relu_1/Relu_output_0
[08/20/2026-18:38:08] [V] [TRT] Searching for input: onnx::Conv_506
[08/20/2026-18:38:08] [V] [TRT] Searching for input: onnx::Conv_507
[08/20/2026-18:38:08] [V] [TRT] /layer1/layer1.0/conv3/Conv [Conv] inputs: [/layer1/layer1.0/relu_1/Relu_output_0 -> (1, 64, 56, 56)[FLOAT]], [onnx::Conv_506 -> (256, 64, 1, 1)[FLOAT]], [onnx::Conv_507 -> (256)[FLOAT]], 
[08/20/2026-18:38:08] [V] [TRT] Convolution input dimensions: (1, 64, 56, 56)
[08/20/2026-18:38:08] [V] [TRT] Registering layer: /layer1/layer1.0/conv3/Conv for ONNX node: /layer1/layer1.0/conv3/Conv
[08/20/2026-18:38:08] [V] [TRT] Using kernel: (1, 1), strides: (1, 1), prepadding: (0, 0), postpadding: (0, 0), dilations: (1, 1), numOutputs: 256, nbGroups: 1
[08/20/2026-18:38:08] [V] [TRT] Convolution output dimensions: (1, 256, 56, 56)
[08/20/2026-18:38:08] [V] [TRT] Registering tensor: /layer1/layer1.0/conv3/Conv_output_0 for ONNX tensor: /layer1/layer1.0/conv3/Conv_output_0
[08/20/2026-18:38:08] [V] [TRT] /layer1/layer1.0/conv3/Conv [Conv] outputs: [/layer1/layer1.0/conv3/Conv_output_0 -> (1, 256, 56, 56)[FLOAT]], 
[08/20/2026-18:38:08] [V] [TRT] Static check for parsing node: /layer1/layer1.0/downsample/downsample.0/Conv [Conv]
[08/20/2026-18:38:08] [V] [TRT] Parsing node: /layer1/layer1.0/downsample/downsample.0/Conv [Conv]
[08/20/2026-18:38:08] [V] [TRT] Searching for input: /maxpool/MaxPool_output_0
[08/20/2026-18:38:08] [V] [TRT] Searching for input: onnx::Conv_509
[08/20/2026-18:38:08] [V] [TRT] Searching for input: onnx::Conv_510
[08/20/2026-18:38:08] [V] [TRT] /layer1/layer1.0/downsample/downsample.0/Conv [Conv] inputs: [/maxpool/MaxPool_output_0 -> (1, 64, 56, 56)[FLOAT]], [onnx::Conv_509 -> (256, 64, 1, 1)[FLOAT]], [onnx::Conv_510 -> (256)[FLOAT]], 
[08/20/2026-18:38:08] [V] [TRT] Convolution input dimensions: (1, 64, 56, 56)
[08/20/2026-18:38:08] [V] [TRT] Registering layer: /layer1/layer1.0/downsample/downsample.0/Conv for ONNX node: /layer1/layer1.0/downsample/downsample.0/Conv
[08/20/2026-18:38:08] [V] [TRT] Using kernel: (1, 1), strides: (1, 1), prepadding: (0, 0), postpadding: (0, 0), dilations: (1, 1), numOutputs: 256, nbGroups: 1
[08/20/2026-18:38:08] [V] [TRT] Convolution output dimensions: (1, 256, 56, 56)
[08/20/2026-18:38:08] [V] [TRT] Registering tensor: /layer1/layer1.0/downsample/downsample.0/Conv_output_0 for ONNX tensor: /layer1/layer1.0/downsample/downsample.0/Conv_output_0
[08/20/2026-18:38:08] [V] [TRT] /layer1/layer1.0/downsample/downsample.0/Conv [Conv] outputs: [/layer1/layer1.0/downsample/downsample.0/Conv_output_0 -> (1, 256, 56, 56)[FLOAT]], 
[08/20/2026-18:38:08] [V] [TRT] Static check for parsing node: /layer1/layer1.0/Add [Add]
[08/20/2026-18:38:08] [V] [TRT] Parsing node: /layer1/layer1.0/Add [Add]
[08/20/2026-18:38:08] [V] [TRT] Searching for input: /layer1/layer1.0/conv3/Conv_output_0
[08/20/2026-18:38:08] [V] [TRT] Searching for input: /layer1/layer1.0/downsample/downsample.0/Conv_output_0
[08/20/2026-18:38:08] [V] [TRT] /layer1/layer1.0/Add [Add] inputs: [/layer1/layer1.0/conv3/Conv_output_0 -> (1, 256, 56, 56)[FLOAT]], [/layer1/layer1.0/downsample/downsample.0/Conv_output_0 -> (1, 256, 56, 56)[FLOAT]], 
[08/20/2026-18:38:08] [V] [TRT] Registering layer: /layer1/layer1.0/Add for ONNX node: /layer1/layer1.0/Add
[08/20/2026-18:38:08] [V] [TRT] Registering tensor: /layer1/layer1.0/Add_output_0 for ONNX tensor: /layer1/layer1.0/Add_output_0
[08/20/2026-18:38:08] [V] [TRT] /layer1/layer1.0/Add [Add] outputs: [/layer1/layer1.0/Add_output_0 -> (1, 256, 56, 56)[FLOAT]], 
[08/20/2026-18:38:08] [V] [TRT] Static check for parsing node: /layer1/layer1.0/relu_2/Relu [Relu]
[08/20/2026-18:38:08] [V] [TRT] Parsing node: /layer1/layer1.0/relu_2/Relu [Relu]
[08/20/2026-18:38:08] [V] [TRT] Searching for input: /layer1/layer1.0/Add_output_0
[08/20/2026-18:38:08] [V] [TRT] /layer1/layer1.0/relu_2/Relu [Relu] inputs: [/layer1/layer1.0/Add_output_0 -> (1, 256, 56, 56)[FLOAT]], 
[08/20/2026-18:38:08] [V] [TRT] Registering layer: /layer1/layer1.0/relu_2/Relu for ONNX node: /layer1/layer1.0/relu_2/Relu
[08/20/2026-18:38:08] [V] [TRT] Registering tensor: /layer1/layer1.0/relu_2/Relu_output_0 for ONNX tensor: /layer1/layer1.0/relu_2/Relu_output_0
[08/20/2026-18:38:08] [V] [TRT] /layer1/layer1.0/relu_2/Relu [Relu] outputs: [/layer1/layer1.0/relu_2/Relu_output_0 -> (1, 256, 56, 56)[FLOAT]], 
[08/20/2026-18:38:08] [V] [TRT] Static check for parsing node: /layer1/layer1.1/conv1/Conv [Conv]
[08/20/2026-18:38:08] [V] [TRT] Parsing node: /layer1/layer1.1/conv1/Conv [Conv]
[08/20/2026-18:38:08] [V] [TRT] Searching for input: /layer1/layer1.0/relu_2/Relu_output_0
[08/20/2026-18:38:08] [V] [TRT] Searching for input: onnx::Conv_512
[08/20/2026-18:38:08] [V] [TRT] Searching for input: onnx::Conv_513
[08/20/2026-18:38:08] [V] [TRT] /layer1/layer1.1/conv1/Conv [Conv] inputs: [/layer1/layer1.0/relu_2/Relu_output_0 -> (1, 256, 56, 56)[FLOAT]], [onnx::Conv_512 -> (64, 256, 1, 1)[FLOAT]], [onnx::Conv_513 -> (64)[FLOAT]], 
[08/20/2026-18:38:08] [V] [TRT] Convolution input dimensions: (1, 256, 56, 56)
[08/20/2026-18:38:08] [V] [TRT] Registering layer: /layer1/layer1.1/conv1/Conv for ONNX node: /layer1/layer1.1/conv1/Conv
[08/20/2026-18:38:08] [V] [TRT] Using kernel: (1, 1), strides: (1, 1), prepadding: (0, 0), postpadding: (0, 0), dilations: (1, 1), numOutputs: 64, nbGroups: 1
[08/20/2026-18:38:08] [V] [TRT] Convolution output dimensions: (1, 64, 56, 56)
[08/20/2026-18:38:08] [V] [TRT] Registering tensor: /layer1/layer1.1/conv1/Conv_output_0 for ONNX tensor: /layer1/layer1.1/conv1/Conv_output_0
[08/20/2026-18:38:08] [V] [TRT] /layer1/layer1.1/conv1/Conv [Conv] outputs: [/layer1/layer1.1/conv1/Conv_output_0 -> (1, 64, 56, 56)[FLOAT]], 
[08/20/2026-18:38:08] [V] [TRT] Static check for parsing node: /layer1/layer1.1/relu/Relu [Relu]
[08/20/2026-18:38:08] [V] [TRT] Parsing node: /layer1/layer1.1/relu/Relu [Relu]
[08/20/2026-18:38:08] [V] [TRT] Searching for input: /layer1/layer1.1/conv1/Conv_output_0
[08/20/2026-18:38:08] [V] [TRT] /layer1/layer1.1/relu/Relu [Relu] inputs: [/layer1/layer1.1/conv1/Conv_output_0 -> (1, 64, 56, 56)[FLOAT]], 
[08/20/2026-18:38:08] [V] [TRT] Registering layer: /layer1/layer1.1/relu/Relu for ONNX node: /layer1/layer1.1/relu/Relu
[08/20/2026-18:38:08] [V] [TRT] Registering tensor: /layer1/layer1.1/relu/Relu_output_0 for ONNX tensor: /layer1/layer1.1/relu/Relu_output_0
[08/20/2026-18:38:08] [V] [TRT] /layer1/layer1.1/relu/Relu [Relu] outputs: [/layer1/layer1.1/relu/Relu_output_0 -> (1, 64, 56, 56)[FLOAT]], 
[08/20/2026-18:38:08] [V] [TRT] Static check for parsing node: /layer1/layer1.1/conv2/Conv [Conv]
[08/20/2026-18:38:08] [V] [TRT] Parsing node: /layer1/layer1.1/conv2/Conv [Conv]
[08/20/2026-18:38:08] [V] [TRT] Searching for input: /layer1/layer1.1/relu/Relu_output_0
[08/20/2026-18:38:08] [V] [TRT] Searching for input: onnx::Conv_515
[08/20/2026-18:38:08] [V] [TRT] Searching for input: onnx::Conv_516
[08/20/2026-18:38:08] [V] [TRT] /layer1/layer1.1/conv2/Conv [Conv] inputs: [/layer1/layer1.1/relu/Relu_output_0 -> (1, 64, 56, 56)[FLOAT]], [onnx::Conv_515 -> (64, 64, 3, 3)[FLOAT]], [onnx::Conv_516 -> (64)[FLOAT]], 
[08/20/2026-18:38:08] [V] [TRT] Convolution input dimensions: (1, 64, 56, 56)
[08/20/2026-18:38:08] [V] [TRT] Registering layer: /layer1/layer1.1/conv2/Conv for ONNX node: /layer1/layer1.1/conv2/Conv
[08/20/2026-18:38:08] [V] [TRT] Using kernel: (3, 3), strides: (1, 1), prepadding: (1, 1), postpadding: (1, 1), dilations: (1, 1), numOutputs: 64, nbGroups: 1
[08/20/2026-18:38:08] [V] [TRT] Convolution output dimensions: (1, 64, 56, 56)
[08/20/2026-18:38:08] [V] [TRT] Registering tensor: /layer1/layer1.1/conv2/Conv_output_0 for ONNX tensor: /layer1/layer1.1/conv2/Conv_output_0
[08/20/2026-18:38:08] [V] [TRT] /layer1/layer1.1/conv2/Conv [Conv] outputs: [/layer1/layer1.1/conv2/Conv_output_0 -> (1, 64, 56, 56)[FLOAT]], 
[08/20/2026-18:38:08] [V] [TRT] Static check for parsing node: /layer1/layer1.1/relu_1/Relu [Relu]
[08/20/2026-18:38:08] [V] [TRT] Parsing node: /layer1/layer1.1/relu_1/Relu [Relu]
[08/20/2026-18:38:08] [V] [TRT] Searching for input: /layer1/layer1.1/conv2/Conv_output_0
[08/20/2026-18:38:08] [V] [TRT] /layer1/layer1.1/relu_1/Relu [Relu] inputs: [/layer1/layer1.1/conv2/Conv_output_0 -> (1, 64, 56, 56)[FLOAT]], 
[08/20/2026-18:38:08] [V] [TRT] Registering layer: /layer1/layer1.1/relu_1/Relu for ONNX node: /layer1/layer1.1/relu_1/Relu
[08/20/2026-18:38:08] [V] [TRT] Registering tensor: /layer1/layer1.1/relu_1/Relu_output_0 for ONNX tensor: /layer1/layer1.1/relu_1/Relu_output_0
[08/20/2026-18:38:08] [V] [TRT] /layer1/layer1.1/relu_1/Relu [Relu] outputs: [/layer1/layer1.1/relu_1/Relu_output_0 -> (1, 64, 56, 56)[FLOAT]], 
[08/20/2026-18:38:08] [V] [TRT] Static check for parsing node: /layer1/layer1.1/conv3/Conv [Conv]
[08/20/2026-18:38:08] [V] [TRT] Parsing node: /layer1/layer1.1/conv3/Conv [Conv]
[08/20/2026-18:38:08] [V] [TRT] Searching for input: /layer1/layer1.1/relu_1/Relu_output_0
[08/20/2026-18:38:08] [V] [TRT] Searching for input: onnx::Conv_518
[08/20/2026-18:38:08] [V] [TRT] Searching for input: onnx::Conv_519
[08/20/2026-18:38:08] [V] [TRT] /layer1/layer1.1/conv3/Conv [Conv] inputs: [/layer1/layer1.1/relu_1/Relu_output_0 -> (1, 64, 56, 56)[FLOAT]], [onnx::Conv_518 -> (256, 64, 1, 1)[FLOAT]], [onnx::Conv_519 -> (256)[FLOAT]], 
[08/20/2026-18:38:08] [V] [TRT] Convolution input dimensions: (1, 64, 56, 56)
[08/20/2026-18:38:08] [V] [TRT] Registering layer: /layer1/layer1.1/conv3/Conv for ONNX node: /layer1/layer1.1/conv3/Conv
[08/20/2026-18:38:08] [V] [TRT] Using kernel: (1, 1), strides: (1, 1), prepadding: (0, 0), postpadding: (0, 0), dilations: (1, 1), numOutputs: 256, nbGroups: 1
[08/20/2026-18:38:08] [V] [TRT] Convolution output dimensions: (1, 256, 56, 56)
[08/20/2026-18:38:08] [V] [TRT] Registering tensor: /layer1/layer1.1/conv3/Conv_output_0 for ONNX tensor: /layer1/layer1.1/conv3/Conv_output_0
[08/20/2026-18:38:08] [V] [TRT] /layer1/layer1.1/conv3/Conv [Conv] outputs: [/layer1/layer1.1/conv3/Conv_output_0 -> (1, 256, 56, 56)[FLOAT]], 
[08/20/2026-18:38:08] [V] [TRT] Static check for parsing node: /layer1/layer1.1/Add [Add]
[08/20/2026-18:38:08] [V] [TRT] Parsing node: /layer1/layer1.1/Add [Add]
[08/20/2026-18:38:08] [V] [TRT] Searching for input: /layer1/layer1.1/conv3/Conv_output_0
[08/20/2026-18:38:08] [V] [TRT] Searching for input: /layer1/layer1.0/relu_2/Relu_output_0
[08/20/2026-18:38:08] [V] [TRT] /layer1/layer1.1/Add [Add] inputs: [/layer1/layer1.1/conv3/Conv_output_0 -> (1, 256, 56, 56)[FLOAT]], [/layer1/layer1.0/relu_2/Relu_output_0 -> (1, 256, 56, 56)[FLOAT]], 
[08/20/2026-18:38:08] [V] [TRT] Registering layer: /layer1/layer1.1/Add for ONNX node: /layer1/layer1.1/Add
[08/20/2026-18:38:08] [V] [TRT] Registering tensor: /layer1/layer1.1/Add_output_0 for ONNX tensor: /layer1/layer1.1/Add_output_0
[08/20/2026-18:38:08] [V] [TRT] /layer1/layer1.1/Add [Add] outputs: [/layer1/layer1.1/Add_output_0 -> (1, 256, 56, 56)[FLOAT]], 
[08/20/2026-18:38:08] [V] [TRT] Static check for parsing node: /layer1/layer1.1/relu_2/Relu [Relu]
[08/20/2026-18:38:08] [V] [TRT] Parsing node: /layer1/layer1.1/relu_2/Relu [Relu]
[08/20/2026-18:38:08] [V] [TRT] Searching for input: /layer1/layer1.1/Add_output_0
[08/20/2026-18:38:08] [V] [TRT] /layer1/layer1.1/relu_2/Relu [Relu] inputs: [/layer1/layer1.1/Add_output_0 -> (1, 256, 56, 56)[FLOAT]], 
[08/20/2026-18:38:08] [V] [TRT] Registering layer: /layer1/layer1.1/relu_2/Relu for ONNX node: /layer1/layer1.1/relu_2/Relu
[08/20/2026-18:38:08] [V] [TRT] Registering tensor: /layer1/layer1.1/relu_2/Relu_output_0 for ONNX tensor: /layer1/layer1.1/relu_2/Relu_output_0
[08/20/2026-18:38:08] [V] [TRT] /layer1/layer1.1/relu_2/Relu [Relu] outputs: [/layer1/layer1.1/relu_2/Relu_output_0 -> (1, 256, 56, 56)[FLOAT]], 
[08/20/2026-18:38:08] [V] [TRT] Static check for parsing node: /layer1/layer1.2/conv1/Conv [Conv]
[08/20/2026-18:38:08] [V] [TRT] Parsing node: /layer1/layer1.2/conv1/Conv [Conv]
[08/20/2026-18:38:08] [V] [TRT] Searching for input: /layer1/layer1.1/relu_2/Relu_output_0
[08/20/2026-18:38:08] [V] [TRT] Searching for input: onnx::Conv_521
[08/20/2026-18:38:08] [V] [TRT] Searching for input: onnx::Conv_522
[08/20/2026-18:38:08] [V] [TRT] /layer1/layer1.2/conv1/Conv [Conv] inputs: [/layer1/layer1.1/relu_2/Relu_output_0 -> (1, 256, 56, 56)[FLOAT]], [onnx::Conv_521 -> (64, 256, 1, 1)[FLOAT]], [onnx::Conv_522 -> (64)[FLOAT]], 
[08/20/2026-18:38:08] [V] [TRT] Convolution input dimensions: (1, 256, 56, 56)
[08/20/2026-18:38:08] [V] [TRT] Registering layer: /layer1/layer1.2/conv1/Conv for ONNX node: /layer1/layer1.2/conv1/Conv
[08/20/2026-18:38:08] [V] [TRT] Using kernel: (1, 1), strides: (1, 1), prepadding: (0, 0), postpadding: (0, 0), dilations: (1, 1), numOutputs: 64, nbGroups: 1
[08/20/2026-18:38:08] [V] [TRT] Convolution output dimensions: (1, 64, 56, 56)
[08/20/2026-18:38:08] [V] [TRT] Registering tensor: /layer1/layer1.2/conv1/Conv_output_0 for ONNX tensor: /layer1/layer1.2/conv1/Conv_output_0
[08/20/2026-18:38:08] [V] [TRT] /layer1/layer1.2/conv1/Conv [Conv] outputs: [/layer1/layer1.2/conv1/Conv_output_0 -> (1, 64, 56, 56)[FLOAT]], 
[08/20/2026-18:38:08] [V] [TRT] Static check for parsing node: /layer1/layer1.2/relu/Relu [Relu]
[08/20/2026-18:38:08] [V] [TRT] Parsing node: /layer1/layer1.2/relu/Relu [Relu]
[08/20/2026-18:38:08] [V] [TRT] Searching for input: /layer1/layer1.2/conv1/Conv_output_0
[08/20/2026-18:38:08] [V] [TRT] /layer1/layer1.2/relu/Relu [Relu] inputs: [/layer1/layer1.2/conv1/Conv_output_0 -> (1, 64, 56, 56)[FLOAT]], 
[08/20/2026-18:38:08] [V] [TRT] Registering layer: /layer1/layer1.2/relu/Relu for ONNX node: /layer1/layer1.2/relu/Relu
[08/20/2026-18:38:08] [V] [TRT] Registering tensor: /layer1/layer1.2/relu/Relu_output_0 for ONNX tensor: /layer1/layer1.2/relu/Relu_output_0
[08/20/2026-18:38:08] [V] [TRT] /layer1/layer1.2/relu/Relu [Relu] outputs: [/layer1/layer1.2/relu/Relu_output_0 -> (1, 64, 56, 56)[FLOAT]], 
[08/20/2026-18:38:08] [V] [TRT] Static check for parsing node: /layer1/layer1.2/conv2/Conv [Conv]
[08/20/2026-18:38:08] [V] [TRT] Parsing node: /layer1/layer1.2/conv2/Conv [Conv]
[08/20/2026-18:38:08] [V] [TRT] Searching for input: /layer1/layer1.2/relu/Relu_output_0
[08/20/2026-18:38:08] [V] [TRT] Searching for input: onnx::Conv_524
[08/20/2026-18:38:08] [V] [TRT] Searching for input: onnx::Conv_525
[08/20/2026-18:38:08] [V] [TRT] /layer1/layer1.2/conv2/Conv [Conv] inputs: [/layer1/layer1.2/relu/Relu_output_0 -> (1, 64, 56, 56)[FLOAT]], [onnx::Conv_524 -> (64, 64, 3, 3)[FLOAT]], [onnx::Conv_525 -> (64)[FLOAT]], 
[08/20/2026-18:38:08] [V] [TRT] Convolution input dimensions: (1, 64, 56, 56)
[08/20/2026-18:38:08] [V] [TRT] Registering layer: /layer1/layer1.2/conv2/Conv for ONNX node: /layer1/layer1.2/conv2/Conv
[08/20/2026-18:38:08] [V] [TRT] Using kernel: (3, 3), strides: (1, 1), prepadding: (1, 1), postpadding: (1, 1), dilations: (1, 1), numOutputs: 64, nbGroups: 1
[08/20/2026-18:38:08] [V] [TRT] Convolution output dimensions: (1, 64, 56, 56)
[08/20/2026-18:38:08] [V] [TRT] Registering tensor: /layer1/layer1.2/conv2/Conv_output_0 for ONNX tensor: /layer1/layer1.2/conv2/Conv_output_0
[08/20/2026-18:38:08] [V] [TRT] /layer1/layer1.2/conv2/Conv [Conv] outputs: [/layer1/layer1.2/conv2/Conv_output_0 -> (1, 64, 56, 56)[FLOAT]], 
[08/20/2026-18:38:08] [V] [TRT] Static check for parsing node: /layer1/layer1.2/relu_1/Relu [Relu]
[08/20/2026-18:38:08] [V] [TRT] Parsing node: /layer1/layer1.2/relu_1/Relu [Relu]
[08/20/2026-18:38:08] [V] [TRT] Searching for input: /layer1/layer1.2/conv2/Conv_output_0
[08/20/2026-18:38:08] [V] [TRT] /layer1/layer1.2/relu_1/Relu [Relu] inputs: [/layer1/layer1.2/conv2/Conv_output_0 -> (1, 64, 56, 56)[FLOAT]], 
[08/20/2026-18:38:08] [V] [TRT] Registering layer: /layer1/layer1.2/relu_1/Relu for ONNX node: /layer1/layer1.2/relu_1/Relu
[08/20/2026-18:38:08] [V] [TRT] Registering tensor: /layer1/layer1.2/relu_1/Relu_output_0 for ONNX tensor: /layer1/layer1.2/relu_1/Relu_output_0
[08/20/2026-18:38:08] [V] [TRT] /layer1/layer1.2/relu_1/Relu [Relu] outputs: [/layer1/layer1.2/relu_1/Relu_output_0 -> (1, 64, 56, 56)[FLOAT]], 
[08/20/2026-18:38:08] [V] [TRT] Static check for parsing node: /layer1/layer1.2/conv3/Conv [Conv]
[08/20/2026-18:38:08] [V] [TRT] Parsing node: /layer1/layer1.2/conv3/Conv [Conv]
[08/20/2026-18:38:08] [V] [TRT] Searching for input: /layer1/layer1.2/relu_1/Relu_output_0
[08/20/2026-18:38:08] [V] [TRT] Searching for input: onnx::Conv_527
[08/20/2026-18:38:08] [V] [TRT] Searching for input: onnx::Conv_528
[08/20/2026-18:38:08] [V] [TRT] /layer1/layer1.2/conv3/Conv [Conv] inputs: [/layer1/layer1.2/relu_1/Relu_output_0 -> (1, 64, 56, 56)[FLOAT]], [onnx::Conv_527 -> (256, 64, 1, 1)[FLOAT]], [onnx::Conv_528 -> (256)[FLOAT]], 
[08/20/2026-18:38:08] [V] [TRT] Convolution input dimensions: (1, 64, 56, 56)
[08/20/2026-18:38:08] [V] [TRT] Registering layer: /layer1/layer1.2/conv3/Conv for ONNX node: /layer1/layer1.2/conv3/Conv
[08/20/2026-18:38:08] [V] [TRT] Using kernel: (1, 1), strides: (1, 1), prepadding: (0, 0), postpadding: (0, 0), dilations: (1, 1), numOutputs: 256, nbGroups: 1
[08/20/2026-18:38:08] [V] [TRT] Convolution output dimensions: (1, 256, 56, 56)
[08/20/2026-18:38:08] [V] [TRT] Registering tensor: /layer1/layer1.2/conv3/Conv_output_0 for ONNX tensor: /layer1/layer1.2/conv3/Conv_output_0
[08/20/2026-18:38:08] [V] [TRT] /layer1/layer1.2/conv3/Conv [Conv] outputs: [/layer1/layer1.2/conv3/Conv_output_0 -> (1, 256, 56, 56)[FLOAT]], 
[08/20/2026-18:38:08] [V] [TRT] Static check for parsing node: /layer1/layer1.2/Add [Add]
[08/20/2026-18:38:08] [V] [TRT] Parsing node: /layer1/layer1.2/Add [Add]
[08/20/2026-18:38:08] [V] [TRT] Searching for input: /layer1/layer1.2/conv3/Conv_output_0
[08/20/2026-18:38:08] [V] [TRT] Searching for input: /layer1/layer1.1/relu_2/Relu_output_0
[08/20/2026-18:38:08] [V] [TRT] /layer1/layer1.2/Add [Add] inputs: [/layer1/layer1.2/conv3/Conv_output_0 -> (1, 256, 56, 56)[FLOAT]], [/layer1/layer1.1/relu_2/Relu_output_0 -> (1, 256, 56, 56)[FLOAT]], 
[08/20/2026-18:38:08] [V] [TRT] Registering layer: /layer1/layer1.2/Add for ONNX node: /layer1/layer1.2/Add
[08/20/2026-18:38:08] [V] [TRT] Registering tensor: /layer1/layer1.2/Add_output_0 for ONNX tensor: /layer1/layer1.2/Add_output_0
[08/20/2026-18:38:08] [V] [TRT] /layer1/layer1.2/Add [Add] outputs: [/layer1/layer1.2/Add_output_0 -> (1, 256, 56, 56)[FLOAT]], 
[08/20/2026-18:38:08] [V] [TRT] Static check for parsing node: /layer1/layer1.2/relu_2/Relu [Relu]
[08/20/2026-18:38:08] [V] [TRT] Parsing node: /layer1/layer1.2/relu_2/Relu [Relu]
[08/20/2026-18:38:08] [V] [TRT] Searching for input: /layer1/layer1.2/Add_output_0
[08/20/2026-18:38:08] [V] [TRT] /layer1/layer1.2/relu_2/Relu [Relu] inputs: [/layer1/layer1.2/Add_output_0 -> (1, 256, 56, 56)[FLOAT]], 
[08/20/2026-18:38:08] [V] [TRT] Registering layer: /layer1/layer1.2/relu_2/Relu for ONNX node: /layer1/layer1.2/relu_2/Relu
[08/20/2026-18:38:08] [V] [TRT] Registering tensor: /layer1/layer1.2/relu_2/Relu_output_0 for ONNX tensor: /layer1/layer1.2/relu_2/Relu_output_0
[08/20/2026-18:38:08] [V] [TRT] /layer1/layer1.2/relu_2/Relu [Relu] outputs: [/layer1/layer1.2/relu_2/Relu_output_0 -> (1, 256, 56, 56)[FLOAT]], 
[08/20/2026-18:38:08] [V] [TRT] Static check for parsing node: /layer2/layer2.0/conv1/Conv [Conv]
[08/20/2026-18:38:08] [V] [TRT] Parsing node: /layer2/layer2.0/conv1/Conv [Conv]
[08/20/2026-18:38:08] [V] [TRT] Searching for input: /layer1/layer1.2/relu_2/Relu_output_0
[08/20/2026-18:38:08] [V] [TRT] Searching for input: onnx::Conv_530
[08/20/2026-18:38:08] [V] [TRT] Searching for input: onnx::Conv_531
[08/20/2026-18:38:08] [V] [TRT] /layer2/layer2.0/conv1/Conv [Conv] inputs: [/layer1/layer1.2/relu_2/Relu_output_0 -> (1, 256, 56, 56)[FLOAT]], [onnx::Conv_530 -> (128, 256, 1, 1)[FLOAT]], [onnx::Conv_531 -> (128)[FLOAT]], 
[08/20/2026-18:38:08] [V] [TRT] Convolution input dimensions: (1, 256, 56, 56)
[08/20/2026-18:38:08] [V] [TRT] Registering layer: /layer2/layer2.0/conv1/Conv for ONNX node: /layer2/layer2.0/conv1/Conv
[08/20/2026-18:38:08] [V] [TRT] Using kernel: (1, 1), strides: (1, 1), prepadding: (0, 0), postpadding: (0, 0), dilations: (1, 1), numOutputs: 128, nbGroups: 1
[08/20/2026-18:38:08] [V] [TRT] Convolution output dimensions: (1, 128, 56, 56)
[08/20/2026-18:38:08] [V] [TRT] Registering tensor: /layer2/layer2.0/conv1/Conv_output_0 for ONNX tensor: /layer2/layer2.0/conv1/Conv_output_0
[08/20/2026-18:38:08] [V] [TRT] /layer2/layer2.0/conv1/Conv [Conv] outputs: [/layer2/layer2.0/conv1/Conv_output_0 -> (1, 128, 56, 56)[FLOAT]], 
[08/20/2026-18:38:08] [V] [TRT] Static check for parsing node: /layer2/layer2.0/relu/Relu [Relu]
[08/20/2026-18:38:08] [V] [TRT] Parsing node: /layer2/layer2.0/relu/Relu [Relu]
[08/20/2026-18:38:08] [V] [TRT] Searching for input: /layer2/layer2.0/conv1/Conv_output_0
[08/20/2026-18:38:08] [V] [TRT] /layer2/layer2.0/relu/Relu [Relu] inputs: [/layer2/layer2.0/conv1/Conv_output_0 -> (1, 128, 56, 56)[FLOAT]], 
[08/20/2026-18:38:08] [V] [TRT] Registering layer: /layer2/layer2.0/relu/Relu for ONNX node: /layer2/layer2.0/relu/Relu
[08/20/2026-18:38:08] [V] [TRT] Registering tensor: /layer2/layer2.0/relu/Relu_output_0 for ONNX tensor: /layer2/layer2.0/relu/Relu_output_0
[08/20/2026-18:38:08] [V] [TRT] /layer2/layer2.0/relu/Relu [Relu] outputs: [/layer2/layer2.0/relu/Relu_output_0 -> (1, 128, 56, 56)[FLOAT]], 
[08/20/2026-18:38:08] [V] [TRT] Static check for parsing node: /layer2/layer2.0/conv2/Conv [Conv]
[08/20/2026-18:38:08] [V] [TRT] Parsing node: /layer2/layer2.0/conv2/Conv [Conv]
[08/20/2026-18:38:08] [V] [TRT] Searching for input: /layer2/layer2.0/relu/Relu_output_0
[08/20/2026-18:38:08] [V] [TRT] Searching for input: onnx::Conv_533
[08/20/2026-18:38:08] [V] [TRT] Searching for input: onnx::Conv_534
[08/20/2026-18:38:08] [V] [TRT] /layer2/layer2.0/conv2/Conv [Conv] inputs: [/layer2/layer2.0/relu/Relu_output_0 -> (1, 128, 56, 56)[FLOAT]], [onnx::Conv_533 -> (128, 128, 3, 3)[FLOAT]], [onnx::Conv_534 -> (128)[FLOAT]], 
[08/20/2026-18:38:08] [V] [TRT] Convolution input dimensions: (1, 128, 56, 56)
[08/20/2026-18:38:08] [V] [TRT] Registering layer: /layer2/layer2.0/conv2/Conv for ONNX node: /layer2/layer2.0/conv2/Conv
[08/20/2026-18:38:08] [V] [TRT] Using kernel: (3, 3), strides: (2, 2), prepadding: (1, 1), postpadding: (1, 1), dilations: (1, 1), numOutputs: 128, nbGroups: 1
[08/20/2026-18:38:08] [V] [TRT] Convolution output dimensions: (1, 128, 28, 28)
[08/20/2026-18:38:08] [V] [TRT] Registering tensor: /layer2/layer2.0/conv2/Conv_output_0 for ONNX tensor: /layer2/layer2.0/conv2/Conv_output_0
[08/20/2026-18:38:08] [V] [TRT] /layer2/layer2.0/conv2/Conv [Conv] outputs: [/layer2/layer2.0/conv2/Conv_output_0 -> (1, 128, 28, 28)[FLOAT]], 
[08/20/2026-18:38:08] [V] [TRT] Static check for parsing node: /layer2/layer2.0/relu_1/Relu [Relu]
[08/20/2026-18:38:08] [V] [TRT] Parsing node: /layer2/layer2.0/relu_1/Relu [Relu]
[08/20/2026-18:38:08] [V] [TRT] Searching for input: /layer2/layer2.0/conv2/Conv_output_0
[08/20/2026-18:38:08] [V] [TRT] /layer2/layer2.0/relu_1/Relu [Relu] inputs: [/layer2/layer2.0/conv2/Conv_output_0 -> (1, 128, 28, 28)[FLOAT]], 
[08/20/2026-18:38:08] [V] [TRT] Registering layer: /layer2/layer2.0/relu_1/Relu for ONNX node: /layer2/layer2.0/relu_1/Relu
[08/20/2026-18:38:08] [V] [TRT] Registering tensor: /layer2/layer2.0/relu_1/Relu_output_0 for ONNX tensor: /layer2/layer2.0/relu_1/Relu_output_0
[08/20/2026-18:38:08] [V] [TRT] /layer2/layer2.0/relu_1/Relu [Relu] outputs: [/layer2/layer2.0/relu_1/Relu_output_0 -> (1, 128, 28, 28)[FLOAT]], 
[08/20/2026-18:38:08] [V] [TRT] Static check for parsing node: /layer2/layer2.0/conv3/Conv [Conv]
[08/20/2026-18:38:08] [V] [TRT] Parsing node: /layer2/layer2.0/conv3/Conv [Conv]
[08/20/2026-18:38:08] [V] [TRT] Searching for input: /layer2/layer2.0/relu_1/Relu_output_0
[08/20/2026-18:38:08] [V] [TRT] Searching for input: onnx::Conv_536
[08/20/2026-18:38:08] [V] [TRT] Searching for input: onnx::Conv_537
[08/20/2026-18:38:08] [V] [TRT] /layer2/layer2.0/conv3/Conv [Conv] inputs: [/layer2/layer2.0/relu_1/Relu_output_0 -> (1, 128, 28, 28)[FLOAT]], [onnx::Conv_536 -> (512, 128, 1, 1)[FLOAT]], [onnx::Conv_537 -> (512)[FLOAT]], 
[08/20/2026-18:38:08] [V] [TRT] Convolution input dimensions: (1, 128, 28, 28)
[08/20/2026-18:38:08] [V] [TRT] Registering layer: /layer2/layer2.0/conv3/Conv for ONNX node: /layer2/layer2.0/conv3/Conv
[08/20/2026-18:38:08] [V] [TRT] Using kernel: (1, 1), strides: (1, 1), prepadding: (0, 0), postpadding: (0, 0), dilations: (1, 1), numOutputs: 512, nbGroups: 1
[08/20/2026-18:38:08] [V] [TRT] Convolution output dimensions: (1, 512, 28, 28)
[08/20/2026-18:38:08] [V] [TRT] Registering tensor: /layer2/layer2.0/conv3/Conv_output_0 for ONNX tensor: /layer2/layer2.0/conv3/Conv_output_0
[08/20/2026-18:38:08] [V] [TRT] /layer2/layer2.0/conv3/Conv [Conv] outputs: [/layer2/layer2.0/conv3/Conv_output_0 -> (1, 512, 28, 28)[FLOAT]], 
[08/20/2026-18:38:08] [V] [TRT] Static check for parsing node: /layer2/layer2.0/downsample/downsample.0/Conv [Conv]
[08/20/2026-18:38:08] [V] [TRT] Parsing node: /layer2/layer2.0/downsample/downsample.0/Conv [Conv]
[08/20/2026-18:38:08] [V] [TRT] Searching for input: /layer1/layer1.2/relu_2/Relu_output_0
[08/20/2026-18:38:08] [V] [TRT] Searching for input: onnx::Conv_539
[08/20/2026-18:38:08] [V] [TRT] Searching for input: onnx::Conv_540
[08/20/2026-18:38:08] [V] [TRT] /layer2/layer2.0/downsample/downsample.0/Conv [Conv] inputs: [/layer1/layer1.2/relu_2/Relu_output_0 -> (1, 256, 56, 56)[FLOAT]], [onnx::Conv_539 -> (512, 256, 1, 1)[FLOAT]], [onnx::Conv_540 -> (512)[FLOAT]], 
[08/20/2026-18:38:08] [V] [TRT] Convolution input dimensions: (1, 256, 56, 56)
[08/20/2026-18:38:08] [V] [TRT] Registering layer: /layer2/layer2.0/downsample/downsample.0/Conv for ONNX node: /layer2/layer2.0/downsample/downsample.0/Conv
[08/20/2026-18:38:08] [V] [TRT] Using kernel: (1, 1), strides: (2, 2), prepadding: (0, 0), postpadding: (0, 0), dilations: (1, 1), numOutputs: 512, nbGroups: 1
[08/20/2026-18:38:08] [V] [TRT] Convolution output dimensions: (1, 512, 28, 28)
[08/20/2026-18:38:08] [V] [TRT] Registering tensor: /layer2/layer2.0/downsample/downsample.0/Conv_output_0 for ONNX tensor: /layer2/layer2.0/downsample/downsample.0/Conv_output_0
[08/20/2026-18:38:08] [V] [TRT] /layer2/layer2.0/downsample/downsample.0/Conv [Conv] outputs: [/layer2/layer2.0/downsample/downsample.0/Conv_output_0 -> (1, 512, 28, 28)[FLOAT]], 
[08/20/2026-18:38:08] [V] [TRT] Static check for parsing node: /layer2/layer2.0/Add [Add]
[08/20/2026-18:38:08] [V] [TRT] Parsing node: /layer2/layer2.0/Add [Add]
[08/20/2026-18:38:08] [V] [TRT] Searching for input: /layer2/layer2.0/conv3/Conv_output_0
[08/20/2026-18:38:08] [V] [TRT] Searching for input: /layer2/layer2.0/downsample/downsample.0/Conv_output_0
[08/20/2026-18:38:08] [V] [TRT] /layer2/layer2.0/Add [Add] inputs: [/layer2/layer2.0/conv3/Conv_output_0 -> (1, 512, 28, 28)[FLOAT]], [/layer2/layer2.0/downsample/downsample.0/Conv_output_0 -> (1, 512, 28, 28)[FLOAT]], 
[08/20/2026-18:38:08] [V] [TRT] Registering layer: /layer2/layer2.0/Add for ONNX node: /layer2/layer2.0/Add
[08/20/2026-18:38:08] [V] [TRT] Registering tensor: /layer2/layer2.0/Add_output_0 for ONNX tensor: /layer2/layer2.0/Add_output_0
[08/20/2026-18:38:08] [V] [TRT] /layer2/layer2.0/Add [Add] outputs: [/layer2/layer2.0/Add_output_0 -> (1, 512, 28, 28)[FLOAT]], 
[08/20/2026-18:38:08] [V] [TRT] Static check for parsing node: /layer2/layer2.0/relu_2/Relu [Relu]
[08/20/2026-18:38:08] [V] [TRT] Parsing node: /layer2/layer2.0/relu_2/Relu [Relu]
[08/20/2026-18:38:08] [V] [TRT] Searching for input: /layer2/layer2.0/Add_output_0
[08/20/2026-18:38:08] [V] [TRT] /layer2/layer2.0/relu_2/Relu [Relu] inputs: [/layer2/layer2.0/Add_output_0 -> (1, 512, 28, 28)[FLOAT]], 
[08/20/2026-18:38:08] [V] [TRT] Registering layer: /layer2/layer2.0/relu_2/Relu for ONNX node: /layer2/layer2.0/relu_2/Relu
[08/20/2026-18:38:08] [V] [TRT] Registering tensor: /layer2/layer2.0/relu_2/Relu_output_0 for ONNX tensor: /layer2/layer2.0/relu_2/Relu_output_0
[08/20/2026-18:38:08] [V] [TRT] /layer2/layer2.0/relu_2/Relu [Relu] outputs: [/layer2/layer2.0/relu_2/Relu_output_0 -> (1, 512, 28, 28)[FLOAT]], 
[08/20/2026-18:38:08] [V] [TRT] Static check for parsing node: /layer2/layer2.1/conv1/Conv [Conv]
[08/20/2026-18:38:08] [V] [TRT] Parsing node: /layer2/layer2.1/conv1/Conv [Conv]
[08/20/2026-18:38:08] [V] [TRT] Searching for input: /layer2/layer2.0/relu_2/Relu_output_0
[08/20/2026-18:38:08] [V] [TRT] Searching for input: onnx::Conv_542
[08/20/2026-18:38:08] [V] [TRT] Searching for input: onnx::Conv_543
[08/20/2026-18:38:08] [V] [TRT] /layer2/layer2.1/conv1/Conv [Conv] inputs: [/layer2/layer2.0/relu_2/Relu_output_0 -> (1, 512, 28, 28)[FLOAT]], [onnx::Conv_542 -> (128, 512, 1, 1)[FLOAT]], [onnx::Conv_543 -> (128)[FLOAT]], 
[08/20/2026-18:38:08] [V] [TRT] Convolution input dimensions: (1, 512, 28, 28)
[08/20/2026-18:38:08] [V] [TRT] Registering layer: /layer2/layer2.1/conv1/Conv for ONNX node: /layer2/layer2.1/conv1/Conv
[08/20/2026-18:38:08] [V] [TRT] Using kernel: (1, 1), strides: (1, 1), prepadding: (0, 0), postpadding: (0, 0), dilations: (1, 1), numOutputs: 128, nbGroups: 1
[08/20/2026-18:38:08] [V] [TRT] Convolution output dimensions: (1, 128, 28, 28)
[08/20/2026-18:38:08] [V] [TRT] Registering tensor: /layer2/layer2.1/conv1/Conv_output_0 for ONNX tensor: /layer2/layer2.1/conv1/Conv_output_0
[08/20/2026-18:38:08] [V] [TRT] /layer2/layer2.1/conv1/Conv [Conv] outputs: [/layer2/layer2.1/conv1/Conv_output_0 -> (1, 128, 28, 28)[FLOAT]], 
[08/20/2026-18:38:08] [V] [TRT] Static check for parsing node: /layer2/layer2.1/relu/Relu [Relu]
[08/20/2026-18:38:08] [V] [TRT] Parsing node: /layer2/layer2.1/relu/Relu [Relu]
[08/20/2026-18:38:08] [V] [TRT] Searching for input: /layer2/layer2.1/conv1/Conv_output_0
[08/20/2026-18:38:08] [V] [TRT] /layer2/layer2.1/relu/Relu [Relu] inputs: [/layer2/layer2.1/conv1/Conv_output_0 -> (1, 128, 28, 28)[FLOAT]], 
[08/20/2026-18:38:08] [V] [TRT] Registering layer: /layer2/layer2.1/relu/Relu for ONNX node: /layer2/layer2.1/relu/Relu
[08/20/2026-18:38:08] [V] [TRT] Registering tensor: /layer2/layer2.1/relu/Relu_output_0 for ONNX tensor: /layer2/layer2.1/relu/Relu_output_0
[08/20/2026-18:38:08] [V] [TRT] /layer2/layer2.1/relu/Relu [Relu] outputs: [/layer2/layer2.1/relu/Relu_output_0 -> (1, 128, 28, 28)[FLOAT]], 
[08/20/2026-18:38:08] [V] [TRT] Static check for parsing node: /layer2/layer2.1/conv2/Conv [Conv]
[08/20/2026-18:38:08] [V] [TRT] Parsing node: /layer2/layer2.1/conv2/Conv [Conv]
[08/20/2026-18:38:08] [V] [TRT] Searching for input: /layer2/layer2.1/relu/Relu_output_0
[08/20/2026-18:38:08] [V] [TRT] Searching for input: onnx::Conv_545
[08/20/2026-18:38:08] [V] [TRT] Searching for input: onnx::Conv_546
[08/20/2026-18:38:08] [V] [TRT] /layer2/layer2.1/conv2/Conv [Conv] inputs: [/layer2/layer2.1/relu/Relu_output_0 -> (1, 128, 28, 28)[FLOAT]], [onnx::Conv_545 -> (128, 128, 3, 3)[FLOAT]], [onnx::Conv_546 -> (128)[FLOAT]], 
[08/20/2026-18:38:08] [V] [TRT] Convolution input dimensions: (1, 128, 28, 28)
[08/20/2026-18:38:08] [V] [TRT] Registering layer: /layer2/layer2.1/conv2/Conv for ONNX node: /layer2/layer2.1/conv2/Conv
[08/20/2026-18:38:08] [V] [TRT] Using kernel: (3, 3), strides: (1, 1), prepadding: (1, 1), postpadding: (1, 1), dilations: (1, 1), numOutputs: 128, nbGroups: 1
[08/20/2026-18:38:08] [V] [TRT] Convolution output dimensions: (1, 128, 28, 28)
[08/20/2026-18:38:08] [V] [TRT] Registering tensor: /layer2/layer2.1/conv2/Conv_output_0 for ONNX tensor: /layer2/layer2.1/conv2/Conv_output_0
[08/20/2026-18:38:08] [V] [TRT] /layer2/layer2.1/conv2/Conv [Conv] outputs: [/layer2/layer2.1/conv2/Conv_output_0 -> (1, 128, 28, 28)[FLOAT]], 
[08/20/2026-18:38:08] [V] [TRT] Static check for parsing node: /layer2/layer2.1/relu_1/Relu [Relu]
[08/20/2026-18:38:08] [V] [TRT] Parsing node: /layer2/layer2.1/relu_1/Relu [Relu]
[08/20/2026-18:38:08] [V] [TRT] Searching for input: /layer2/layer2.1/conv2/Conv_output_0
[08/20/2026-18:38:08] [V] [TRT] /layer2/layer2.1/relu_1/Relu [Relu] inputs: [/layer2/layer2.1/conv2/Conv_output_0 -> (1, 128, 28, 28)[FLOAT]], 
[08/20/2026-18:38:08] [V] [TRT] Registering layer: /layer2/layer2.1/relu_1/Relu for ONNX node: /layer2/layer2.1/relu_1/Relu
[08/20/2026-18:38:08] [V] [TRT] Registering tensor: /layer2/layer2.1/relu_1/Relu_output_0 for ONNX tensor: /layer2/layer2.1/relu_1/Relu_output_0
[08/20/2026-18:38:08] [V] [TRT] /layer2/layer2.1/relu_1/Relu [Relu] outputs: [/layer2/layer2.1/relu_1/Relu_output_0 -> (1, 128, 28, 28)[FLOAT]], 
[08/20/2026-18:38:08] [V] [TRT] Static check for parsing node: /layer2/layer2.1/conv3/Conv [Conv]
[08/20/2026-18:38:08] [V] [TRT] Parsing node: /layer2/layer2.1/conv3/Conv [Conv]
[08/20/2026-18:38:08] [V] [TRT] Searching for input: /layer2/layer2.1/relu_1/Relu_output_0
[08/20/2026-18:38:08] [V] [TRT] Searching for input: onnx::Conv_548
[08/20/2026-18:38:08] [V] [TRT] Searching for input: onnx::Conv_549
[08/20/2026-18:38:08] [V] [TRT] /layer2/layer2.1/conv3/Conv [Conv] inputs: [/layer2/layer2.1/relu_1/Relu_output_0 -> (1, 128, 28, 28)[FLOAT]], [onnx::Conv_548 -> (512, 128, 1, 1)[FLOAT]], [onnx::Conv_549 -> (512)[FLOAT]], 
[08/20/2026-18:38:08] [V] [TRT] Convolution input dimensions: (1, 128, 28, 28)
[08/20/2026-18:38:08] [V] [TRT] Registering layer: /layer2/layer2.1/conv3/Conv for ONNX node: /layer2/layer2.1/conv3/Conv
[08/20/2026-18:38:08] [V] [TRT] Using kernel: (1, 1), strides: (1, 1), prepadding: (0, 0), postpadding: (0, 0), dilations: (1, 1), numOutputs: 512, nbGroups: 1
[08/20/2026-18:38:08] [V] [TRT] Convolution output dimensions: (1, 512, 28, 28)
[08/20/2026-18:38:08] [V] [TRT] Registering tensor: /layer2/layer2.1/conv3/Conv_output_0 for ONNX tensor: /layer2/layer2.1/conv3/Conv_output_0
[08/20/2026-18:38:08] [V] [TRT] /layer2/layer2.1/conv3/Conv [Conv] outputs: [/layer2/layer2.1/conv3/Conv_output_0 -> (1, 512, 28, 28)[FLOAT]], 
[08/20/2026-18:38:08] [V] [TRT] Static check for parsing node: /layer2/layer2.1/Add [Add]
[08/20/2026-18:38:08] [V] [TRT] Parsing node: /layer2/layer2.1/Add [Add]
[08/20/2026-18:38:08] [V] [TRT] Searching for input: /layer2/layer2.1/conv3/Conv_output_0
[08/20/2026-18:38:08] [V] [TRT] Searching for input: /layer2/layer2.0/relu_2/Relu_output_0
[08/20/2026-18:38:08] [V] [TRT] /layer2/layer2.1/Add [Add] inputs: [/layer2/layer2.1/conv3/Conv_output_0 -> (1, 512, 28, 28)[FLOAT]], [/layer2/layer2.0/relu_2/Relu_output_0 -> (1, 512, 28, 28)[FLOAT]], 
[08/20/2026-18:38:08] [V] [TRT] Registering layer: /layer2/layer2.1/Add for ONNX node: /layer2/layer2.1/Add
[08/20/2026-18:38:08] [V] [TRT] Registering tensor: /layer2/layer2.1/Add_output_0 for ONNX tensor: /layer2/layer2.1/Add_output_0
[08/20/2026-18:38:08] [V] [TRT] /layer2/layer2.1/Add [Add] outputs: [/layer2/layer2.1/Add_output_0 -> (1, 512, 28, 28)[FLOAT]], 
[08/20/2026-18:38:08] [V] [TRT] Static check for parsing node: /layer2/layer2.1/relu_2/Relu [Relu]
[08/20/2026-18:38:08] [V] [TRT] Parsing node: /layer2/layer2.1/relu_2/Relu [Relu]
[08/20/2026-18:38:08] [V] [TRT] Searching for input: /layer2/layer2.1/Add_output_0
[08/20/2026-18:38:08] [V] [TRT] /layer2/layer2.1/relu_2/Relu [Relu] inputs: [/layer2/layer2.1/Add_output_0 -> (1, 512, 28, 28)[FLOAT]], 
[08/20/2026-18:38:08] [V] [TRT] Registering layer: /layer2/layer2.1/relu_2/Relu for ONNX node: /layer2/layer2.1/relu_2/Relu
[08/20/2026-18:38:08] [V] [TRT] Registering tensor: /layer2/layer2.1/relu_2/Relu_output_0 for ONNX tensor: /layer2/layer2.1/relu_2/Relu_output_0
[08/20/2026-18:38:08] [V] [TRT] /layer2/layer2.1/relu_2/Relu [Relu] outputs: [/layer2/layer2.1/relu_2/Relu_output_0 -> (1, 512, 28, 28)[FLOAT]], 
[08/20/2026-18:38:08] [V] [TRT] Static check for parsing node: /layer2/layer2.2/conv1/Conv [Conv]
[08/20/2026-18:38:08] [V] [TRT] Parsing node: /layer2/layer2.2/conv1/Conv [Conv]
[08/20/2026-18:38:08] [V] [TRT] Searching for input: /layer2/layer2.1/relu_2/Relu_output_0
[08/20/2026-18:38:08] [V] [TRT] Searching for input: onnx::Conv_551
[08/20/2026-18:38:08] [V] [TRT] Searching for input: onnx::Conv_552
[08/20/2026-18:38:08] [V] [TRT] /layer2/layer2.2/conv1/Conv [Conv] inputs: [/layer2/layer2.1/relu_2/Relu_output_0 -> (1, 512, 28, 28)[FLOAT]], [onnx::Conv_551 -> (128, 512, 1, 1)[FLOAT]], [onnx::Conv_552 -> (128)[FLOAT]], 
[08/20/2026-18:38:08] [V] [TRT] Convolution input dimensions: (1, 512, 28, 28)
[08/20/2026-18:38:08] [V] [TRT] Registering layer: /layer2/layer2.2/conv1/Conv for ONNX node: /layer2/layer2.2/conv1/Conv
[08/20/2026-18:38:08] [V] [TRT] Using kernel: (1, 1), strides: (1, 1), prepadding: (0, 0), postpadding: (0, 0), dilations: (1, 1), numOutputs: 128, nbGroups: 1
[08/20/2026-18:38:08] [V] [TRT] Convolution output dimensions: (1, 128, 28, 28)
[08/20/2026-18:38:08] [V] [TRT] Registering tensor: /layer2/layer2.2/conv1/Conv_output_0 for ONNX tensor: /layer2/layer2.2/conv1/Conv_output_0
[08/20/2026-18:38:08] [V] [TRT] /layer2/layer2.2/conv1/Conv [Conv] outputs: [/layer2/layer2.2/conv1/Conv_output_0 -> (1, 128, 28, 28)[FLOAT]], 
[08/20/2026-18:38:08] [V] [TRT] Static check for parsing node: /layer2/layer2.2/relu/Relu [Relu]
[08/20/2026-18:38:08] [V] [TRT] Parsing node: /layer2/layer2.2/relu/Relu [Relu]
[08/20/2026-18:38:08] [V] [TRT] Searching for input: /layer2/layer2.2/conv1/Conv_output_0
[08/20/2026-18:38:08] [V] [TRT] /layer2/layer2.2/relu/Relu [Relu] inputs: [/layer2/layer2.2/conv1/Conv_output_0 -> (1, 128, 28, 28)[FLOAT]], 
[08/20/2026-18:38:08] [V] [TRT] Registering layer: /layer2/layer2.2/relu/Relu for ONNX node: /layer2/layer2.2/relu/Relu
[08/20/2026-18:38:08] [V] [TRT] Registering tensor: /layer2/layer2.2/relu/Relu_output_0 for ONNX tensor: /layer2/layer2.2/relu/Relu_output_0
[08/20/2026-18:38:08] [V] [TRT] /layer2/layer2.2/relu/Relu [Relu] outputs: [/layer2/layer2.2/relu/Relu_output_0 -> (1, 128, 28, 28)[FLOAT]], 
[08/20/2026-18:38:08] [V] [TRT] Static check for parsing node: /layer2/layer2.2/conv2/Conv [Conv]
[08/20/2026-18:38:08] [V] [TRT] Parsing node: /layer2/layer2.2/conv2/Conv [Conv]
[08/20/2026-18:38:08] [V] [TRT] Searching for input: /layer2/layer2.2/relu/Relu_output_0
[08/20/2026-18:38:08] [V] [TRT] Searching for input: onnx::Conv_554
[08/20/2026-18:38:08] [V] [TRT] Searching for input: onnx::Conv_555
[08/20/2026-18:38:08] [V] [TRT] /layer2/layer2.2/conv2/Conv [Conv] inputs: [/layer2/layer2.2/relu/Relu_output_0 -> (1, 128, 28, 28)[FLOAT]], [onnx::Conv_554 -> (128, 128, 3, 3)[FLOAT]], [onnx::Conv_555 -> (128)[FLOAT]], 
[08/20/2026-18:38:08] [V] [TRT] Convolution input dimensions: (1, 128, 28, 28)
[08/20/2026-18:38:08] [V] [TRT] Registering layer: /layer2/layer2.2/conv2/Conv for ONNX node: /layer2/layer2.2/conv2/Conv
[08/20/2026-18:38:08] [V] [TRT] Using kernel: (3, 3), strides: (1, 1), prepadding: (1, 1), postpadding: (1, 1), dilations: (1, 1), numOutputs: 128, nbGroups: 1
[08/20/2026-18:38:08] [V] [TRT] Convolution output dimensions: (1, 128, 28, 28)
[08/20/2026-18:38:08] [V] [TRT] Registering tensor: /layer2/layer2.2/conv2/Conv_output_0 for ONNX tensor: /layer2/layer2.2/conv2/Conv_output_0
[08/20/2026-18:38:08] [V] [TRT] /layer2/layer2.2/conv2/Conv [Conv] outputs: [/layer2/layer2.2/conv2/Conv_output_0 -> (1, 128, 28, 28)[FLOAT]], 
[08/20/2026-18:38:08] [V] [TRT] Static check for parsing node: /layer2/layer2.2/relu_1/Relu [Relu]
[08/20/2026-18:38:08] [V] [TRT] Parsing node: /layer2/layer2.2/relu_1/Relu [Relu]
[08/20/2026-18:38:08] [V] [TRT] Searching for input: /layer2/layer2.2/conv2/Conv_output_0
[08/20/2026-18:38:08] [V] [TRT] /layer2/layer2.2/relu_1/Relu [Relu] inputs: [/layer2/layer2.2/conv2/Conv_output_0 -> (1, 128, 28, 28)[FLOAT]], 
[08/20/2026-18:38:08] [V] [TRT] Registering layer: /layer2/layer2.2/relu_1/Relu for ONNX node: /layer2/layer2.2/relu_1/Relu
[08/20/2026-18:38:08] [V] [TRT] Registering tensor: /layer2/layer2.2/relu_1/Relu_output_0 for ONNX tensor: /layer2/layer2.2/relu_1/Relu_output_0
[08/20/2026-18:38:08] [V] [TRT] /layer2/layer2.2/relu_1/Relu [Relu] outputs: [/layer2/layer2.2/relu_1/Relu_output_0 -> (1, 128, 28, 28)[FLOAT]], 
[08/20/2026-18:38:08] [V] [TRT] Static check for parsing node: /layer2/layer2.2/conv3/Conv [Conv]
[08/20/2026-18:38:08] [V] [TRT] Parsing node: /layer2/layer2.2/conv3/Conv [Conv]
[08/20/2026-18:38:08] [V] [TRT] Searching for input: /layer2/layer2.2/relu_1/Relu_output_0
[08/20/2026-18:38:08] [V] [TRT] Searching for input: onnx::Conv_557
[08/20/2026-18:38:08] [V] [TRT] Searching for input: onnx::Conv_558
[08/20/2026-18:38:08] [V] [TRT] /layer2/layer2.2/conv3/Conv [Conv] inputs: [/layer2/layer2.2/relu_1/Relu_output_0 -> (1, 128, 28, 28)[FLOAT]], [onnx::Conv_557 -> (512, 128, 1, 1)[FLOAT]], [onnx::Conv_558 -> (512)[FLOAT]], 
[08/20/2026-18:38:08] [V] [TRT] Convolution input dimensions: (1, 128, 28, 28)
[08/20/2026-18:38:08] [V] [TRT] Registering layer: /layer2/layer2.2/conv3/Conv for ONNX node: /layer2/layer2.2/conv3/Conv
[08/20/2026-18:38:08] [V] [TRT] Using kernel: (1, 1), strides: (1, 1), prepadding: (0, 0), postpadding: (0, 0), dilations: (1, 1), numOutputs: 512, nbGroups: 1
[08/20/2026-18:38:08] [V] [TRT] Convolution output dimensions: (1, 512, 28, 28)
[08/20/2026-18:38:08] [V] [TRT] Registering tensor: /layer2/layer2.2/conv3/Conv_output_0 for ONNX tensor: /layer2/layer2.2/conv3/Conv_output_0
[08/20/2026-18:38:08] [V] [TRT] /layer2/layer2.2/conv3/Conv [Conv] outputs: [/layer2/layer2.2/conv3/Conv_output_0 -> (1, 512, 28, 28)[FLOAT]], 
[08/20/2026-18:38:08] [V] [TRT] Static check for parsing node: /layer2/layer2.2/Add [Add]
[08/20/2026-18:38:08] [V] [TRT] Parsing node: /layer2/layer2.2/Add [Add]
[08/20/2026-18:38:08] [V] [TRT] Searching for input: /layer2/layer2.2/conv3/Conv_output_0
[08/20/2026-18:38:08] [V] [TRT] Searching for input: /layer2/layer2.1/relu_2/Relu_output_0
[08/20/2026-18:38:08] [V] [TRT] /layer2/layer2.2/Add [Add] inputs: [/layer2/layer2.2/conv3/Conv_output_0 -> (1, 512, 28, 28)[FLOAT]], [/layer2/layer2.1/relu_2/Relu_output_0 -> (1, 512, 28, 28)[FLOAT]], 
[08/20/2026-18:38:08] [V] [TRT] Registering layer: /layer2/layer2.2/Add for ONNX node: /layer2/layer2.2/Add
[08/20/2026-18:38:08] [V] [TRT] Registering tensor: /layer2/layer2.2/Add_output_0 for ONNX tensor: /layer2/layer2.2/Add_output_0
[08/20/2026-18:38:08] [V] [TRT] /layer2/layer2.2/Add [Add] outputs: [/layer2/layer2.2/Add_output_0 -> (1, 512, 28, 28)[FLOAT]], 
[08/20/2026-18:38:08] [V] [TRT] Static check for parsing node: /layer2/layer2.2/relu_2/Relu [Relu]
[08/20/2026-18:38:08] [V] [TRT] Parsing node: /layer2/layer2.2/relu_2/Relu [Relu]
[08/20/2026-18:38:08] [V] [TRT] Searching for input: /layer2/layer2.2/Add_output_0
[08/20/2026-18:38:08] [V] [TRT] /layer2/layer2.2/relu_2/Relu [Relu] inputs: [/layer2/layer2.2/Add_output_0 -> (1, 512, 28, 28)[FLOAT]], 
[08/20/2026-18:38:08] [V] [TRT] Registering layer: /layer2/layer2.2/relu_2/Relu for ONNX node: /layer2/layer2.2/relu_2/Relu
[08/20/2026-18:38:08] [V] [TRT] Registering tensor: /layer2/layer2.2/relu_2/Relu_output_0 for ONNX tensor: /layer2/layer2.2/relu_2/Relu_output_0
[08/20/2026-18:38:08] [V] [TRT] /layer2/layer2.2/relu_2/Relu [Relu] outputs: [/layer2/layer2.2/relu_2/Relu_output_0 -> (1, 512, 28, 28)[FLOAT]], 
[08/20/2026-18:38:08] [V] [TRT] Static check for parsing node: /layer2/layer2.3/conv1/Conv [Conv]
[08/20/2026-18:38:08] [V] [TRT] Parsing node: /layer2/layer2.3/conv1/Conv [Conv]
[08/20/2026-18:38:08] [V] [TRT] Searching for input: /layer2/layer2.2/relu_2/Relu_output_0
[08/20/2026-18:38:08] [V] [TRT] Searching for input: onnx::Conv_560
[08/20/2026-18:38:08] [V] [TRT] Searching for input: onnx::Conv_561
[08/20/2026-18:38:08] [V] [TRT] /layer2/layer2.3/conv1/Conv [Conv] inputs: [/layer2/layer2.2/relu_2/Relu_output_0 -> (1, 512, 28, 28)[FLOAT]], [onnx::Conv_560 -> (128, 512, 1, 1)[FLOAT]], [onnx::Conv_561 -> (128)[FLOAT]], 
[08/20/2026-18:38:08] [V] [TRT] Convolution input dimensions: (1, 512, 28, 28)
[08/20/2026-18:38:08] [V] [TRT] Registering layer: /layer2/layer2.3/conv1/Conv for ONNX node: /layer2/layer2.3/conv1/Conv
[08/20/2026-18:38:08] [V] [TRT] Using kernel: (1, 1), strides: (1, 1), prepadding: (0, 0), postpadding: (0, 0), dilations: (1, 1), numOutputs: 128, nbGroups: 1
[08/20/2026-18:38:08] [V] [TRT] Convolution output dimensions: (1, 128, 28, 28)
[08/20/2026-18:38:08] [V] [TRT] Registering tensor: /layer2/layer2.3/conv1/Conv_output_0 for ONNX tensor: /layer2/layer2.3/conv1/Conv_output_0
[08/20/2026-18:38:08] [V] [TRT] /layer2/layer2.3/conv1/Conv [Conv] outputs: [/layer2/layer2.3/conv1/Conv_output_0 -> (1, 128, 28, 28)[FLOAT]], 
[08/20/2026-18:38:08] [V] [TRT] Static check for parsing node: /layer2/layer2.3/relu/Relu [Relu]
[08/20/2026-18:38:08] [V] [TRT] Parsing node: /layer2/layer2.3/relu/Relu [Relu]
[08/20/2026-18:38:08] [V] [TRT] Searching for input: /layer2/layer2.3/conv1/Conv_output_0
[08/20/2026-18:38:08] [V] [TRT] /layer2/layer2.3/relu/Relu [Relu] inputs: [/layer2/layer2.3/conv1/Conv_output_0 -> (1, 128, 28, 28)[FLOAT]], 
[08/20/2026-18:38:08] [V] [TRT] Registering layer: /layer2/layer2.3/relu/Relu for ONNX node: /layer2/layer2.3/relu/Relu
[08/20/2026-18:38:08] [V] [TRT] Registering tensor: /layer2/layer2.3/relu/Relu_output_0 for ONNX tensor: /layer2/layer2.3/relu/Relu_output_0
[08/20/2026-18:38:08] [V] [TRT] /layer2/layer2.3/relu/Relu [Relu] outputs: [/layer2/layer2.3/relu/Relu_output_0 -> (1, 128, 28, 28)[FLOAT]], 
[08/20/2026-18:38:08] [V] [TRT] Static check for parsing node: /layer2/layer2.3/conv2/Conv [Conv]
[08/20/2026-18:38:08] [V] [TRT] Parsing node: /layer2/layer2.3/conv2/Conv [Conv]
[08/20/2026-18:38:08] [V] [TRT] Searching for input: /layer2/layer2.3/relu/Relu_output_0
[08/20/2026-18:38:08] [V] [TRT] Searching for input: onnx::Conv_563
[08/20/2026-18:38:08] [V] [TRT] Searching for input: onnx::Conv_564
[08/20/2026-18:38:08] [V] [TRT] /layer2/layer2.3/conv2/Conv [Conv] inputs: [/layer2/layer2.3/relu/Relu_output_0 -> (1, 128, 28, 28)[FLOAT]], [onnx::Conv_563 -> (128, 128, 3, 3)[FLOAT]], [onnx::Conv_564 -> (128)[FLOAT]], 
[08/20/2026-18:38:08] [V] [TRT] Convolution input dimensions: (1, 128, 28, 28)
[08/20/2026-18:38:08] [V] [TRT] Registering layer: /layer2/layer2.3/conv2/Conv for ONNX node: /layer2/layer2.3/conv2/Conv
[08/20/2026-18:38:08] [V] [TRT] Using kernel: (3, 3), strides: (1, 1), prepadding: (1, 1), postpadding: (1, 1), dilations: (1, 1), numOutputs: 128, nbGroups: 1
[08/20/2026-18:38:08] [V] [TRT] Convolution output dimensions: (1, 128, 28, 28)
[08/20/2026-18:38:08] [V] [TRT] Registering tensor: /layer2/layer2.3/conv2/Conv_output_0 for ONNX tensor: /layer2/layer2.3/conv2/Conv_output_0
[08/20/2026-18:38:08] [V] [TRT] /layer2/layer2.3/conv2/Conv [Conv] outputs: [/layer2/layer2.3/conv2/Conv_output_0 -> (1, 128, 28, 28)[FLOAT]], 
[08/20/2026-18:38:08] [V] [TRT] Static check for parsing node: /layer2/layer2.3/relu_1/Relu [Relu]
[08/20/2026-18:38:08] [V] [TRT] Parsing node: /layer2/layer2.3/relu_1/Relu [Relu]
[08/20/2026-18:38:08] [V] [TRT] Searching for input: /layer2/layer2.3/conv2/Conv_output_0
[08/20/2026-18:38:08] [V] [TRT] /layer2/layer2.3/relu_1/Relu [Relu] inputs: [/layer2/layer2.3/conv2/Conv_output_0 -> (1, 128, 28, 28)[FLOAT]], 
[08/20/2026-18:38:08] [V] [TRT] Registering layer: /layer2/layer2.3/relu_1/Relu for ONNX node: /layer2/layer2.3/relu_1/Relu
[08/20/2026-18:38:08] [V] [TRT] Registering tensor: /layer2/layer2.3/relu_1/Relu_output_0 for ONNX tensor: /layer2/layer2.3/relu_1/Relu_output_0
[08/20/2026-18:38:08] [V] [TRT] /layer2/layer2.3/relu_1/Relu [Relu] outputs: [/layer2/layer2.3/relu_1/Relu_output_0 -> (1, 128, 28, 28)[FLOAT]], 
[08/20/2026-18:38:08] [V] [TRT] Static check for parsing node: /layer2/layer2.3/conv3/Conv [Conv]
[08/20/2026-18:38:08] [V] [TRT] Parsing node: /layer2/layer2.3/conv3/Conv [Conv]
[08/20/2026-18:38:08] [V] [TRT] Searching for input: /layer2/layer2.3/relu_1/Relu_output_0
[08/20/2026-18:38:08] [V] [TRT] Searching for input: onnx::Conv_566
[08/20/2026-18:38:08] [V] [TRT] Searching for input: onnx::Conv_567
[08/20/2026-18:38:08] [V] [TRT] /layer2/layer2.3/conv3/Conv [Conv] inputs: [/layer2/layer2.3/relu_1/Relu_output_0 -> (1, 128, 28, 28)[FLOAT]], [onnx::Conv_566 -> (512, 128, 1, 1)[FLOAT]], [onnx::Conv_567 -> (512)[FLOAT]], 
[08/20/2026-18:38:08] [V] [TRT] Convolution input dimensions: (1, 128, 28, 28)
[08/20/2026-18:38:08] [V] [TRT] Registering layer: /layer2/layer2.3/conv3/Conv for ONNX node: /layer2/layer2.3/conv3/Conv
[08/20/2026-18:38:08] [V] [TRT] Using kernel: (1, 1), strides: (1, 1), prepadding: (0, 0), postpadding: (0, 0), dilations: (1, 1), numOutputs: 512, nbGroups: 1
[08/20/2026-18:38:08] [V] [TRT] Convolution output dimensions: (1, 512, 28, 28)
[08/20/2026-18:38:08] [V] [TRT] Registering tensor: /layer2/layer2.3/conv3/Conv_output_0 for ONNX tensor: /layer2/layer2.3/conv3/Conv_output_0
[08/20/2026-18:38:08] [V] [TRT] /layer2/layer2.3/conv3/Conv [Conv] outputs: [/layer2/layer2.3/conv3/Conv_output_0 -> (1, 512, 28, 28)[FLOAT]], 
[08/20/2026-18:38:08] [V] [TRT] Static check for parsing node: /layer2/layer2.3/Add [Add]
[08/20/2026-18:38:08] [V] [TRT] Parsing node: /layer2/layer2.3/Add [Add]
[08/20/2026-18:38:08] [V] [TRT] Searching for input: /layer2/layer2.3/conv3/Conv_output_0
[08/20/2026-18:38:08] [V] [TRT] Searching for input: /layer2/layer2.2/relu_2/Relu_output_0
[08/20/2026-18:38:08] [V] [TRT] /layer2/layer2.3/Add [Add] inputs: [/layer2/layer2.3/conv3/Conv_output_0 -> (1, 512, 28, 28)[FLOAT]], [/layer2/layer2.2/relu_2/Relu_output_0 -> (1, 512, 28, 28)[FLOAT]], 
[08/20/2026-18:38:08] [V] [TRT] Registering layer: /layer2/layer2.3/Add for ONNX node: /layer2/layer2.3/Add
[08/20/2026-18:38:08] [V] [TRT] Registering tensor: /layer2/layer2.3/Add_output_0 for ONNX tensor: /layer2/layer2.3/Add_output_0
[08/20/2026-18:38:08] [V] [TRT] /layer2/layer2.3/Add [Add] outputs: [/layer2/layer2.3/Add_output_0 -> (1, 512, 28, 28)[FLOAT]], 
[08/20/2026-18:38:08] [V] [TRT] Static check for parsing node: /layer2/layer2.3/relu_2/Relu [Relu]
[08/20/2026-18:38:08] [V] [TRT] Parsing node: /layer2/layer2.3/relu_2/Relu [Relu]
[08/20/2026-18:38:08] [V] [TRT] Searching for input: /layer2/layer2.3/Add_output_0
[08/20/2026-18:38:08] [V] [TRT] /layer2/layer2.3/relu_2/Relu [Relu] inputs: [/layer2/layer2.3/Add_output_0 -> (1, 512, 28, 28)[FLOAT]], 
[08/20/2026-18:38:08] [V] [TRT] Registering layer: /layer2/layer2.3/relu_2/Relu for ONNX node: /layer2/layer2.3/relu_2/Relu
[08/20/2026-18:38:08] [V] [TRT] Registering tensor: /layer2/layer2.3/relu_2/Relu_output_0 for ONNX tensor: /layer2/layer2.3/relu_2/Relu_output_0
[08/20/2026-18:38:08] [V] [TRT] /layer2/layer2.3/relu_2/Relu [Relu] outputs: [/layer2/layer2.3/relu_2/Relu_output_0 -> (1, 512, 28, 28)[FLOAT]], 
[08/20/2026-18:38:08] [V] [TRT] Static check for parsing node: /layer3/layer3.0/conv1/Conv [Conv]
[08/20/2026-18:38:08] [V] [TRT] Parsing node: /layer3/layer3.0/conv1/Conv [Conv]
[08/20/2026-18:38:08] [V] [TRT] Searching for input: /layer2/layer2.3/relu_2/Relu_output_0
[08/20/2026-18:38:08] [V] [TRT] Searching for input: onnx::Conv_569
[08/20/2026-18:38:08] [V] [TRT] Searching for input: onnx::Conv_570
[08/20/2026-18:38:08] [V] [TRT] /layer3/layer3.0/conv1/Conv [Conv] inputs: [/layer2/layer2.3/relu_2/Relu_output_0 -> (1, 512, 28, 28)[FLOAT]], [onnx::Conv_569 -> (256, 512, 1, 1)[FLOAT]], [onnx::Conv_570 -> (256)[FLOAT]], 
[08/20/2026-18:38:08] [V] [TRT] Convolution input dimensions: (1, 512, 28, 28)
[08/20/2026-18:38:08] [V] [TRT] Registering layer: /layer3/layer3.0/conv1/Conv for ONNX node: /layer3/layer3.0/conv1/Conv
[08/20/2026-18:38:08] [V] [TRT] Using kernel: (1, 1), strides: (1, 1), prepadding: (0, 0), postpadding: (0, 0), dilations: (1, 1), numOutputs: 256, nbGroups: 1
[08/20/2026-18:38:08] [V] [TRT] Convolution output dimensions: (1, 256, 28, 28)
[08/20/2026-18:38:08] [V] [TRT] Registering tensor: /layer3/layer3.0/conv1/Conv_output_0 for ONNX tensor: /layer3/layer3.0/conv1/Conv_output_0
[08/20/2026-18:38:08] [V] [TRT] /layer3/layer3.0/conv1/Conv [Conv] outputs: [/layer3/layer3.0/conv1/Conv_output_0 -> (1, 256, 28, 28)[FLOAT]], 
[08/20/2026-18:38:08] [V] [TRT] Static check for parsing node: /layer3/layer3.0/relu/Relu [Relu]
[08/20/2026-18:38:08] [V] [TRT] Parsing node: /layer3/layer3.0/relu/Relu [Relu]
[08/20/2026-18:38:08] [V] [TRT] Searching for input: /layer3/layer3.0/conv1/Conv_output_0
[08/20/2026-18:38:08] [V] [TRT] /layer3/layer3.0/relu/Relu [Relu] inputs: [/layer3/layer3.0/conv1/Conv_output_0 -> (1, 256, 28, 28)[FLOAT]], 
[08/20/2026-18:38:08] [V] [TRT] Registering layer: /layer3/layer3.0/relu/Relu for ONNX node: /layer3/layer3.0/relu/Relu
[08/20/2026-18:38:08] [V] [TRT] Registering tensor: /layer3/layer3.0/relu/Relu_output_0 for ONNX tensor: /layer3/layer3.0/relu/Relu_output_0
[08/20/2026-18:38:08] [V] [TRT] /layer3/layer3.0/relu/Relu [Relu] outputs: [/layer3/layer3.0/relu/Relu_output_0 -> (1, 256, 28, 28)[FLOAT]], 
[08/20/2026-18:38:08] [V] [TRT] Static check for parsing node: /layer3/layer3.0/conv2/Conv [Conv]
[08/20/2026-18:38:08] [V] [TRT] Parsing node: /layer3/layer3.0/conv2/Conv [Conv]
[08/20/2026-18:38:08] [V] [TRT] Searching for input: /layer3/layer3.0/relu/Relu_output_0
[08/20/2026-18:38:08] [V] [TRT] Searching for input: onnx::Conv_572
[08/20/2026-18:38:08] [V] [TRT] Searching for input: onnx::Conv_573
[08/20/2026-18:38:08] [V] [TRT] /layer3/layer3.0/conv2/Conv [Conv] inputs: [/layer3/layer3.0/relu/Relu_output_0 -> (1, 256, 28, 28)[FLOAT]], [onnx::Conv_572 -> (256, 256, 3, 3)[FLOAT]], [onnx::Conv_573 -> (256)[FLOAT]], 
[08/20/2026-18:38:08] [V] [TRT] Convolution input dimensions: (1, 256, 28, 28)
[08/20/2026-18:38:08] [V] [TRT] Registering layer: /layer3/layer3.0/conv2/Conv for ONNX node: /layer3/layer3.0/conv2/Conv
[08/20/2026-18:38:08] [V] [TRT] Using kernel: (3, 3), strides: (2, 2), prepadding: (1, 1), postpadding: (1, 1), dilations: (1, 1), numOutputs: 256, nbGroups: 1
[08/20/2026-18:38:08] [V] [TRT] Convolution output dimensions: (1, 256, 14, 14)
[08/20/2026-18:38:08] [V] [TRT] Registering tensor: /layer3/layer3.0/conv2/Conv_output_0 for ONNX tensor: /layer3/layer3.0/conv2/Conv_output_0
[08/20/2026-18:38:08] [V] [TRT] /layer3/layer3.0/conv2/Conv [Conv] outputs: [/layer3/layer3.0/conv2/Conv_output_0 -> (1, 256, 14, 14)[FLOAT]], 
[08/20/2026-18:38:08] [V] [TRT] Static check for parsing node: /layer3/layer3.0/relu_1/Relu [Relu]
[08/20/2026-18:38:08] [V] [TRT] Parsing node: /layer3/layer3.0/relu_1/Relu [Relu]
[08/20/2026-18:38:08] [V] [TRT] Searching for input: /layer3/layer3.0/conv2/Conv_output_0
[08/20/2026-18:38:08] [V] [TRT] /layer3/layer3.0/relu_1/Relu [Relu] inputs: [/layer3/layer3.0/conv2/Conv_output_0 -> (1, 256, 14, 14)[FLOAT]], 
[08/20/2026-18:38:08] [V] [TRT] Registering layer: /layer3/layer3.0/relu_1/Relu for ONNX node: /layer3/layer3.0/relu_1/Relu
[08/20/2026-18:38:08] [V] [TRT] Registering tensor: /layer3/layer3.0/relu_1/Relu_output_0 for ONNX tensor: /layer3/layer3.0/relu_1/Relu_output_0
[08/20/2026-18:38:08] [V] [TRT] /layer3/layer3.0/relu_1/Relu [Relu] outputs: [/layer3/layer3.0/relu_1/Relu_output_0 -> (1, 256, 14, 14)[FLOAT]], 
[08/20/2026-18:38:08] [V] [TRT] Static check for parsing node: /layer3/layer3.0/conv3/Conv [Conv]
[08/20/2026-18:38:08] [V] [TRT] Parsing node: /layer3/layer3.0/conv3/Conv [Conv]
[08/20/2026-18:38:08] [V] [TRT] Searching for input: /layer3/layer3.0/relu_1/Relu_output_0
[08/20/2026-18:38:08] [V] [TRT] Searching for input: onnx::Conv_575
[08/20/2026-18:38:08] [V] [TRT] Searching for input: onnx::Conv_576
[08/20/2026-18:38:08] [V] [TRT] /layer3/layer3.0/conv3/Conv [Conv] inputs: [/layer3/layer3.0/relu_1/Relu_output_0 -> (1, 256, 14, 14)[FLOAT]], [onnx::Conv_575 -> (1024, 256, 1, 1)[FLOAT]], [onnx::Conv_576 -> (1024)[FLOAT]], 
[08/20/2026-18:38:08] [V] [TRT] Convolution input dimensions: (1, 256, 14, 14)
[08/20/2026-18:38:08] [V] [TRT] Registering layer: /layer3/layer3.0/conv3/Conv for ONNX node: /layer3/layer3.0/conv3/Conv
[08/20/2026-18:38:08] [V] [TRT] Using kernel: (1, 1), strides: (1, 1), prepadding: (0, 0), postpadding: (0, 0), dilations: (1, 1), numOutputs: 1024, nbGroups: 1
[08/20/2026-18:38:08] [V] [TRT] Convolution output dimensions: (1, 1024, 14, 14)
[08/20/2026-18:38:08] [V] [TRT] Registering tensor: /layer3/layer3.0/conv3/Conv_output_0 for ONNX tensor: /layer3/layer3.0/conv3/Conv_output_0
[08/20/2026-18:38:08] [V] [TRT] /layer3/layer3.0/conv3/Conv [Conv] outputs: [/layer3/layer3.0/conv3/Conv_output_0 -> (1, 1024, 14, 14)[FLOAT]], 
[08/20/2026-18:38:08] [V] [TRT] Static check for parsing node: /layer3/layer3.0/downsample/downsample.0/Conv [Conv]
[08/20/2026-18:38:08] [V] [TRT] Parsing node: /layer3/layer3.0/downsample/downsample.0/Conv [Conv]
[08/20/2026-18:38:08] [V] [TRT] Searching for input: /layer2/layer2.3/relu_2/Relu_output_0
[08/20/2026-18:38:08] [V] [TRT] Searching for input: onnx::Conv_578
[08/20/2026-18:38:08] [V] [TRT] Searching for input: onnx::Conv_579
[08/20/2026-18:38:08] [V] [TRT] /layer3/layer3.0/downsample/downsample.0/Conv [Conv] inputs: [/layer2/layer2.3/relu_2/Relu_output_0 -> (1, 512, 28, 28)[FLOAT]], [onnx::Conv_578 -> (1024, 512, 1, 1)[FLOAT]], [onnx::Conv_579 -> (1024)[FLOAT]], 
[08/20/2026-18:38:08] [V] [TRT] Convolution input dimensions: (1, 512, 28, 28)
[08/20/2026-18:38:08] [V] [TRT] Registering layer: /layer3/layer3.0/downsample/downsample.0/Conv for ONNX node: /layer3/layer3.0/downsample/downsample.0/Conv
[08/20/2026-18:38:08] [V] [TRT] Using kernel: (1, 1), strides: (2, 2), prepadding: (0, 0), postpadding: (0, 0), dilations: (1, 1), numOutputs: 1024, nbGroups: 1
[08/20/2026-18:38:08] [V] [TRT] Convolution output dimensions: (1, 1024, 14, 14)
[08/20/2026-18:38:08] [V] [TRT] Registering tensor: /layer3/layer3.0/downsample/downsample.0/Conv_output_0 for ONNX tensor: /layer3/layer3.0/downsample/downsample.0/Conv_output_0
[08/20/2026-18:38:08] [V] [TRT] /layer3/layer3.0/downsample/downsample.0/Conv [Conv] outputs: [/layer3/layer3.0/downsample/downsample.0/Conv_output_0 -> (1, 1024, 14, 14)[FLOAT]], 
[08/20/2026-18:38:08] [V] [TRT] Static check for parsing node: /layer3/layer3.0/Add [Add]
[08/20/2026-18:38:08] [V] [TRT] Parsing node: /layer3/layer3.0/Add [Add]
[08/20/2026-18:38:08] [V] [TRT] Searching for input: /layer3/layer3.0/conv3/Conv_output_0
[08/20/2026-18:38:08] [V] [TRT] Searching for input: /layer3/layer3.0/downsample/downsample.0/Conv_output_0
[08/20/2026-18:38:08] [V] [TRT] /layer3/layer3.0/Add [Add] inputs: [/layer3/layer3.0/conv3/Conv_output_0 -> (1, 1024, 14, 14)[FLOAT]], [/layer3/layer3.0/downsample/downsample.0/Conv_output_0 -> (1, 1024, 14, 14)[FLOAT]], 
[08/20/2026-18:38:08] [V] [TRT] Registering layer: /layer3/layer3.0/Add for ONNX node: /layer3/layer3.0/Add
[08/20/2026-18:38:08] [V] [TRT] Registering tensor: /layer3/layer3.0/Add_output_0 for ONNX tensor: /layer3/layer3.0/Add_output_0
[08/20/2026-18:38:08] [V] [TRT] /layer3/layer3.0/Add [Add] outputs: [/layer3/layer3.0/Add_output_0 -> (1, 1024, 14, 14)[FLOAT]], 
[08/20/2026-18:38:08] [V] [TRT] Static check for parsing node: /layer3/layer3.0/relu_2/Relu [Relu]
[08/20/2026-18:38:08] [V] [TRT] Parsing node: /layer3/layer3.0/relu_2/Relu [Relu]
[08/20/2026-18:38:08] [V] [TRT] Searching for input: /layer3/layer3.0/Add_output_0
[08/20/2026-18:38:08] [V] [TRT] /layer3/layer3.0/relu_2/Relu [Relu] inputs: [/layer3/layer3.0/Add_output_0 -> (1, 1024, 14, 14)[FLOAT]], 
[08/20/2026-18:38:08] [V] [TRT] Registering layer: /layer3/layer3.0/relu_2/Relu for ONNX node: /layer3/layer3.0/relu_2/Relu
[08/20/2026-18:38:08] [V] [TRT] Registering tensor: /layer3/layer3.0/relu_2/Relu_output_0 for ONNX tensor: /layer3/layer3.0/relu_2/Relu_output_0
[08/20/2026-18:38:08] [V] [TRT] /layer3/layer3.0/relu_2/Relu [Relu] outputs: [/layer3/layer3.0/relu_2/Relu_output_0 -> (1, 1024, 14, 14)[FLOAT]], 
[08/20/2026-18:38:08] [V] [TRT] Static check for parsing node: /layer3/layer3.1/conv1/Conv [Conv]
[08/20/2026-18:38:08] [V] [TRT] Parsing node: /layer3/layer3.1/conv1/Conv [Conv]
[08/20/2026-18:38:08] [V] [TRT] Searching for input: /layer3/layer3.0/relu_2/Relu_output_0
[08/20/2026-18:38:08] [V] [TRT] Searching for input: onnx::Conv_581
[08/20/2026-18:38:08] [V] [TRT] Searching for input: onnx::Conv_582
[08/20/2026-18:38:08] [V] [TRT] /layer3/layer3.1/conv1/Conv [Conv] inputs: [/layer3/layer3.0/relu_2/Relu_output_0 -> (1, 1024, 14, 14)[FLOAT]], [onnx::Conv_581 -> (256, 1024, 1, 1)[FLOAT]], [onnx::Conv_582 -> (256)[FLOAT]], 
[08/20/2026-18:38:08] [V] [TRT] Convolution input dimensions: (1, 1024, 14, 14)
[08/20/2026-18:38:08] [V] [TRT] Registering layer: /layer3/layer3.1/conv1/Conv for ONNX node: /layer3/layer3.1/conv1/Conv
[08/20/2026-18:38:08] [V] [TRT] Using kernel: (1, 1), strides: (1, 1), prepadding: (0, 0), postpadding: (0, 0), dilations: (1, 1), numOutputs: 256, nbGroups: 1
[08/20/2026-18:38:08] [V] [TRT] Convolution output dimensions: (1, 256, 14, 14)
[08/20/2026-18:38:08] [V] [TRT] Registering tensor: /layer3/layer3.1/conv1/Conv_output_0 for ONNX tensor: /layer3/layer3.1/conv1/Conv_output_0
[08/20/2026-18:38:08] [V] [TRT] /layer3/layer3.1/conv1/Conv [Conv] outputs: [/layer3/layer3.1/conv1/Conv_output_0 -> (1, 256, 14, 14)[FLOAT]], 
[08/20/2026-18:38:08] [V] [TRT] Static check for parsing node: /layer3/layer3.1/relu/Relu [Relu]
[08/20/2026-18:38:08] [V] [TRT] Parsing node: /layer3/layer3.1/relu/Relu [Relu]
[08/20/2026-18:38:08] [V] [TRT] Searching for input: /layer3/layer3.1/conv1/Conv_output_0
[08/20/2026-18:38:08] [V] [TRT] /layer3/layer3.1/relu/Relu [Relu] inputs: [/layer3/layer3.1/conv1/Conv_output_0 -> (1, 256, 14, 14)[FLOAT]], 
[08/20/2026-18:38:08] [V] [TRT] Registering layer: /layer3/layer3.1/relu/Relu for ONNX node: /layer3/layer3.1/relu/Relu
[08/20/2026-18:38:08] [V] [TRT] Registering tensor: /layer3/layer3.1/relu/Relu_output_0 for ONNX tensor: /layer3/layer3.1/relu/Relu_output_0
[08/20/2026-18:38:08] [V] [TRT] /layer3/layer3.1/relu/Relu [Relu] outputs: [/layer3/layer3.1/relu/Relu_output_0 -> (1, 256, 14, 14)[FLOAT]], 
[08/20/2026-18:38:08] [V] [TRT] Static check for parsing node: /layer3/layer3.1/conv2/Conv [Conv]
[08/20/2026-18:38:08] [V] [TRT] Parsing node: /layer3/layer3.1/conv2/Conv [Conv]
[08/20/2026-18:38:08] [V] [TRT] Searching for input: /layer3/layer3.1/relu/Relu_output_0
[08/20/2026-18:38:08] [V] [TRT] Searching for input: onnx::Conv_584
[08/20/2026-18:38:08] [V] [TRT] Searching for input: onnx::Conv_585
[08/20/2026-18:38:08] [V] [TRT] /layer3/layer3.1/conv2/Conv [Conv] inputs: [/layer3/layer3.1/relu/Relu_output_0 -> (1, 256, 14, 14)[FLOAT]], [onnx::Conv_584 -> (256, 256, 3, 3)[FLOAT]], [onnx::Conv_585 -> (256)[FLOAT]], 
[08/20/2026-18:38:08] [V] [TRT] Convolution input dimensions: (1, 256, 14, 14)
[08/20/2026-18:38:08] [V] [TRT] Registering layer: /layer3/layer3.1/conv2/Conv for ONNX node: /layer3/layer3.1/conv2/Conv
[08/20/2026-18:38:08] [V] [TRT] Using kernel: (3, 3), strides: (1, 1), prepadding: (1, 1), postpadding: (1, 1), dilations: (1, 1), numOutputs: 256, nbGroups: 1
[08/20/2026-18:38:08] [V] [TRT] Convolution output dimensions: (1, 256, 14, 14)
[08/20/2026-18:38:08] [V] [TRT] Registering tensor: /layer3/layer3.1/conv2/Conv_output_0 for ONNX tensor: /layer3/layer3.1/conv2/Conv_output_0
[08/20/2026-18:38:08] [V] [TRT] /layer3/layer3.1/conv2/Conv [Conv] outputs: [/layer3/layer3.1/conv2/Conv_output_0 -> (1, 256, 14, 14)[FLOAT]], 
[08/20/2026-18:38:08] [V] [TRT] Static check for parsing node: /layer3/layer3.1/relu_1/Relu [Relu]
[08/20/2026-18:38:08] [V] [TRT] Parsing node: /layer3/layer3.1/relu_1/Relu [Relu]
[08/20/2026-18:38:08] [V] [TRT] Searching for input: /layer3/layer3.1/conv2/Conv_output_0
[08/20/2026-18:38:08] [V] [TRT] /layer3/layer3.1/relu_1/Relu [Relu] inputs: [/layer3/layer3.1/conv2/Conv_output_0 -> (1, 256, 14, 14)[FLOAT]], 
[08/20/2026-18:38:08] [V] [TRT] Registering layer: /layer3/layer3.1/relu_1/Relu for ONNX node: /layer3/layer3.1/relu_1/Relu
[08/20/2026-18:38:08] [V] [TRT] Registering tensor: /layer3/layer3.1/relu_1/Relu_output_0 for ONNX tensor: /layer3/layer3.1/relu_1/Relu_output_0
[08/20/2026-18:38:08] [V] [TRT] /layer3/layer3.1/relu_1/Relu [Relu] outputs: [/layer3/layer3.1/relu_1/Relu_output_0 -> (1, 256, 14, 14)[FLOAT]], 
[08/20/2026-18:38:08] [V] [TRT] Static check for parsing node: /layer3/layer3.1/conv3/Conv [Conv]
[08/20/2026-18:38:08] [V] [TRT] Parsing node: /layer3/layer3.1/conv3/Conv [Conv]
[08/20/2026-18:38:08] [V] [TRT] Searching for input: /layer3/layer3.1/relu_1/Relu_output_0
[08/20/2026-18:38:08] [V] [TRT] Searching for input: onnx::Conv_587
[08/20/2026-18:38:08] [V] [TRT] Searching for input: onnx::Conv_588
[08/20/2026-18:38:08] [V] [TRT] /layer3/layer3.1/conv3/Conv [Conv] inputs: [/layer3/layer3.1/relu_1/Relu_output_0 -> (1, 256, 14, 14)[FLOAT]], [onnx::Conv_587 -> (1024, 256, 1, 1)[FLOAT]], [onnx::Conv_588 -> (1024)[FLOAT]], 
[08/20/2026-18:38:08] [V] [TRT] Convolution input dimensions: (1, 256, 14, 14)
[08/20/2026-18:38:08] [V] [TRT] Registering layer: /layer3/layer3.1/conv3/Conv for ONNX node: /layer3/layer3.1/conv3/Conv
[08/20/2026-18:38:08] [V] [TRT] Using kernel: (1, 1), strides: (1, 1), prepadding: (0, 0), postpadding: (0, 0), dilations: (1, 1), numOutputs: 1024, nbGroups: 1
[08/20/2026-18:38:08] [V] [TRT] Convolution output dimensions: (1, 1024, 14, 14)
[08/20/2026-18:38:08] [V] [TRT] Registering tensor: /layer3/layer3.1/conv3/Conv_output_0 for ONNX tensor: /layer3/layer3.1/conv3/Conv_output_0
[08/20/2026-18:38:08] [V] [TRT] /layer3/layer3.1/conv3/Conv [Conv] outputs: [/layer3/layer3.1/conv3/Conv_output_0 -> (1, 1024, 14, 14)[FLOAT]], 
[08/20/2026-18:38:08] [V] [TRT] Static check for parsing node: /layer3/layer3.1/Add [Add]
[08/20/2026-18:38:08] [V] [TRT] Parsing node: /layer3/layer3.1/Add [Add]
[08/20/2026-18:38:08] [V] [TRT] Searching for input: /layer3/layer3.1/conv3/Conv_output_0
[08/20/2026-18:38:08] [V] [TRT] Searching for input: /layer3/layer3.0/relu_2/Relu_output_0
[08/20/2026-18:38:08] [V] [TRT] /layer3/layer3.1/Add [Add] inputs: [/layer3/layer3.1/conv3/Conv_output_0 -> (1, 1024, 14, 14)[FLOAT]], [/layer3/layer3.0/relu_2/Relu_output_0 -> (1, 1024, 14, 14)[FLOAT]], 
[08/20/2026-18:38:08] [V] [TRT] Registering layer: /layer3/layer3.1/Add for ONNX node: /layer3/layer3.1/Add
[08/20/2026-18:38:08] [V] [TRT] Registering tensor: /layer3/layer3.1/Add_output_0 for ONNX tensor: /layer3/layer3.1/Add_output_0
[08/20/2026-18:38:08] [V] [TRT] /layer3/layer3.1/Add [Add] outputs: [/layer3/layer3.1/Add_output_0 -> (1, 1024, 14, 14)[FLOAT]], 
[08/20/2026-18:38:08] [V] [TRT] Static check for parsing node: /layer3/layer3.1/relu_2/Relu [Relu]
[08/20/2026-18:38:08] [V] [TRT] Parsing node: /layer3/layer3.1/relu_2/Relu [Relu]
[08/20/2026-18:38:08] [V] [TRT] Searching for input: /layer3/layer3.1/Add_output_0
[08/20/2026-18:38:08] [V] [TRT] /layer3/layer3.1/relu_2/Relu [Relu] inputs: [/layer3/layer3.1/Add_output_0 -> (1, 1024, 14, 14)[FLOAT]], 
[08/20/2026-18:38:08] [V] [TRT] Registering layer: /layer3/layer3.1/relu_2/Relu for ONNX node: /layer3/layer3.1/relu_2/Relu
[08/20/2026-18:38:08] [V] [TRT] Registering tensor: /layer3/layer3.1/relu_2/Relu_output_0 for ONNX tensor: /layer3/layer3.1/relu_2/Relu_output_0
[08/20/2026-18:38:08] [V] [TRT] /layer3/layer3.1/relu_2/Relu [Relu] outputs: [/layer3/layer3.1/relu_2/Relu_output_0 -> (1, 1024, 14, 14)[FLOAT]], 
[08/20/2026-18:38:08] [V] [TRT] Static check for parsing node: /layer3/layer3.2/conv1/Conv [Conv]
[08/20/2026-18:38:08] [V] [TRT] Parsing node: /layer3/layer3.2/conv1/Conv [Conv]
[08/20/2026-18:38:08] [V] [TRT] Searching for input: /layer3/layer3.1/relu_2/Relu_output_0
[08/20/2026-18:38:08] [V] [TRT] Searching for input: onnx::Conv_590
[08/20/2026-18:38:08] [V] [TRT] Searching for input: onnx::Conv_591
[08/20/2026-18:38:08] [V] [TRT] /layer3/layer3.2/conv1/Conv [Conv] inputs: [/layer3/layer3.1/relu_2/Relu_output_0 -> (1, 1024, 14, 14)[FLOAT]], [onnx::Conv_590 -> (256, 1024, 1, 1)[FLOAT]], [onnx::Conv_591 -> (256)[FLOAT]], 
[08/20/2026-18:38:08] [V] [TRT] Convolution input dimensions: (1, 1024, 14, 14)
[08/20/2026-18:38:08] [V] [TRT] Registering layer: /layer3/layer3.2/conv1/Conv for ONNX node: /layer3/layer3.2/conv1/Conv
[08/20/2026-18:38:08] [V] [TRT] Using kernel: (1, 1), strides: (1, 1), prepadding: (0, 0), postpadding: (0, 0), dilations: (1, 1), numOutputs: 256, nbGroups: 1
[08/20/2026-18:38:08] [V] [TRT] Convolution output dimensions: (1, 256, 14, 14)
[08/20/2026-18:38:08] [V] [TRT] Registering tensor: /layer3/layer3.2/conv1/Conv_output_0 for ONNX tensor: /layer3/layer3.2/conv1/Conv_output_0
[08/20/2026-18:38:08] [V] [TRT] /layer3/layer3.2/conv1/Conv [Conv] outputs: [/layer3/layer3.2/conv1/Conv_output_0 -> (1, 256, 14, 14)[FLOAT]], 
[08/20/2026-18:38:08] [V] [TRT] Static check for parsing node: /layer3/layer3.2/relu/Relu [Relu]
[08/20/2026-18:38:08] [V] [TRT] Parsing node: /layer3/layer3.2/relu/Relu [Relu]
[08/20/2026-18:38:08] [V] [TRT] Searching for input: /layer3/layer3.2/conv1/Conv_output_0
[08/20/2026-18:38:08] [V] [TRT] /layer3/layer3.2/relu/Relu [Relu] inputs: [/layer3/layer3.2/conv1/Conv_output_0 -> (1, 256, 14, 14)[FLOAT]], 
[08/20/2026-18:38:08] [V] [TRT] Registering layer: /layer3/layer3.2/relu/Relu for ONNX node: /layer3/layer3.2/relu/Relu
[08/20/2026-18:38:08] [V] [TRT] Registering tensor: /layer3/layer3.2/relu/Relu_output_0 for ONNX tensor: /layer3/layer3.2/relu/Relu_output_0
[08/20/2026-18:38:08] [V] [TRT] /layer3/layer3.2/relu/Relu [Relu] outputs: [/layer3/layer3.2/relu/Relu_output_0 -> (1, 256, 14, 14)[FLOAT]], 
[08/20/2026-18:38:08] [V] [TRT] Static check for parsing node: /layer3/layer3.2/conv2/Conv [Conv]
[08/20/2026-18:38:08] [V] [TRT] Parsing node: /layer3/layer3.2/conv2/Conv [Conv]
[08/20/2026-18:38:08] [V] [TRT] Searching for input: /layer3/layer3.2/relu/Relu_output_0
[08/20/2026-18:38:08] [V] [TRT] Searching for input: onnx::Conv_593
[08/20/2026-18:38:08] [V] [TRT] Searching for input: onnx::Conv_594
[08/20/2026-18:38:08] [V] [TRT] /layer3/layer3.2/conv2/Conv [Conv] inputs: [/layer3/layer3.2/relu/Relu_output_0 -> (1, 256, 14, 14)[FLOAT]], [onnx::Conv_593 -> (256, 256, 3, 3)[FLOAT]], [onnx::Conv_594 -> (256)[FLOAT]], 
[08/20/2026-18:38:08] [V] [TRT] Convolution input dimensions: (1, 256, 14, 14)
[08/20/2026-18:38:08] [V] [TRT] Registering layer: /layer3/layer3.2/conv2/Conv for ONNX node: /layer3/layer3.2/conv2/Conv
[08/20/2026-18:38:08] [V] [TRT] Using kernel: (3, 3), strides: (1, 1), prepadding: (1, 1), postpadding: (1, 1), dilations: (1, 1), numOutputs: 256, nbGroups: 1
[08/20/2026-18:38:08] [V] [TRT] Convolution output dimensions: (1, 256, 14, 14)
[08/20/2026-18:38:08] [V] [TRT] Registering tensor: /layer3/layer3.2/conv2/Conv_output_0 for ONNX tensor: /layer3/layer3.2/conv2/Conv_output_0
[08/20/2026-18:38:08] [V] [TRT] /layer3/layer3.2/conv2/Conv [Conv] outputs: [/layer3/layer3.2/conv2/Conv_output_0 -> (1, 256, 14, 14)[FLOAT]], 
[08/20/2026-18:38:08] [V] [TRT] Static check for parsing node: /layer3/layer3.2/relu_1/Relu [Relu]
[08/20/2026-18:38:08] [V] [TRT] Parsing node: /layer3/layer3.2/relu_1/Relu [Relu]
[08/20/2026-18:38:08] [V] [TRT] Searching for input: /layer3/layer3.2/conv2/Conv_output_0
[08/20/2026-18:38:08] [V] [TRT] /layer3/layer3.2/relu_1/Relu [Relu] inputs: [/layer3/layer3.2/conv2/Conv_output_0 -> (1, 256, 14, 14)[FLOAT]], 
[08/20/2026-18:38:08] [V] [TRT] Registering layer: /layer3/layer3.2/relu_1/Relu for ONNX node: /layer3/layer3.2/relu_1/Relu
[08/20/2026-18:38:08] [V] [TRT] Registering tensor: /layer3/layer3.2/relu_1/Relu_output_0 for ONNX tensor: /layer3/layer3.2/relu_1/Relu_output_0
[08/20/2026-18:38:08] [V] [TRT] /layer3/layer3.2/relu_1/Relu [Relu] outputs: [/layer3/layer3.2/relu_1/Relu_output_0 -> (1, 256, 14, 14)[FLOAT]], 
[08/20/2026-18:38:08] [V] [TRT] Static check for parsing node: /layer3/layer3.2/conv3/Conv [Conv]
[08/20/2026-18:38:08] [V] [TRT] Parsing node: /layer3/layer3.2/conv3/Conv [Conv]
[08/20/2026-18:38:08] [V] [TRT] Searching for input: /layer3/layer3.2/relu_1/Relu_output_0
[08/20/2026-18:38:08] [V] [TRT] Searching for input: onnx::Conv_596
[08/20/2026-18:38:08] [V] [TRT] Searching for input: onnx::Conv_597
[08/20/2026-18:38:08] [V] [TRT] /layer3/layer3.2/conv3/Conv [Conv] inputs: [/layer3/layer3.2/relu_1/Relu_output_0 -> (1, 256, 14, 14)[FLOAT]], [onnx::Conv_596 -> (1024, 256, 1, 1)[FLOAT]], [onnx::Conv_597 -> (1024)[FLOAT]], 
[08/20/2026-18:38:08] [V] [TRT] Convolution input dimensions: (1, 256, 14, 14)
[08/20/2026-18:38:08] [V] [TRT] Registering layer: /layer3/layer3.2/conv3/Conv for ONNX node: /layer3/layer3.2/conv3/Conv
[08/20/2026-18:38:08] [V] [TRT] Using kernel: (1, 1), strides: (1, 1), prepadding: (0, 0), postpadding: (0, 0), dilations: (1, 1), numOutputs: 1024, nbGroups: 1
[08/20/2026-18:38:08] [V] [TRT] Convolution output dimensions: (1, 1024, 14, 14)
[08/20/2026-18:38:08] [V] [TRT] Registering tensor: /layer3/layer3.2/conv3/Conv_output_0 for ONNX tensor: /layer3/layer3.2/conv3/Conv_output_0
[08/20/2026-18:38:08] [V] [TRT] /layer3/layer3.2/conv3/Conv [Conv] outputs: [/layer3/layer3.2/conv3/Conv_output_0 -> (1, 1024, 14, 14)[FLOAT]], 
[08/20/2026-18:38:08] [V] [TRT] Static check for parsing node: /layer3/layer3.2/Add [Add]
[08/20/2026-18:38:08] [V] [TRT] Parsing node: /layer3/layer3.2/Add [Add]
[08/20/2026-18:38:08] [V] [TRT] Searching for input: /layer3/layer3.2/conv3/Conv_output_0
[08/20/2026-18:38:08] [V] [TRT] Searching for input: /layer3/layer3.1/relu_2/Relu_output_0
[08/20/2026-18:38:08] [V] [TRT] /layer3/layer3.2/Add [Add] inputs: [/layer3/layer3.2/conv3/Conv_output_0 -> (1, 1024, 14, 14)[FLOAT]], [/layer3/layer3.1/relu_2/Relu_output_0 -> (1, 1024, 14, 14)[FLOAT]], 
[08/20/2026-18:38:08] [V] [TRT] Registering layer: /layer3/layer3.2/Add for ONNX node: /layer3/layer3.2/Add
[08/20/2026-18:38:08] [V] [TRT] Registering tensor: /layer3/layer3.2/Add_output_0 for ONNX tensor: /layer3/layer3.2/Add_output_0
[08/20/2026-18:38:08] [V] [TRT] /layer3/layer3.2/Add [Add] outputs: [/layer3/layer3.2/Add_output_0 -> (1, 1024, 14, 14)[FLOAT]], 
[08/20/2026-18:38:08] [V] [TRT] Static check for parsing node: /layer3/layer3.2/relu_2/Relu [Relu]
[08/20/2026-18:38:08] [V] [TRT] Parsing node: /layer3/layer3.2/relu_2/Relu [Relu]
[08/20/2026-18:38:08] [V] [TRT] Searching for input: /layer3/layer3.2/Add_output_0
[08/20/2026-18:38:08] [V] [TRT] /layer3/layer3.2/relu_2/Relu [Relu] inputs: [/layer3/layer3.2/Add_output_0 -> (1, 1024, 14, 14)[FLOAT]], 
[08/20/2026-18:38:08] [V] [TRT] Registering layer: /layer3/layer3.2/relu_2/Relu for ONNX node: /layer3/layer3.2/relu_2/Relu
[08/20/2026-18:38:08] [V] [TRT] Registering tensor: /layer3/layer3.2/relu_2/Relu_output_0 for ONNX tensor: /layer3/layer3.2/relu_2/Relu_output_0
[08/20/2026-18:38:08] [V] [TRT] /layer3/layer3.2/relu_2/Relu [Relu] outputs: [/layer3/layer3.2/relu_2/Relu_output_0 -> (1, 1024, 14, 14)[FLOAT]], 
[08/20/2026-18:38:08] [V] [TRT] Static check for parsing node: /layer3/layer3.3/conv1/Conv [Conv]
[08/20/2026-18:38:08] [V] [TRT] Parsing node: /layer3/layer3.3/conv1/Conv [Conv]
[08/20/2026-18:38:08] [V] [TRT] Searching for input: /layer3/layer3.2/relu_2/Relu_output_0
[08/20/2026-18:38:08] [V] [TRT] Searching for input: onnx::Conv_599
[08/20/2026-18:38:08] [V] [TRT] Searching for input: onnx::Conv_600
[08/20/2026-18:38:08] [V] [TRT] /layer3/layer3.3/conv1/Conv [Conv] inputs: [/layer3/layer3.2/relu_2/Relu_output_0 -> (1, 1024, 14, 14)[FLOAT]], [onnx::Conv_599 -> (256, 1024, 1, 1)[FLOAT]], [onnx::Conv_600 -> (256)[FLOAT]], 
[08/20/2026-18:38:08] [V] [TRT] Convolution input dimensions: (1, 1024, 14, 14)
[08/20/2026-18:38:08] [V] [TRT] Registering layer: /layer3/layer3.3/conv1/Conv for ONNX node: /layer3/layer3.3/conv1/Conv
[08/20/2026-18:38:08] [V] [TRT] Using kernel: (1, 1), strides: (1, 1), prepadding: (0, 0), postpadding: (0, 0), dilations: (1, 1), numOutputs: 256, nbGroups: 1
[08/20/2026-18:38:08] [V] [TRT] Convolution output dimensions: (1, 256, 14, 14)
[08/20/2026-18:38:08] [V] [TRT] Registering tensor: /layer3/layer3.3/conv1/Conv_output_0 for ONNX tensor: /layer3/layer3.3/conv1/Conv_output_0
[08/20/2026-18:38:08] [V] [TRT] /layer3/layer3.3/conv1/Conv [Conv] outputs: [/layer3/layer3.3/conv1/Conv_output_0 -> (1, 256, 14, 14)[FLOAT]], 
[08/20/2026-18:38:08] [V] [TRT] Static check for parsing node: /layer3/layer3.3/relu/Relu [Relu]
[08/20/2026-18:38:08] [V] [TRT] Parsing node: /layer3/layer3.3/relu/Relu [Relu]
[08/20/2026-18:38:08] [V] [TRT] Searching for input: /layer3/layer3.3/conv1/Conv_output_0
[08/20/2026-18:38:08] [V] [TRT] /layer3/layer3.3/relu/Relu [Relu] inputs: [/layer3/layer3.3/conv1/Conv_output_0 -> (1, 256, 14, 14)[FLOAT]], 
[08/20/2026-18:38:08] [V] [TRT] Registering layer: /layer3/layer3.3/relu/Relu for ONNX node: /layer3/layer3.3/relu/Relu
[08/20/2026-18:38:08] [V] [TRT] Registering tensor: /layer3/layer3.3/relu/Relu_output_0 for ONNX tensor: /layer3/layer3.3/relu/Relu_output_0
[08/20/2026-18:38:08] [V] [TRT] /layer3/layer3.3/relu/Relu [Relu] outputs: [/layer3/layer3.3/relu/Relu_output_0 -> (1, 256, 14, 14)[FLOAT]], 
[08/20/2026-18:38:08] [V] [TRT] Static check for parsing node: /layer3/layer3.3/conv2/Conv [Conv]
[08/20/2026-18:38:08] [V] [TRT] Parsing node: /layer3/layer3.3/conv2/Conv [Conv]
[08/20/2026-18:38:08] [V] [TRT] Searching for input: /layer3/layer3.3/relu/Relu_output_0
[08/20/2026-18:38:08] [V] [TRT] Searching for input: onnx::Conv_602
[08/20/2026-18:38:08] [V] [TRT] Searching for input: onnx::Conv_603
[08/20/2026-18:38:08] [V] [TRT] /layer3/layer3.3/conv2/Conv [Conv] inputs: [/layer3/layer3.3/relu/Relu_output_0 -> (1, 256, 14, 14)[FLOAT]], [onnx::Conv_602 -> (256, 256, 3, 3)[FLOAT]], [onnx::Conv_603 -> (256)[FLOAT]], 
[08/20/2026-18:38:08] [V] [TRT] Convolution input dimensions: (1, 256, 14, 14)
[08/20/2026-18:38:08] [V] [TRT] Registering layer: /layer3/layer3.3/conv2/Conv for ONNX node: /layer3/layer3.3/conv2/Conv
[08/20/2026-18:38:08] [V] [TRT] Using kernel: (3, 3), strides: (1, 1), prepadding: (1, 1), postpadding: (1, 1), dilations: (1, 1), numOutputs: 256, nbGroups: 1
[08/20/2026-18:38:08] [V] [TRT] Convolution output dimensions: (1, 256, 14, 14)
[08/20/2026-18:38:08] [V] [TRT] Registering tensor: /layer3/layer3.3/conv2/Conv_output_0 for ONNX tensor: /layer3/layer3.3/conv2/Conv_output_0
[08/20/2026-18:38:08] [V] [TRT] /layer3/layer3.3/conv2/Conv [Conv] outputs: [/layer3/layer3.3/conv2/Conv_output_0 -> (1, 256, 14, 14)[FLOAT]], 
[08/20/2026-18:38:08] [V] [TRT] Static check for parsing node: /layer3/layer3.3/relu_1/Relu [Relu]
[08/20/2026-18:38:08] [V] [TRT] Parsing node: /layer3/layer3.3/relu_1/Relu [Relu]
[08/20/2026-18:38:08] [V] [TRT] Searching for input: /layer3/layer3.3/conv2/Conv_output_0
[08/20/2026-18:38:08] [V] [TRT] /layer3/layer3.3/relu_1/Relu [Relu] inputs: [/layer3/layer3.3/conv2/Conv_output_0 -> (1, 256, 14, 14)[FLOAT]], 
[08/20/2026-18:38:08] [V] [TRT] Registering layer: /layer3/layer3.3/relu_1/Relu for ONNX node: /layer3/layer3.3/relu_1/Relu
[08/20/2026-18:38:08] [V] [TRT] Registering tensor: /layer3/layer3.3/relu_1/Relu_output_0 for ONNX tensor: /layer3/layer3.3/relu_1/Relu_output_0
[08/20/2026-18:38:08] [V] [TRT] /layer3/layer3.3/relu_1/Relu [Relu] outputs: [/layer3/layer3.3/relu_1/Relu_output_0 -> (1, 256, 14, 14)[FLOAT]], 
[08/20/2026-18:38:08] [V] [TRT] Static check for parsing node: /layer3/layer3.3/conv3/Conv [Conv]
[08/20/2026-18:38:08] [V] [TRT] Parsing node: /layer3/layer3.3/conv3/Conv [Conv]
[08/20/2026-18:38:08] [V] [TRT] Searching for input: /layer3/layer3.3/relu_1/Relu_output_0
[08/20/2026-18:38:08] [V] [TRT] Searching for input: onnx::Conv_605
[08/20/2026-18:38:08] [V] [TRT] Searching for input: onnx::Conv_606
[08/20/2026-18:38:08] [V] [TRT] /layer3/layer3.3/conv3/Conv [Conv] inputs: [/layer3/layer3.3/relu_1/Relu_output_0 -> (1, 256, 14, 14)[FLOAT]], [onnx::Conv_605 -> (1024, 256, 1, 1)[FLOAT]], [onnx::Conv_606 -> (1024)[FLOAT]], 
[08/20/2026-18:38:08] [V] [TRT] Convolution input dimensions: (1, 256, 14, 14)
[08/20/2026-18:38:08] [V] [TRT] Registering layer: /layer3/layer3.3/conv3/Conv for ONNX node: /layer3/layer3.3/conv3/Conv
[08/20/2026-18:38:08] [V] [TRT] Using kernel: (1, 1), strides: (1, 1), prepadding: (0, 0), postpadding: (0, 0), dilations: (1, 1), numOutputs: 1024, nbGroups: 1
[08/20/2026-18:38:08] [V] [TRT] Convolution output dimensions: (1, 1024, 14, 14)
[08/20/2026-18:38:08] [V] [TRT] Registering tensor: /layer3/layer3.3/conv3/Conv_output_0 for ONNX tensor: /layer3/layer3.3/conv3/Conv_output_0
[08/20/2026-18:38:08] [V] [TRT] /layer3/layer3.3/conv3/Conv [Conv] outputs: [/layer3/layer3.3/conv3/Conv_output_0 -> (1, 1024, 14, 14)[FLOAT]], 
[08/20/2026-18:38:08] [V] [TRT] Static check for parsing node: /layer3/layer3.3/Add [Add]
[08/20/2026-18:38:08] [V] [TRT] Parsing node: /layer3/layer3.3/Add [Add]
[08/20/2026-18:38:08] [V] [TRT] Searching for input: /layer3/layer3.3/conv3/Conv_output_0
[08/20/2026-18:38:08] [V] [TRT] Searching for input: /layer3/layer3.2/relu_2/Relu_output_0
[08/20/2026-18:38:08] [V] [TRT] /layer3/layer3.3/Add [Add] inputs: [/layer3/layer3.3/conv3/Conv_output_0 -> (1, 1024, 14, 14)[FLOAT]], [/layer3/layer3.2/relu_2/Relu_output_0 -> (1, 1024, 14, 14)[FLOAT]], 
[08/20/2026-18:38:08] [V] [TRT] Registering layer: /layer3/layer3.3/Add for ONNX node: /layer3/layer3.3/Add
[08/20/2026-18:38:08] [V] [TRT] Registering tensor: /layer3/layer3.3/Add_output_0 for ONNX tensor: /layer3/layer3.3/Add_output_0
[08/20/2026-18:38:08] [V] [TRT] /layer3/layer3.3/Add [Add] outputs: [/layer3/layer3.3/Add_output_0 -> (1, 1024, 14, 14)[FLOAT]], 
[08/20/2026-18:38:08] [V] [TRT] Static check for parsing node: /layer3/layer3.3/relu_2/Relu [Relu]
[08/20/2026-18:38:08] [V] [TRT] Parsing node: /layer3/layer3.3/relu_2/Relu [Relu]
[08/20/2026-18:38:08] [V] [TRT] Searching for input: /layer3/layer3.3/Add_output_0
[08/20/2026-18:38:08] [V] [TRT] /layer3/layer3.3/relu_2/Relu [Relu] inputs: [/layer3/layer3.3/Add_output_0 -> (1, 1024, 14, 14)[FLOAT]], 
[08/20/2026-18:38:08] [V] [TRT] Registering layer: /layer3/layer3.3/relu_2/Relu for ONNX node: /layer3/layer3.3/relu_2/Relu
[08/20/2026-18:38:08] [V] [TRT] Registering tensor: /layer3/layer3.3/relu_2/Relu_output_0 for ONNX tensor: /layer3/layer3.3/relu_2/Relu_output_0
[08/20/2026-18:38:08] [V] [TRT] /layer3/layer3.3/relu_2/Relu [Relu] outputs: [/layer3/layer3.3/relu_2/Relu_output_0 -> (1, 1024, 14, 14)[FLOAT]], 
[08/20/2026-18:38:08] [V] [TRT] Static check for parsing node: /layer3/layer3.4/conv1/Conv [Conv]
[08/20/2026-18:38:08] [V] [TRT] Parsing node: /layer3/layer3.4/conv1/Conv [Conv]
[08/20/2026-18:38:08] [V] [TRT] Searching for input: /layer3/layer3.3/relu_2/Relu_output_0
[08/20/2026-18:38:08] [V] [TRT] Searching for input: onnx::Conv_608
[08/20/2026-18:38:08] [V] [TRT] Searching for input: onnx::Conv_609
[08/20/2026-18:38:08] [V] [TRT] /layer3/layer3.4/conv1/Conv [Conv] inputs: [/layer3/layer3.3/relu_2/Relu_output_0 -> (1, 1024, 14, 14)[FLOAT]], [onnx::Conv_608 -> (256, 1024, 1, 1)[FLOAT]], [onnx::Conv_609 -> (256)[FLOAT]], 
[08/20/2026-18:38:08] [V] [TRT] Convolution input dimensions: (1, 1024, 14, 14)
[08/20/2026-18:38:08] [V] [TRT] Registering layer: /layer3/layer3.4/conv1/Conv for ONNX node: /layer3/layer3.4/conv1/Conv
[08/20/2026-18:38:08] [V] [TRT] Using kernel: (1, 1), strides: (1, 1), prepadding: (0, 0), postpadding: (0, 0), dilations: (1, 1), numOutputs: 256, nbGroups: 1
[08/20/2026-18:38:08] [V] [TRT] Convolution output dimensions: (1, 256, 14, 14)
[08/20/2026-18:38:08] [V] [TRT] Registering tensor: /layer3/layer3.4/conv1/Conv_output_0 for ONNX tensor: /layer3/layer3.4/conv1/Conv_output_0
[08/20/2026-18:38:08] [V] [TRT] /layer3/layer3.4/conv1/Conv [Conv] outputs: [/layer3/layer3.4/conv1/Conv_output_0 -> (1, 256, 14, 14)[FLOAT]], 
[08/20/2026-18:38:08] [V] [TRT] Static check for parsing node: /layer3/layer3.4/relu/Relu [Relu]
[08/20/2026-18:38:08] [V] [TRT] Parsing node: /layer3/layer3.4/relu/Relu [Relu]
[08/20/2026-18:38:08] [V] [TRT] Searching for input: /layer3/layer3.4/conv1/Conv_output_0
[08/20/2026-18:38:08] [V] [TRT] /layer3/layer3.4/relu/Relu [Relu] inputs: [/layer3/layer3.4/conv1/Conv_output_0 -> (1, 256, 14, 14)[FLOAT]], 
[08/20/2026-18:38:08] [V] [TRT] Registering layer: /layer3/layer3.4/relu/Relu for ONNX node: /layer3/layer3.4/relu/Relu
[08/20/2026-18:38:08] [V] [TRT] Registering tensor: /layer3/layer3.4/relu/Relu_output_0 for ONNX tensor: /layer3/layer3.4/relu/Relu_output_0
[08/20/2026-18:38:08] [V] [TRT] /layer3/layer3.4/relu/Relu [Relu] outputs: [/layer3/layer3.4/relu/Relu_output_0 -> (1, 256, 14, 14)[FLOAT]], 
[08/20/2026-18:38:08] [V] [TRT] Static check for parsing node: /layer3/layer3.4/conv2/Conv [Conv]
[08/20/2026-18:38:08] [V] [TRT] Parsing node: /layer3/layer3.4/conv2/Conv [Conv]
[08/20/2026-18:38:08] [V] [TRT] Searching for input: /layer3/layer3.4/relu/Relu_output_0
[08/20/2026-18:38:08] [V] [TRT] Searching for input: onnx::Conv_611
[08/20/2026-18:38:08] [V] [TRT] Searching for input: onnx::Conv_612
[08/20/2026-18:38:08] [V] [TRT] /layer3/layer3.4/conv2/Conv [Conv] inputs: [/layer3/layer3.4/relu/Relu_output_0 -> (1, 256, 14, 14)[FLOAT]], [onnx::Conv_611 -> (256, 256, 3, 3)[FLOAT]], [onnx::Conv_612 -> (256)[FLOAT]], 
[08/20/2026-18:38:08] [V] [TRT] Convolution input dimensions: (1, 256, 14, 14)
[08/20/2026-18:38:08] [V] [TRT] Registering layer: /layer3/layer3.4/conv2/Conv for ONNX node: /layer3/layer3.4/conv2/Conv
[08/20/2026-18:38:08] [V] [TRT] Using kernel: (3, 3), strides: (1, 1), prepadding: (1, 1), postpadding: (1, 1), dilations: (1, 1), numOutputs: 256, nbGroups: 1
[08/20/2026-18:38:08] [V] [TRT] Convolution output dimensions: (1, 256, 14, 14)
[08/20/2026-18:38:08] [V] [TRT] Registering tensor: /layer3/layer3.4/conv2/Conv_output_0 for ONNX tensor: /layer3/layer3.4/conv2/Conv_output_0
[08/20/2026-18:38:08] [V] [TRT] /layer3/layer3.4/conv2/Conv [Conv] outputs: [/layer3/layer3.4/conv2/Conv_output_0 -> (1, 256, 14, 14)[FLOAT]], 
[08/20/2026-18:38:08] [V] [TRT] Static check for parsing node: /layer3/layer3.4/relu_1/Relu [Relu]
[08/20/2026-18:38:08] [V] [TRT] Parsing node: /layer3/layer3.4/relu_1/Relu [Relu]
[08/20/2026-18:38:08] [V] [TRT] Searching for input: /layer3/layer3.4/conv2/Conv_output_0
[08/20/2026-18:38:08] [V] [TRT] /layer3/layer3.4/relu_1/Relu [Relu] inputs: [/layer3/layer3.4/conv2/Conv_output_0 -> (1, 256, 14, 14)[FLOAT]], 
[08/20/2026-18:38:08] [V] [TRT] Registering layer: /layer3/layer3.4/relu_1/Relu for ONNX node: /layer3/layer3.4/relu_1/Relu
[08/20/2026-18:38:08] [V] [TRT] Registering tensor: /layer3/layer3.4/relu_1/Relu_output_0 for ONNX tensor: /layer3/layer3.4/relu_1/Relu_output_0
[08/20/2026-18:38:08] [V] [TRT] /layer3/layer3.4/relu_1/Relu [Relu] outputs: [/layer3/layer3.4/relu_1/Relu_output_0 -> (1, 256, 14, 14)[FLOAT]], 
[08/20/2026-18:38:08] [V] [TRT] Static check for parsing node: /layer3/layer3.4/conv3/Conv [Conv]
[08/20/2026-18:38:08] [V] [TRT] Parsing node: /layer3/layer3.4/conv3/Conv [Conv]
[08/20/2026-18:38:08] [V] [TRT] Searching for input: /layer3/layer3.4/relu_1/Relu_output_0
[08/20/2026-18:38:08] [V] [TRT] Searching for input: onnx::Conv_614
[08/20/2026-18:38:08] [V] [TRT] Searching for input: onnx::Conv_615
[08/20/2026-18:38:08] [V] [TRT] /layer3/layer3.4/conv3/Conv [Conv] inputs: [/layer3/layer3.4/relu_1/Relu_output_0 -> (1, 256, 14, 14)[FLOAT]], [onnx::Conv_614 -> (1024, 256, 1, 1)[FLOAT]], [onnx::Conv_615 -> (1024)[FLOAT]], 
[08/20/2026-18:38:08] [V] [TRT] Convolution input dimensions: (1, 256, 14, 14)
[08/20/2026-18:38:08] [V] [TRT] Registering layer: /layer3/layer3.4/conv3/Conv for ONNX node: /layer3/layer3.4/conv3/Conv
[08/20/2026-18:38:08] [V] [TRT] Using kernel: (1, 1), strides: (1, 1), prepadding: (0, 0), postpadding: (0, 0), dilations: (1, 1), numOutputs: 1024, nbGroups: 1
[08/20/2026-18:38:08] [V] [TRT] Convolution output dimensions: (1, 1024, 14, 14)
[08/20/2026-18:38:08] [V] [TRT] Registering tensor: /layer3/layer3.4/conv3/Conv_output_0 for ONNX tensor: /layer3/layer3.4/conv3/Conv_output_0
[08/20/2026-18:38:08] [V] [TRT] /layer3/layer3.4/conv3/Conv [Conv] outputs: [/layer3/layer3.4/conv3/Conv_output_0 -> (1, 1024, 14, 14)[FLOAT]], 
[08/20/2026-18:38:08] [V] [TRT] Static check for parsing node: /layer3/layer3.4/Add [Add]
[08/20/2026-18:38:08] [V] [TRT] Parsing node: /layer3/layer3.4/Add [Add]
[08/20/2026-18:38:08] [V] [TRT] Searching for input: /layer3/layer3.4/conv3/Conv_output_0
[08/20/2026-18:38:08] [V] [TRT] Searching for input: /layer3/layer3.3/relu_2/Relu_output_0
[08/20/2026-18:38:08] [V] [TRT] /layer3/layer3.4/Add [Add] inputs: [/layer3/layer3.4/conv3/Conv_output_0 -> (1, 1024, 14, 14)[FLOAT]], [/layer3/layer3.3/relu_2/Relu_output_0 -> (1, 1024, 14, 14)[FLOAT]], 
[08/20/2026-18:38:08] [V] [TRT] Registering layer: /layer3/layer3.4/Add for ONNX node: /layer3/layer3.4/Add
[08/20/2026-18:38:08] [V] [TRT] Registering tensor: /layer3/layer3.4/Add_output_0 for ONNX tensor: /layer3/layer3.4/Add_output_0
[08/20/2026-18:38:08] [V] [TRT] /layer3/layer3.4/Add [Add] outputs: [/layer3/layer3.4/Add_output_0 -> (1, 1024, 14, 14)[FLOAT]], 
[08/20/2026-18:38:08] [V] [TRT] Static check for parsing node: /layer3/layer3.4/relu_2/Relu [Relu]
[08/20/2026-18:38:08] [V] [TRT] Parsing node: /layer3/layer3.4/relu_2/Relu [Relu]
[08/20/2026-18:38:08] [V] [TRT] Searching for input: /layer3/layer3.4/Add_output_0
[08/20/2026-18:38:08] [V] [TRT] /layer3/layer3.4/relu_2/Relu [Relu] inputs: [/layer3/layer3.4/Add_output_0 -> (1, 1024, 14, 14)[FLOAT]], 
[08/20/2026-18:38:08] [V] [TRT] Registering layer: /layer3/layer3.4/relu_2/Relu for ONNX node: /layer3/layer3.4/relu_2/Relu
[08/20/2026-18:38:08] [V] [TRT] Registering tensor: /layer3/layer3.4/relu_2/Relu_output_0 for ONNX tensor: /layer3/layer3.4/relu_2/Relu_output_0
[08/20/2026-18:38:08] [V] [TRT] /layer3/layer3.4/relu_2/Relu [Relu] outputs: [/layer3/layer3.4/relu_2/Relu_output_0 -> (1, 1024, 14, 14)[FLOAT]], 
[08/20/2026-18:38:08] [V] [TRT] Static check for parsing node: /layer3/layer3.5/conv1/Conv [Conv]
[08/20/2026-18:38:08] [V] [TRT] Parsing node: /layer3/layer3.5/conv1/Conv [Conv]
[08/20/2026-18:38:08] [V] [TRT] Searching for input: /layer3/layer3.4/relu_2/Relu_output_0
[08/20/2026-18:38:08] [V] [TRT] Searching for input: onnx::Conv_617
[08/20/2026-18:38:08] [V] [TRT] Searching for input: onnx::Conv_618
[08/20/2026-18:38:08] [V] [TRT] /layer3/layer3.5/conv1/Conv [Conv] inputs: [/layer3/layer3.4/relu_2/Relu_output_0 -> (1, 1024, 14, 14)[FLOAT]], [onnx::Conv_617 -> (256, 1024, 1, 1)[FLOAT]], [onnx::Conv_618 -> (256)[FLOAT]], 
[08/20/2026-18:38:08] [V] [TRT] Convolution input dimensions: (1, 1024, 14, 14)
[08/20/2026-18:38:08] [V] [TRT] Registering layer: /layer3/layer3.5/conv1/Conv for ONNX node: /layer3/layer3.5/conv1/Conv
[08/20/2026-18:38:08] [V] [TRT] Using kernel: (1, 1), strides: (1, 1), prepadding: (0, 0), postpadding: (0, 0), dilations: (1, 1), numOutputs: 256, nbGroups: 1
[08/20/2026-18:38:08] [V] [TRT] Convolution output dimensions: (1, 256, 14, 14)
[08/20/2026-18:38:08] [V] [TRT] Registering tensor: /layer3/layer3.5/conv1/Conv_output_0 for ONNX tensor: /layer3/layer3.5/conv1/Conv_output_0
[08/20/2026-18:38:08] [V] [TRT] /layer3/layer3.5/conv1/Conv [Conv] outputs: [/layer3/layer3.5/conv1/Conv_output_0 -> (1, 256, 14, 14)[FLOAT]], 
[08/20/2026-18:38:08] [V] [TRT] Static check for parsing node: /layer3/layer3.5/relu/Relu [Relu]
[08/20/2026-18:38:08] [V] [TRT] Parsing node: /layer3/layer3.5/relu/Relu [Relu]
[08/20/2026-18:38:08] [V] [TRT] Searching for input: /layer3/layer3.5/conv1/Conv_output_0
[08/20/2026-18:38:08] [V] [TRT] /layer3/layer3.5/relu/Relu [Relu] inputs: [/layer3/layer3.5/conv1/Conv_output_0 -> (1, 256, 14, 14)[FLOAT]], 
[08/20/2026-18:38:08] [V] [TRT] Registering layer: /layer3/layer3.5/relu/Relu for ONNX node: /layer3/layer3.5/relu/Relu
[08/20/2026-18:38:08] [V] [TRT] Registering tensor: /layer3/layer3.5/relu/Relu_output_0 for ONNX tensor: /layer3/layer3.5/relu/Relu_output_0
[08/20/2026-18:38:08] [V] [TRT] /layer3/layer3.5/relu/Relu [Relu] outputs: [/layer3/layer3.5/relu/Relu_output_0 -> (1, 256, 14, 14)[FLOAT]], 
[08/20/2026-18:38:08] [V] [TRT] Static check for parsing node: /layer3/layer3.5/conv2/Conv [Conv]
[08/20/2026-18:38:08] [V] [TRT] Parsing node: /layer3/layer3.5/conv2/Conv [Conv]
[08/20/2026-18:38:08] [V] [TRT] Searching for input: /layer3/layer3.5/relu/Relu_output_0
[08/20/2026-18:38:08] [V] [TRT] Searching for input: onnx::Conv_620
[08/20/2026-18:38:08] [V] [TRT] Searching for input: onnx::Conv_621
[08/20/2026-18:38:08] [V] [TRT] /layer3/layer3.5/conv2/Conv [Conv] inputs: [/layer3/layer3.5/relu/Relu_output_0 -> (1, 256, 14, 14)[FLOAT]], [onnx::Conv_620 -> (256, 256, 3, 3)[FLOAT]], [onnx::Conv_621 -> (256)[FLOAT]], 
[08/20/2026-18:38:08] [V] [TRT] Convolution input dimensions: (1, 256, 14, 14)
[08/20/2026-18:38:08] [V] [TRT] Registering layer: /layer3/layer3.5/conv2/Conv for ONNX node: /layer3/layer3.5/conv2/Conv
[08/20/2026-18:38:08] [V] [TRT] Using kernel: (3, 3), strides: (1, 1), prepadding: (1, 1), postpadding: (1, 1), dilations: (1, 1), numOutputs: 256, nbGroups: 1
[08/20/2026-18:38:08] [V] [TRT] Convolution output dimensions: (1, 256, 14, 14)
[08/20/2026-18:38:08] [V] [TRT] Registering tensor: /layer3/layer3.5/conv2/Conv_output_0 for ONNX tensor: /layer3/layer3.5/conv2/Conv_output_0
[08/20/2026-18:38:08] [V] [TRT] /layer3/layer3.5/conv2/Conv [Conv] outputs: [/layer3/layer3.5/conv2/Conv_output_0 -> (1, 256, 14, 14)[FLOAT]], 
[08/20/2026-18:38:08] [V] [TRT] Static check for parsing node: /layer3/layer3.5/relu_1/Relu [Relu]
[08/20/2026-18:38:08] [V] [TRT] Parsing node: /layer3/layer3.5/relu_1/Relu [Relu]
[08/20/2026-18:38:08] [V] [TRT] Searching for input: /layer3/layer3.5/conv2/Conv_output_0
[08/20/2026-18:38:08] [V] [TRT] /layer3/layer3.5/relu_1/Relu [Relu] inputs: [/layer3/layer3.5/conv2/Conv_output_0 -> (1, 256, 14, 14)[FLOAT]], 
[08/20/2026-18:38:08] [V] [TRT] Registering layer: /layer3/layer3.5/relu_1/Relu for ONNX node: /layer3/layer3.5/relu_1/Relu
[08/20/2026-18:38:08] [V] [TRT] Registering tensor: /layer3/layer3.5/relu_1/Relu_output_0 for ONNX tensor: /layer3/layer3.5/relu_1/Relu_output_0
[08/20/2026-18:38:08] [V] [TRT] /layer3/layer3.5/relu_1/Relu [Relu] outputs: [/layer3/layer3.5/relu_1/Relu_output_0 -> (1, 256, 14, 14)[FLOAT]], 
[08/20/2026-18:38:08] [V] [TRT] Static check for parsing node: /layer3/layer3.5/conv3/Conv [Conv]
[08/20/2026-18:38:08] [V] [TRT] Parsing node: /layer3/layer3.5/conv3/Conv [Conv]
[08/20/2026-18:38:08] [V] [TRT] Searching for input: /layer3/layer3.5/relu_1/Relu_output_0
[08/20/2026-18:38:08] [V] [TRT] Searching for input: onnx::Conv_623
[08/20/2026-18:38:08] [V] [TRT] Searching for input: onnx::Conv_624
[08/20/2026-18:38:08] [V] [TRT] /layer3/layer3.5/conv3/Conv [Conv] inputs: [/layer3/layer3.5/relu_1/Relu_output_0 -> (1, 256, 14, 14)[FLOAT]], [onnx::Conv_623 -> (1024, 256, 1, 1)[FLOAT]], [onnx::Conv_624 -> (1024)[FLOAT]], 
[08/20/2026-18:38:08] [V] [TRT] Convolution input dimensions: (1, 256, 14, 14)
[08/20/2026-18:38:08] [V] [TRT] Registering layer: /layer3/layer3.5/conv3/Conv for ONNX node: /layer3/layer3.5/conv3/Conv
[08/20/2026-18:38:08] [V] [TRT] Using kernel: (1, 1), strides: (1, 1), prepadding: (0, 0), postpadding: (0, 0), dilations: (1, 1), numOutputs: 1024, nbGroups: 1
[08/20/2026-18:38:08] [V] [TRT] Convolution output dimensions: (1, 1024, 14, 14)
[08/20/2026-18:38:08] [V] [TRT] Registering tensor: /layer3/layer3.5/conv3/Conv_output_0 for ONNX tensor: /layer3/layer3.5/conv3/Conv_output_0
[08/20/2026-18:38:08] [V] [TRT] /layer3/layer3.5/conv3/Conv [Conv] outputs: [/layer3/layer3.5/conv3/Conv_output_0 -> (1, 1024, 14, 14)[FLOAT]], 
[08/20/2026-18:38:08] [V] [TRT] Static check for parsing node: /layer3/layer3.5/Add [Add]
[08/20/2026-18:38:08] [V] [TRT] Parsing node: /layer3/layer3.5/Add [Add]
[08/20/2026-18:38:08] [V] [TRT] Searching for input: /layer3/layer3.5/conv3/Conv_output_0
[08/20/2026-18:38:08] [V] [TRT] Searching for input: /layer3/layer3.4/relu_2/Relu_output_0
[08/20/2026-18:38:08] [V] [TRT] /layer3/layer3.5/Add [Add] inputs: [/layer3/layer3.5/conv3/Conv_output_0 -> (1, 1024, 14, 14)[FLOAT]], [/layer3/layer3.4/relu_2/Relu_output_0 -> (1, 1024, 14, 14)[FLOAT]], 
[08/20/2026-18:38:08] [V] [TRT] Registering layer: /layer3/layer3.5/Add for ONNX node: /layer3/layer3.5/Add
[08/20/2026-18:38:08] [V] [TRT] Registering tensor: /layer3/layer3.5/Add_output_0 for ONNX tensor: /layer3/layer3.5/Add_output_0
[08/20/2026-18:38:08] [V] [TRT] /layer3/layer3.5/Add [Add] outputs: [/layer3/layer3.5/Add_output_0 -> (1, 1024, 14, 14)[FLOAT]], 
[08/20/2026-18:38:08] [V] [TRT] Static check for parsing node: /layer3/layer3.5/relu_2/Relu [Relu]
[08/20/2026-18:38:08] [V] [TRT] Parsing node: /layer3/layer3.5/relu_2/Relu [Relu]
[08/20/2026-18:38:08] [V] [TRT] Searching for input: /layer3/layer3.5/Add_output_0
[08/20/2026-18:38:08] [V] [TRT] /layer3/layer3.5/relu_2/Relu [Relu] inputs: [/layer3/layer3.5/Add_output_0 -> (1, 1024, 14, 14)[FLOAT]], 
[08/20/2026-18:38:08] [V] [TRT] Registering layer: /layer3/layer3.5/relu_2/Relu for ONNX node: /layer3/layer3.5/relu_2/Relu
[08/20/2026-18:38:08] [V] [TRT] Registering tensor: /layer3/layer3.5/relu_2/Relu_output_0 for ONNX tensor: /layer3/layer3.5/relu_2/Relu_output_0
[08/20/2026-18:38:08] [V] [TRT] /layer3/layer3.5/relu_2/Relu [Relu] outputs: [/layer3/layer3.5/relu_2/Relu_output_0 -> (1, 1024, 14, 14)[FLOAT]], 
[08/20/2026-18:38:08] [V] [TRT] Static check for parsing node: /layer4/layer4.0/conv1/Conv [Conv]
[08/20/2026-18:38:08] [V] [TRT] Parsing node: /layer4/layer4.0/conv1/Conv [Conv]
[08/20/2026-18:38:08] [V] [TRT] Searching for input: /layer3/layer3.5/relu_2/Relu_output_0
[08/20/2026-18:38:08] [V] [TRT] Searching for input: onnx::Conv_626
[08/20/2026-18:38:08] [V] [TRT] Searching for input: onnx::Conv_627
[08/20/2026-18:38:08] [V] [TRT] /layer4/layer4.0/conv1/Conv [Conv] inputs: [/layer3/layer3.5/relu_2/Relu_output_0 -> (1, 1024, 14, 14)[FLOAT]], [onnx::Conv_626 -> (512, 1024, 1, 1)[FLOAT]], [onnx::Conv_627 -> (512)[FLOAT]], 
[08/20/2026-18:38:08] [V] [TRT] Convolution input dimensions: (1, 1024, 14, 14)
[08/20/2026-18:38:08] [V] [TRT] Registering layer: /layer4/layer4.0/conv1/Conv for ONNX node: /layer4/layer4.0/conv1/Conv
[08/20/2026-18:38:08] [V] [TRT] Using kernel: (1, 1), strides: (1, 1), prepadding: (0, 0), postpadding: (0, 0), dilations: (1, 1), numOutputs: 512, nbGroups: 1
[08/20/2026-18:38:08] [V] [TRT] Convolution output dimensions: (1, 512, 14, 14)
[08/20/2026-18:38:08] [V] [TRT] Registering tensor: /layer4/layer4.0/conv1/Conv_output_0 for ONNX tensor: /layer4/layer4.0/conv1/Conv_output_0
[08/20/2026-18:38:08] [V] [TRT] /layer4/layer4.0/conv1/Conv [Conv] outputs: [/layer4/layer4.0/conv1/Conv_output_0 -> (1, 512, 14, 14)[FLOAT]], 
[08/20/2026-18:38:08] [V] [TRT] Static check for parsing node: /layer4/layer4.0/relu/Relu [Relu]
[08/20/2026-18:38:08] [V] [TRT] Parsing node: /layer4/layer4.0/relu/Relu [Relu]
[08/20/2026-18:38:08] [V] [TRT] Searching for input: /layer4/layer4.0/conv1/Conv_output_0
[08/20/2026-18:38:08] [V] [TRT] /layer4/layer4.0/relu/Relu [Relu] inputs: [/layer4/layer4.0/conv1/Conv_output_0 -> (1, 512, 14, 14)[FLOAT]], 
[08/20/2026-18:38:08] [V] [TRT] Registering layer: /layer4/layer4.0/relu/Relu for ONNX node: /layer4/layer4.0/relu/Relu
[08/20/2026-18:38:08] [V] [TRT] Registering tensor: /layer4/layer4.0/relu/Relu_output_0 for ONNX tensor: /layer4/layer4.0/relu/Relu_output_0
[08/20/2026-18:38:08] [V] [TRT] /layer4/layer4.0/relu/Relu [Relu] outputs: [/layer4/layer4.0/relu/Relu_output_0 -> (1, 512, 14, 14)[FLOAT]], 
[08/20/2026-18:38:08] [V] [TRT] Static check for parsing node: /layer4/layer4.0/conv2/Conv [Conv]
[08/20/2026-18:38:08] [V] [TRT] Parsing node: /layer4/layer4.0/conv2/Conv [Conv]
[08/20/2026-18:38:08] [V] [TRT] Searching for input: /layer4/layer4.0/relu/Relu_output_0
[08/20/2026-18:38:08] [V] [TRT] Searching for input: onnx::Conv_629
[08/20/2026-18:38:08] [V] [TRT] Searching for input: onnx::Conv_630
[08/20/2026-18:38:08] [V] [TRT] /layer4/layer4.0/conv2/Conv [Conv] inputs: [/layer4/layer4.0/relu/Relu_output_0 -> (1, 512, 14, 14)[FLOAT]], [onnx::Conv_629 -> (512, 512, 3, 3)[FLOAT]], [onnx::Conv_630 -> (512)[FLOAT]], 
[08/20/2026-18:38:08] [V] [TRT] Convolution input dimensions: (1, 512, 14, 14)
[08/20/2026-18:38:08] [V] [TRT] Registering layer: /layer4/layer4.0/conv2/Conv for ONNX node: /layer4/layer4.0/conv2/Conv
[08/20/2026-18:38:08] [V] [TRT] Using kernel: (3, 3), strides: (2, 2), prepadding: (1, 1), postpadding: (1, 1), dilations: (1, 1), numOutputs: 512, nbGroups: 1
[08/20/2026-18:38:08] [V] [TRT] Convolution output dimensions: (1, 512, 7, 7)
[08/20/2026-18:38:08] [V] [TRT] Registering tensor: /layer4/layer4.0/conv2/Conv_output_0 for ONNX tensor: /layer4/layer4.0/conv2/Conv_output_0
[08/20/2026-18:38:08] [V] [TRT] /layer4/layer4.0/conv2/Conv [Conv] outputs: [/layer4/layer4.0/conv2/Conv_output_0 -> (1, 512, 7, 7)[FLOAT]], 
[08/20/2026-18:38:08] [V] [TRT] Static check for parsing node: /layer4/layer4.0/relu_1/Relu [Relu]
[08/20/2026-18:38:08] [V] [TRT] Parsing node: /layer4/layer4.0/relu_1/Relu [Relu]
[08/20/2026-18:38:08] [V] [TRT] Searching for input: /layer4/layer4.0/conv2/Conv_output_0
[08/20/2026-18:38:08] [V] [TRT] /layer4/layer4.0/relu_1/Relu [Relu] inputs: [/layer4/layer4.0/conv2/Conv_output_0 -> (1, 512, 7, 7)[FLOAT]], 
[08/20/2026-18:38:08] [V] [TRT] Registering layer: /layer4/layer4.0/relu_1/Relu for ONNX node: /layer4/layer4.0/relu_1/Relu
[08/20/2026-18:38:08] [V] [TRT] Registering tensor: /layer4/layer4.0/relu_1/Relu_output_0 for ONNX tensor: /layer4/layer4.0/relu_1/Relu_output_0
[08/20/2026-18:38:08] [V] [TRT] /layer4/layer4.0/relu_1/Relu [Relu] outputs: [/layer4/layer4.0/relu_1/Relu_output_0 -> (1, 512, 7, 7)[FLOAT]], 
[08/20/2026-18:38:08] [V] [TRT] Static check for parsing node: /layer4/layer4.0/conv3/Conv [Conv]
[08/20/2026-18:38:08] [V] [TRT] Parsing node: /layer4/layer4.0/conv3/Conv [Conv]
[08/20/2026-18:38:08] [V] [TRT] Searching for input: /layer4/layer4.0/relu_1/Relu_output_0
[08/20/2026-18:38:08] [V] [TRT] Searching for input: onnx::Conv_632
[08/20/2026-18:38:08] [V] [TRT] Searching for input: onnx::Conv_633
[08/20/2026-18:38:08] [V] [TRT] /layer4/layer4.0/conv3/Conv [Conv] inputs: [/layer4/layer4.0/relu_1/Relu_output_0 -> (1, 512, 7, 7)[FLOAT]], [onnx::Conv_632 -> (2048, 512, 1, 1)[FLOAT]], [onnx::Conv_633 -> (2048)[FLOAT]], 
[08/20/2026-18:38:08] [V] [TRT] Convolution input dimensions: (1, 512, 7, 7)
[08/20/2026-18:38:08] [V] [TRT] Registering layer: /layer4/layer4.0/conv3/Conv for ONNX node: /layer4/layer4.0/conv3/Conv
[08/20/2026-18:38:08] [V] [TRT] Using kernel: (1, 1), strides: (1, 1), prepadding: (0, 0), postpadding: (0, 0), dilations: (1, 1), numOutputs: 2048, nbGroups: 1
[08/20/2026-18:38:08] [V] [TRT] Convolution output dimensions: (1, 2048, 7, 7)
[08/20/2026-18:38:08] [V] [TRT] Registering tensor: /layer4/layer4.0/conv3/Conv_output_0 for ONNX tensor: /layer4/layer4.0/conv3/Conv_output_0
[08/20/2026-18:38:08] [V] [TRT] /layer4/layer4.0/conv3/Conv [Conv] outputs: [/layer4/layer4.0/conv3/Conv_output_0 -> (1, 2048, 7, 7)[FLOAT]], 
[08/20/2026-18:38:08] [V] [TRT] Static check for parsing node: /layer4/layer4.0/downsample/downsample.0/Conv [Conv]
[08/20/2026-18:38:08] [V] [TRT] Parsing node: /layer4/layer4.0/downsample/downsample.0/Conv [Conv]
[08/20/2026-18:38:08] [V] [TRT] Searching for input: /layer3/layer3.5/relu_2/Relu_output_0
[08/20/2026-18:38:08] [V] [TRT] Searching for input: onnx::Conv_635
[08/20/2026-18:38:08] [V] [TRT] Searching for input: onnx::Conv_636
[08/20/2026-18:38:08] [V] [TRT] /layer4/layer4.0/downsample/downsample.0/Conv [Conv] inputs: [/layer3/layer3.5/relu_2/Relu_output_0 -> (1, 1024, 14, 14)[FLOAT]], [onnx::Conv_635 -> (2048, 1024, 1, 1)[FLOAT]], [onnx::Conv_636 -> (2048)[FLOAT]], 
[08/20/2026-18:38:08] [V] [TRT] Convolution input dimensions: (1, 1024, 14, 14)
[08/20/2026-18:38:08] [V] [TRT] Registering layer: /layer4/layer4.0/downsample/downsample.0/Conv for ONNX node: /layer4/layer4.0/downsample/downsample.0/Conv
[08/20/2026-18:38:08] [V] [TRT] Using kernel: (1, 1), strides: (2, 2), prepadding: (0, 0), postpadding: (0, 0), dilations: (1, 1), numOutputs: 2048, nbGroups: 1
[08/20/2026-18:38:08] [V] [TRT] Convolution output dimensions: (1, 2048, 7, 7)
[08/20/2026-18:38:08] [V] [TRT] Registering tensor: /layer4/layer4.0/downsample/downsample.0/Conv_output_0 for ONNX tensor: /layer4/layer4.0/downsample/downsample.0/Conv_output_0
[08/20/2026-18:38:08] [V] [TRT] /layer4/layer4.0/downsample/downsample.0/Conv [Conv] outputs: [/layer4/layer4.0/downsample/downsample.0/Conv_output_0 -> (1, 2048, 7, 7)[FLOAT]], 
[08/20/2026-18:38:08] [V] [TRT] Static check for parsing node: /layer4/layer4.0/Add [Add]
[08/20/2026-18:38:08] [V] [TRT] Parsing node: /layer4/layer4.0/Add [Add]
[08/20/2026-18:38:08] [V] [TRT] Searching for input: /layer4/layer4.0/conv3/Conv_output_0
[08/20/2026-18:38:08] [V] [TRT] Searching for input: /layer4/layer4.0/downsample/downsample.0/Conv_output_0
[08/20/2026-18:38:08] [V] [TRT] /layer4/layer4.0/Add [Add] inputs: [/layer4/layer4.0/conv3/Conv_output_0 -> (1, 2048, 7, 7)[FLOAT]], [/layer4/layer4.0/downsample/downsample.0/Conv_output_0 -> (1, 2048, 7, 7)[FLOAT]], 
[08/20/2026-18:38:08] [V] [TRT] Registering layer: /layer4/layer4.0/Add for ONNX node: /layer4/layer4.0/Add
[08/20/2026-18:38:08] [V] [TRT] Registering tensor: /layer4/layer4.0/Add_output_0 for ONNX tensor: /layer4/layer4.0/Add_output_0
[08/20/2026-18:38:08] [V] [TRT] /layer4/layer4.0/Add [Add] outputs: [/layer4/layer4.0/Add_output_0 -> (1, 2048, 7, 7)[FLOAT]], 
[08/20/2026-18:38:08] [V] [TRT] Static check for parsing node: /layer4/layer4.0/relu_2/Relu [Relu]
[08/20/2026-18:38:08] [V] [TRT] Parsing node: /layer4/layer4.0/relu_2/Relu [Relu]
[08/20/2026-18:38:08] [V] [TRT] Searching for input: /layer4/layer4.0/Add_output_0
[08/20/2026-18:38:08] [V] [TRT] /layer4/layer4.0/relu_2/Relu [Relu] inputs: [/layer4/layer4.0/Add_output_0 -> (1, 2048, 7, 7)[FLOAT]], 
[08/20/2026-18:38:08] [V] [TRT] Registering layer: /layer4/layer4.0/relu_2/Relu for ONNX node: /layer4/layer4.0/relu_2/Relu
[08/20/2026-18:38:08] [V] [TRT] Registering tensor: /layer4/layer4.0/relu_2/Relu_output_0 for ONNX tensor: /layer4/layer4.0/relu_2/Relu_output_0
[08/20/2026-18:38:08] [V] [TRT] /layer4/layer4.0/relu_2/Relu [Relu] outputs: [/layer4/layer4.0/relu_2/Relu_output_0 -> (1, 2048, 7, 7)[FLOAT]], 
[08/20/2026-18:38:08] [V] [TRT] Static check for parsing node: /layer4/layer4.1/conv1/Conv [Conv]
[08/20/2026-18:38:08] [V] [TRT] Parsing node: /layer4/layer4.1/conv1/Conv [Conv]
[08/20/2026-18:38:08] [V] [TRT] Searching for input: /layer4/layer4.0/relu_2/Relu_output_0
[08/20/2026-18:38:08] [V] [TRT] Searching for input: onnx::Conv_638
[08/20/2026-18:38:08] [V] [TRT] Searching for input: onnx::Conv_639
[08/20/2026-18:38:08] [V] [TRT] /layer4/layer4.1/conv1/Conv [Conv] inputs: [/layer4/layer4.0/relu_2/Relu_output_0 -> (1, 2048, 7, 7)[FLOAT]], [onnx::Conv_638 -> (512, 2048, 1, 1)[FLOAT]], [onnx::Conv_639 -> (512)[FLOAT]], 
[08/20/2026-18:38:08] [V] [TRT] Convolution input dimensions: (1, 2048, 7, 7)
[08/20/2026-18:38:08] [V] [TRT] Registering layer: /layer4/layer4.1/conv1/Conv for ONNX node: /layer4/layer4.1/conv1/Conv
[08/20/2026-18:38:08] [V] [TRT] Using kernel: (1, 1), strides: (1, 1), prepadding: (0, 0), postpadding: (0, 0), dilations: (1, 1), numOutputs: 512, nbGroups: 1
[08/20/2026-18:38:08] [V] [TRT] Convolution output dimensions: (1, 512, 7, 7)
[08/20/2026-18:38:08] [V] [TRT] Registering tensor: /layer4/layer4.1/conv1/Conv_output_0 for ONNX tensor: /layer4/layer4.1/conv1/Conv_output_0
[08/20/2026-18:38:08] [V] [TRT] /layer4/layer4.1/conv1/Conv [Conv] outputs: [/layer4/layer4.1/conv1/Conv_output_0 -> (1, 512, 7, 7)[FLOAT]], 
[08/20/2026-18:38:08] [V] [TRT] Static check for parsing node: /layer4/layer4.1/relu/Relu [Relu]
[08/20/2026-18:38:08] [V] [TRT] Parsing node: /layer4/layer4.1/relu/Relu [Relu]
[08/20/2026-18:38:08] [V] [TRT] Searching for input: /layer4/layer4.1/conv1/Conv_output_0
[08/20/2026-18:38:08] [V] [TRT] /layer4/layer4.1/relu/Relu [Relu] inputs: [/layer4/layer4.1/conv1/Conv_output_0 -> (1, 512, 7, 7)[FLOAT]], 
[08/20/2026-18:38:08] [V] [TRT] Registering layer: /layer4/layer4.1/relu/Relu for ONNX node: /layer4/layer4.1/relu/Relu
[08/20/2026-18:38:08] [V] [TRT] Registering tensor: /layer4/layer4.1/relu/Relu_output_0 for ONNX tensor: /layer4/layer4.1/relu/Relu_output_0
[08/20/2026-18:38:08] [V] [TRT] /layer4/layer4.1/relu/Relu [Relu] outputs: [/layer4/layer4.1/relu/Relu_output_0 -> (1, 512, 7, 7)[FLOAT]], 
[08/20/2026-18:38:08] [V] [TRT] Static check for parsing node: /layer4/layer4.1/conv2/Conv [Conv]
[08/20/2026-18:38:08] [V] [TRT] Parsing node: /layer4/layer4.1/conv2/Conv [Conv]
[08/20/2026-18:38:08] [V] [TRT] Searching for input: /layer4/layer4.1/relu/Relu_output_0
[08/20/2026-18:38:08] [V] [TRT] Searching for input: onnx::Conv_641
[08/20/2026-18:38:08] [V] [TRT] Searching for input: onnx::Conv_642
[08/20/2026-18:38:08] [V] [TRT] /layer4/layer4.1/conv2/Conv [Conv] inputs: [/layer4/layer4.1/relu/Relu_output_0 -> (1, 512, 7, 7)[FLOAT]], [onnx::Conv_641 -> (512, 512, 3, 3)[FLOAT]], [onnx::Conv_642 -> (512)[FLOAT]], 
[08/20/2026-18:38:08] [V] [TRT] Convolution input dimensions: (1, 512, 7, 7)
[08/20/2026-18:38:08] [V] [TRT] Registering layer: /layer4/layer4.1/conv2/Conv for ONNX node: /layer4/layer4.1/conv2/Conv
[08/20/2026-18:38:08] [V] [TRT] Using kernel: (3, 3), strides: (1, 1), prepadding: (1, 1), postpadding: (1, 1), dilations: (1, 1), numOutputs: 512, nbGroups: 1
[08/20/2026-18:38:08] [V] [TRT] Convolution output dimensions: (1, 512, 7, 7)
[08/20/2026-18:38:08] [V] [TRT] Registering tensor: /layer4/layer4.1/conv2/Conv_output_0 for ONNX tensor: /layer4/layer4.1/conv2/Conv_output_0
[08/20/2026-18:38:08] [V] [TRT] /layer4/layer4.1/conv2/Conv [Conv] outputs: [/layer4/layer4.1/conv2/Conv_output_0 -> (1, 512, 7, 7)[FLOAT]], 
[08/20/2026-18:38:08] [V] [TRT] Static check for parsing node: /layer4/layer4.1/relu_1/Relu [Relu]
[08/20/2026-18:38:08] [V] [TRT] Parsing node: /layer4/layer4.1/relu_1/Relu [Relu]
[08/20/2026-18:38:08] [V] [TRT] Searching for input: /layer4/layer4.1/conv2/Conv_output_0
[08/20/2026-18:38:08] [V] [TRT] /layer4/layer4.1/relu_1/Relu [Relu] inputs: [/layer4/layer4.1/conv2/Conv_output_0 -> (1, 512, 7, 7)[FLOAT]], 
[08/20/2026-18:38:08] [V] [TRT] Registering layer: /layer4/layer4.1/relu_1/Relu for ONNX node: /layer4/layer4.1/relu_1/Relu
[08/20/2026-18:38:08] [V] [TRT] Registering tensor: /layer4/layer4.1/relu_1/Relu_output_0 for ONNX tensor: /layer4/layer4.1/relu_1/Relu_output_0
[08/20/2026-18:38:08] [V] [TRT] /layer4/layer4.1/relu_1/Relu [Relu] outputs: [/layer4/layer4.1/relu_1/Relu_output_0 -> (1, 512, 7, 7)[FLOAT]], 
[08/20/2026-18:38:08] [V] [TRT] Static check for parsing node: /layer4/layer4.1/conv3/Conv [Conv]
[08/20/2026-18:38:08] [V] [TRT] Parsing node: /layer4/layer4.1/conv3/Conv [Conv]
[08/20/2026-18:38:08] [V] [TRT] Searching for input: /layer4/layer4.1/relu_1/Relu_output_0
[08/20/2026-18:38:08] [V] [TRT] Searching for input: onnx::Conv_644
[08/20/2026-18:38:08] [V] [TRT] Searching for input: onnx::Conv_645
[08/20/2026-18:38:08] [V] [TRT] /layer4/layer4.1/conv3/Conv [Conv] inputs: [/layer4/layer4.1/relu_1/Relu_output_0 -> (1, 512, 7, 7)[FLOAT]], [onnx::Conv_644 -> (2048, 512, 1, 1)[FLOAT]], [onnx::Conv_645 -> (2048)[FLOAT]], 
[08/20/2026-18:38:08] [V] [TRT] Convolution input dimensions: (1, 512, 7, 7)
[08/20/2026-18:38:08] [V] [TRT] Registering layer: /layer4/layer4.1/conv3/Conv for ONNX node: /layer4/layer4.1/conv3/Conv
[08/20/2026-18:38:08] [V] [TRT] Using kernel: (1, 1), strides: (1, 1), prepadding: (0, 0), postpadding: (0, 0), dilations: (1, 1), numOutputs: 2048, nbGroups: 1
[08/20/2026-18:38:08] [V] [TRT] Convolution output dimensions: (1, 2048, 7, 7)
[08/20/2026-18:38:08] [V] [TRT] Registering tensor: /layer4/layer4.1/conv3/Conv_output_0 for ONNX tensor: /layer4/layer4.1/conv3/Conv_output_0
[08/20/2026-18:38:08] [V] [TRT] /layer4/layer4.1/conv3/Conv [Conv] outputs: [/layer4/layer4.1/conv3/Conv_output_0 -> (1, 2048, 7, 7)[FLOAT]], 
[08/20/2026-18:38:08] [V] [TRT] Static check for parsing node: /layer4/layer4.1/Add [Add]
[08/20/2026-18:38:08] [V] [TRT] Parsing node: /layer4/layer4.1/Add [Add]
[08/20/2026-18:38:08] [V] [TRT] Searching for input: /layer4/layer4.1/conv3/Conv_output_0
[08/20/2026-18:38:08] [V] [TRT] Searching for input: /layer4/layer4.0/relu_2/Relu_output_0
[08/20/2026-18:38:08] [V] [TRT] /layer4/layer4.1/Add [Add] inputs: [/layer4/layer4.1/conv3/Conv_output_0 -> (1, 2048, 7, 7)[FLOAT]], [/layer4/layer4.0/relu_2/Relu_output_0 -> (1, 2048, 7, 7)[FLOAT]], 
[08/20/2026-18:38:08] [V] [TRT] Registering layer: /layer4/layer4.1/Add for ONNX node: /layer4/layer4.1/Add
[08/20/2026-18:38:08] [V] [TRT] Registering tensor: /layer4/layer4.1/Add_output_0 for ONNX tensor: /layer4/layer4.1/Add_output_0
[08/20/2026-18:38:08] [V] [TRT] /layer4/layer4.1/Add [Add] outputs: [/layer4/layer4.1/Add_output_0 -> (1, 2048, 7, 7)[FLOAT]], 
[08/20/2026-18:38:08] [V] [TRT] Static check for parsing node: /layer4/layer4.1/relu_2/Relu [Relu]
[08/20/2026-18:38:08] [V] [TRT] Parsing node: /layer4/layer4.1/relu_2/Relu [Relu]
[08/20/2026-18:38:08] [V] [TRT] Searching for input: /layer4/layer4.1/Add_output_0
[08/20/2026-18:38:08] [V] [TRT] /layer4/layer4.1/relu_2/Relu [Relu] inputs: [/layer4/layer4.1/Add_output_0 -> (1, 2048, 7, 7)[FLOAT]], 
[08/20/2026-18:38:08] [V] [TRT] Registering layer: /layer4/layer4.1/relu_2/Relu for ONNX node: /layer4/layer4.1/relu_2/Relu
[08/20/2026-18:38:08] [V] [TRT] Registering tensor: /layer4/layer4.1/relu_2/Relu_output_0 for ONNX tensor: /layer4/layer4.1/relu_2/Relu_output_0
[08/20/2026-18:38:08] [V] [TRT] /layer4/layer4.1/relu_2/Relu [Relu] outputs: [/layer4/layer4.1/relu_2/Relu_output_0 -> (1, 2048, 7, 7)[FLOAT]], 
[08/20/2026-18:38:08] [V] [TRT] Static check for parsing node: /layer4/layer4.2/conv1/Conv [Conv]
[08/20/2026-18:38:08] [V] [TRT] Parsing node: /layer4/layer4.2/conv1/Conv [Conv]
[08/20/2026-18:38:08] [V] [TRT] Searching for input: /layer4/layer4.1/relu_2/Relu_output_0
[08/20/2026-18:38:08] [V] [TRT] Searching for input: onnx::Conv_647
[08/20/2026-18:38:08] [V] [TRT] Searching for input: onnx::Conv_648
[08/20/2026-18:38:08] [V] [TRT] /layer4/layer4.2/conv1/Conv [Conv] inputs: [/layer4/layer4.1/relu_2/Relu_output_0 -> (1, 2048, 7, 7)[FLOAT]], [onnx::Conv_647 -> (512, 2048, 1, 1)[FLOAT]], [onnx::Conv_648 -> (512)[FLOAT]], 
[08/20/2026-18:38:08] [V] [TRT] Convolution input dimensions: (1, 2048, 7, 7)
[08/20/2026-18:38:08] [V] [TRT] Registering layer: /layer4/layer4.2/conv1/Conv for ONNX node: /layer4/layer4.2/conv1/Conv
[08/20/2026-18:38:08] [V] [TRT] Using kernel: (1, 1), strides: (1, 1), prepadding: (0, 0), postpadding: (0, 0), dilations: (1, 1), numOutputs: 512, nbGroups: 1
[08/20/2026-18:38:08] [V] [TRT] Convolution output dimensions: (1, 512, 7, 7)
[08/20/2026-18:38:08] [V] [TRT] Registering tensor: /layer4/layer4.2/conv1/Conv_output_0 for ONNX tensor: /layer4/layer4.2/conv1/Conv_output_0
[08/20/2026-18:38:08] [V] [TRT] /layer4/layer4.2/conv1/Conv [Conv] outputs: [/layer4/layer4.2/conv1/Conv_output_0 -> (1, 512, 7, 7)[FLOAT]], 
[08/20/2026-18:38:08] [V] [TRT] Static check for parsing node: /layer4/layer4.2/relu/Relu [Relu]
[08/20/2026-18:38:08] [V] [TRT] Parsing node: /layer4/layer4.2/relu/Relu [Relu]
[08/20/2026-18:38:08] [V] [TRT] Searching for input: /layer4/layer4.2/conv1/Conv_output_0
[08/20/2026-18:38:08] [V] [TRT] /layer4/layer4.2/relu/Relu [Relu] inputs: [/layer4/layer4.2/conv1/Conv_output_0 -> (1, 512, 7, 7)[FLOAT]], 
[08/20/2026-18:38:08] [V] [TRT] Registering layer: /layer4/layer4.2/relu/Relu for ONNX node: /layer4/layer4.2/relu/Relu
[08/20/2026-18:38:08] [V] [TRT] Registering tensor: /layer4/layer4.2/relu/Relu_output_0 for ONNX tensor: /layer4/layer4.2/relu/Relu_output_0
[08/20/2026-18:38:08] [V] [TRT] /layer4/layer4.2/relu/Relu [Relu] outputs: [/layer4/layer4.2/relu/Relu_output_0 -> (1, 512, 7, 7)[FLOAT]], 
[08/20/2026-18:38:08] [V] [TRT] Static check for parsing node: /layer4/layer4.2/conv2/Conv [Conv]
[08/20/2026-18:38:08] [V] [TRT] Parsing node: /layer4/layer4.2/conv2/Conv [Conv]
[08/20/2026-18:38:08] [V] [TRT] Searching for input: /layer4/layer4.2/relu/Relu_output_0
[08/20/2026-18:38:08] [V] [TRT] Searching for input: onnx::Conv_650
[08/20/2026-18:38:08] [V] [TRT] Searching for input: onnx::Conv_651
[08/20/2026-18:38:08] [V] [TRT] /layer4/layer4.2/conv2/Conv [Conv] inputs: [/layer4/layer4.2/relu/Relu_output_0 -> (1, 512, 7, 7)[FLOAT]], [onnx::Conv_650 -> (512, 512, 3, 3)[FLOAT]], [onnx::Conv_651 -> (512)[FLOAT]], 
[08/20/2026-18:38:08] [V] [TRT] Convolution input dimensions: (1, 512, 7, 7)
[08/20/2026-18:38:08] [V] [TRT] Registering layer: /layer4/layer4.2/conv2/Conv for ONNX node: /layer4/layer4.2/conv2/Conv
[08/20/2026-18:38:08] [V] [TRT] Using kernel: (3, 3), strides: (1, 1), prepadding: (1, 1), postpadding: (1, 1), dilations: (1, 1), numOutputs: 512, nbGroups: 1
[08/20/2026-18:38:08] [V] [TRT] Convolution output dimensions: (1, 512, 7, 7)
[08/20/2026-18:38:08] [V] [TRT] Registering tensor: /layer4/layer4.2/conv2/Conv_output_0 for ONNX tensor: /layer4/layer4.2/conv2/Conv_output_0
[08/20/2026-18:38:08] [V] [TRT] /layer4/layer4.2/conv2/Conv [Conv] outputs: [/layer4/layer4.2/conv2/Conv_output_0 -> (1, 512, 7, 7)[FLOAT]], 
[08/20/2026-18:38:08] [V] [TRT] Static check for parsing node: /layer4/layer4.2/relu_1/Relu [Relu]
[08/20/2026-18:38:08] [V] [TRT] Parsing node: /layer4/layer4.2/relu_1/Relu [Relu]
[08/20/2026-18:38:08] [V] [TRT] Searching for input: /layer4/layer4.2/conv2/Conv_output_0
[08/20/2026-18:38:08] [V] [TRT] /layer4/layer4.2/relu_1/Relu [Relu] inputs: [/layer4/layer4.2/conv2/Conv_output_0 -> (1, 512, 7, 7)[FLOAT]], 
[08/20/2026-18:38:08] [V] [TRT] Registering layer: /layer4/layer4.2/relu_1/Relu for ONNX node: /layer4/layer4.2/relu_1/Relu
[08/20/2026-18:38:08] [V] [TRT] Registering tensor: /layer4/layer4.2/relu_1/Relu_output_0 for ONNX tensor: /layer4/layer4.2/relu_1/Relu_output_0
[08/20/2026-18:38:08] [V] [TRT] /layer4/layer4.2/relu_1/Relu [Relu] outputs: [/layer4/layer4.2/relu_1/Relu_output_0 -> (1, 512, 7, 7)[FLOAT]], 
[08/20/2026-18:38:08] [V] [TRT] Static check for parsing node: /layer4/layer4.2/conv3/Conv [Conv]
[08/20/2026-18:38:08] [V] [TRT] Parsing node: /layer4/layer4.2/conv3/Conv [Conv]
[08/20/2026-18:38:08] [V] [TRT] Searching for input: /layer4/layer4.2/relu_1/Relu_output_0
[08/20/2026-18:38:08] [V] [TRT] Searching for input: onnx::Conv_653
[08/20/2026-18:38:08] [V] [TRT] Searching for input: onnx::Conv_654
[08/20/2026-18:38:08] [V] [TRT] /layer4/layer4.2/conv3/Conv [Conv] inputs: [/layer4/layer4.2/relu_1/Relu_output_0 -> (1, 512, 7, 7)[FLOAT]], [onnx::Conv_653 -> (2048, 512, 1, 1)[FLOAT]], [onnx::Conv_654 -> (2048)[FLOAT]], 
[08/20/2026-18:38:08] [V] [TRT] Convolution input dimensions: (1, 512, 7, 7)
[08/20/2026-18:38:08] [V] [TRT] Registering layer: /layer4/layer4.2/conv3/Conv for ONNX node: /layer4/layer4.2/conv3/Conv
[08/20/2026-18:38:08] [V] [TRT] Using kernel: (1, 1), strides: (1, 1), prepadding: (0, 0), postpadding: (0, 0), dilations: (1, 1), numOutputs: 2048, nbGroups: 1
[08/20/2026-18:38:08] [V] [TRT] Convolution output dimensions: (1, 2048, 7, 7)
[08/20/2026-18:38:08] [V] [TRT] Registering tensor: /layer4/layer4.2/conv3/Conv_output_0 for ONNX tensor: /layer4/layer4.2/conv3/Conv_output_0
[08/20/2026-18:38:08] [V] [TRT] /layer4/layer4.2/conv3/Conv [Conv] outputs: [/layer4/layer4.2/conv3/Conv_output_0 -> (1, 2048, 7, 7)[FLOAT]], 
[08/20/2026-18:38:08] [V] [TRT] Static check for parsing node: /layer4/layer4.2/Add [Add]
[08/20/2026-18:38:08] [V] [TRT] Parsing node: /layer4/layer4.2/Add [Add]
[08/20/2026-18:38:08] [V] [TRT] Searching for input: /layer4/layer4.2/conv3/Conv_output_0
[08/20/2026-18:38:08] [V] [TRT] Searching for input: /layer4/layer4.1/relu_2/Relu_output_0
[08/20/2026-18:38:08] [V] [TRT] /layer4/layer4.2/Add [Add] inputs: [/layer4/layer4.2/conv3/Conv_output_0 -> (1, 2048, 7, 7)[FLOAT]], [/layer4/layer4.1/relu_2/Relu_output_0 -> (1, 2048, 7, 7)[FLOAT]], 
[08/20/2026-18:38:08] [V] [TRT] Registering layer: /layer4/layer4.2/Add for ONNX node: /layer4/layer4.2/Add
[08/20/2026-18:38:08] [V] [TRT] Registering tensor: /layer4/layer4.2/Add_output_0 for ONNX tensor: /layer4/layer4.2/Add_output_0
[08/20/2026-18:38:08] [V] [TRT] /layer4/layer4.2/Add [Add] outputs: [/layer4/layer4.2/Add_output_0 -> (1, 2048, 7, 7)[FLOAT]], 
[08/20/2026-18:38:08] [V] [TRT] Static check for parsing node: /layer4/layer4.2/relu_2/Relu [Relu]
[08/20/2026-18:38:08] [V] [TRT] Parsing node: /layer4/layer4.2/relu_2/Relu [Relu]
[08/20/2026-18:38:08] [V] [TRT] Searching for input: /layer4/layer4.2/Add_output_0
[08/20/2026-18:38:08] [V] [TRT] /layer4/layer4.2/relu_2/Relu [Relu] inputs: [/layer4/layer4.2/Add_output_0 -> (1, 2048, 7, 7)[FLOAT]], 
[08/20/2026-18:38:08] [V] [TRT] Registering layer: /layer4/layer4.2/relu_2/Relu for ONNX node: /layer4/layer4.2/relu_2/Relu
[08/20/2026-18:38:08] [V] [TRT] Registering tensor: /layer4/layer4.2/relu_2/Relu_output_0 for ONNX tensor: /layer4/layer4.2/relu_2/Relu_output_0
[08/20/2026-18:38:08] [V] [TRT] /layer4/layer4.2/relu_2/Relu [Relu] outputs: [/layer4/layer4.2/relu_2/Relu_output_0 -> (1, 2048, 7, 7)[FLOAT]], 
[08/20/2026-18:38:08] [V] [TRT] Static check for parsing node: /avgpool/GlobalAveragePool [GlobalAveragePool]
[08/20/2026-18:38:08] [V] [TRT] Parsing node: /avgpool/GlobalAveragePool [GlobalAveragePool]
[08/20/2026-18:38:08] [V] [TRT] Searching for input: /layer4/layer4.2/relu_2/Relu_output_0
[08/20/2026-18:38:08] [V] [TRT] /avgpool/GlobalAveragePool [GlobalAveragePool] inputs: [/layer4/layer4.2/relu_2/Relu_output_0 -> (1, 2048, 7, 7)[FLOAT]], 
[08/20/2026-18:38:08] [V] [TRT] GlobalAveragePool operators are implemented via Reduce layers rather than Pooling layers
[08/20/2026-18:38:08] [V] [TRT] Registering layer: /avgpool/GlobalAveragePool for ONNX node: /avgpool/GlobalAveragePool
[08/20/2026-18:38:08] [V] [TRT] Registering tensor: /avgpool/GlobalAveragePool_output_0 for ONNX tensor: /avgpool/GlobalAveragePool_output_0
[08/20/2026-18:38:08] [V] [TRT] /avgpool/GlobalAveragePool [GlobalAveragePool] outputs: [/avgpool/GlobalAveragePool_output_0 -> (1, 2048, 1, 1)[FLOAT]], 
[08/20/2026-18:38:08] [V] [TRT] Static check for parsing node: /Flatten [Flatten]
[08/20/2026-18:38:08] [V] [TRT] Parsing node: /Flatten [Flatten]
[08/20/2026-18:38:08] [V] [TRT] Searching for input: /avgpool/GlobalAveragePool_output_0
[08/20/2026-18:38:08] [V] [TRT] /Flatten [Flatten] inputs: [/avgpool/GlobalAveragePool_output_0 -> (1, 2048, 1, 1)[FLOAT]], 
[08/20/2026-18:38:08] [V] [TRT] Registering layer: ONNXTRT_ShapeShuffle required by ONNX-TRT
[08/20/2026-18:38:08] [V] [TRT] Registering layer: /Flatten for ONNX node: /Flatten
[08/20/2026-18:38:08] [V] [TRT] Registering tensor: /Flatten_output_0 for ONNX tensor: /Flatten_output_0
[08/20/2026-18:38:08] [V] [TRT] /Flatten [Flatten] outputs: [/Flatten_output_0 -> (1, 2048)[FLOAT]], 
[08/20/2026-18:38:08] [V] [TRT] Static check for parsing node: /fc/Gemm [Gemm]
[08/20/2026-18:38:08] [V] [TRT] Parsing node: /fc/Gemm [Gemm]
[08/20/2026-18:38:08] [V] [TRT] Searching for input: /Flatten_output_0
[08/20/2026-18:38:08] [V] [TRT] Searching for input: fc.weight
[08/20/2026-18:38:08] [V] [TRT] Searching for input: fc.bias
[08/20/2026-18:38:08] [V] [TRT] /fc/Gemm [Gemm] inputs: [/Flatten_output_0 -> (1, 2048)[FLOAT]], [fc.weight -> (1000, 2048)[FLOAT]], [fc.bias -> (1000)[FLOAT]], 
[08/20/2026-18:38:08] [V] [TRT] Registering layer: fc.weight required by ONNX-TRT
[08/20/2026-18:38:08] [V] [TRT] Using opA: 0 opB: 1
[08/20/2026-18:38:08] [V] [TRT] Registering layer: /fc/Gemm for ONNX node: /fc/Gemm
[08/20/2026-18:38:08] [V] [TRT] Registering layer: fc.bias required by ONNX-TRT
[08/20/2026-18:38:08] [V] [TRT] Registering layer: ONNXTRT_ShapeShuffle_0 required by ONNX-TRT
[08/20/2026-18:38:08] [V] [TRT] Registering layer: ONNXTRT_Broadcast required by ONNX-TRT
[08/20/2026-18:38:08] [V] [TRT] Registering tensor: logits_1 for ONNX tensor: logits
[08/20/2026-18:38:08] [V] [TRT] /fc/Gemm [Gemm] outputs: [logits -> (1, 1000)[FLOAT]], 
[08/20/2026-18:38:08] [V] [TRT] Marking logits_1 as output: logits
[08/20/2026-18:38:08] [I] Finished parsing network model. Parse time: 0.0822552
[08/20/2026-18:38:08] [V] [TRT] Setting dynamic range for input to [-2,2]
[08/20/2026-18:38:08] [V] [TRT] Setting dynamic range for /conv1/Conv_output_0 to [-4,4]
[08/20/2026-18:38:08] [V] [TRT] Setting dynamic range for /relu/Relu_output_0 to [-4,4]
[08/20/2026-18:38:08] [V] [TRT] Setting dynamic range for /maxpool/MaxPool_output_0 to [-2,2]
[08/20/2026-18:38:08] [V] [TRT] Setting dynamic range for /layer1/layer1.0/conv1/Conv_output_0 to [-4,4]
[08/20/2026-18:38:08] [V] [TRT] Setting dynamic range for /layer1/layer1.0/relu/Relu_output_0 to [-4,4]
[08/20/2026-18:38:08] [V] [TRT] Setting dynamic range for /layer1/layer1.0/conv2/Conv_output_0 to [-4,4]
[08/20/2026-18:38:08] [V] [TRT] Setting dynamic range for /layer1/layer1.0/relu_1/Relu_output_0 to [-4,4]
[08/20/2026-18:38:08] [V] [TRT] Setting dynamic range for /layer1/layer1.0/conv3/Conv_output_0 to [-4,4]
[08/20/2026-18:38:08] [V] [TRT] Setting dynamic range for /layer1/layer1.0/downsample/downsample.0/Conv_output_0 to [-4,4]
[08/20/2026-18:38:08] [V] [TRT] Setting dynamic range for /layer1/layer1.0/Add_output_0 to [-4,4]
[08/20/2026-18:38:08] [V] [TRT] Setting dynamic range for /layer1/layer1.0/relu_2/Relu_output_0 to [-4,4]
[08/20/2026-18:38:08] [V] [TRT] Setting dynamic range for /layer1/layer1.1/conv1/Conv_output_0 to [-4,4]
[08/20/2026-18:38:08] [V] [TRT] Setting dynamic range for /layer1/layer1.1/relu/Relu_output_0 to [-4,4]
[08/20/2026-18:38:08] [V] [TRT] Setting dynamic range for /layer1/layer1.1/conv2/Conv_output_0 to [-4,4]
[08/20/2026-18:38:08] [V] [TRT] Setting dynamic range for /layer1/layer1.1/relu_1/Relu_output_0 to [-4,4]
[08/20/2026-18:38:08] [V] [TRT] Setting dynamic range for /layer1/layer1.1/conv3/Conv_output_0 to [-4,4]
[08/20/2026-18:38:08] [V] [TRT] Setting dynamic range for /layer1/layer1.1/Add_output_0 to [-4,4]
[08/20/2026-18:38:08] [V] [TRT] Setting dynamic range for /layer1/layer1.1/relu_2/Relu_output_0 to [-4,4]
[08/20/2026-18:38:08] [V] [TRT] Setting dynamic range for /layer1/layer1.2/conv1/Conv_output_0 to [-4,4]
[08/20/2026-18:38:08] [V] [TRT] Setting dynamic range for /layer1/layer1.2/relu/Relu_output_0 to [-4,4]
[08/20/2026-18:38:08] [V] [TRT] Setting dynamic range for /layer1/layer1.2/conv2/Conv_output_0 to [-4,4]
[08/20/2026-18:38:08] [V] [TRT] Setting dynamic range for /layer1/layer1.2/relu_1/Relu_output_0 to [-4,4]
[08/20/2026-18:38:08] [V] [TRT] Setting dynamic range for /layer1/layer1.2/conv3/Conv_output_0 to [-4,4]
[08/20/2026-18:38:08] [V] [TRT] Setting dynamic range for /layer1/layer1.2/Add_output_0 to [-4,4]
[08/20/2026-18:38:08] [V] [TRT] Setting dynamic range for /layer1/layer1.2/relu_2/Relu_output_0 to [-4,4]
[08/20/2026-18:38:08] [V] [TRT] Setting dynamic range for /layer2/layer2.0/conv1/Conv_output_0 to [-4,4]
[08/20/2026-18:38:08] [V] [TRT] Setting dynamic range for /layer2/layer2.0/relu/Relu_output_0 to [-4,4]
[08/20/2026-18:38:08] [V] [TRT] Setting dynamic range for /layer2/layer2.0/conv2/Conv_output_0 to [-4,4]
[08/20/2026-18:38:08] [V] [TRT] Setting dynamic range for /layer2/layer2.0/relu_1/Relu_output_0 to [-4,4]
[08/20/2026-18:38:08] [V] [TRT] Setting dynamic range for /layer2/layer2.0/conv3/Conv_output_0 to [-4,4]
[08/20/2026-18:38:08] [V] [TRT] Setting dynamic range for /layer2/layer2.0/downsample/downsample.0/Conv_output_0 to [-4,4]
[08/20/2026-18:38:08] [V] [TRT] Setting dynamic range for /layer2/layer2.0/Add_output_0 to [-4,4]
[08/20/2026-18:38:08] [V] [TRT] Setting dynamic range for /layer2/layer2.0/relu_2/Relu_output_0 to [-4,4]
[08/20/2026-18:38:08] [V] [TRT] Setting dynamic range for /layer2/layer2.1/conv1/Conv_output_0 to [-4,4]
[08/20/2026-18:38:08] [V] [TRT] Setting dynamic range for /layer2/layer2.1/relu/Relu_output_0 to [-4,4]
[08/20/2026-18:38:08] [V] [TRT] Setting dynamic range for /layer2/layer2.1/conv2/Conv_output_0 to [-4,4]
[08/20/2026-18:38:08] [V] [TRT] Setting dynamic range for /layer2/layer2.1/relu_1/Relu_output_0 to [-4,4]
[08/20/2026-18:38:08] [V] [TRT] Setting dynamic range for /layer2/layer2.1/conv3/Conv_output_0 to [-4,4]
[08/20/2026-18:38:08] [V] [TRT] Setting dynamic range for /layer2/layer2.1/Add_output_0 to [-4,4]
[08/20/2026-18:38:08] [V] [TRT] Setting dynamic range for /layer2/layer2.1/relu_2/Relu_output_0 to [-4,4]
[08/20/2026-18:38:08] [V] [TRT] Setting dynamic range for /layer2/layer2.2/conv1/Conv_output_0 to [-4,4]
[08/20/2026-18:38:08] [V] [TRT] Setting dynamic range for /layer2/layer2.2/relu/Relu_output_0 to [-4,4]
[08/20/2026-18:38:08] [V] [TRT] Setting dynamic range for /layer2/layer2.2/conv2/Conv_output_0 to [-4,4]
[08/20/2026-18:38:08] [V] [TRT] Setting dynamic range for /layer2/layer2.2/relu_1/Relu_output_0 to [-4,4]
[08/20/2026-18:38:08] [V] [TRT] Setting dynamic range for /layer2/layer2.2/conv3/Conv_output_0 to [-4,4]
[08/20/2026-18:38:08] [V] [TRT] Setting dynamic range for /layer2/layer2.2/Add_output_0 to [-4,4]
[08/20/2026-18:38:08] [V] [TRT] Setting dynamic range for /layer2/layer2.2/relu_2/Relu_output_0 to [-4,4]
[08/20/2026-18:38:08] [V] [TRT] Setting dynamic range for /layer2/layer2.3/conv1/Conv_output_0 to [-4,4]
[08/20/2026-18:38:08] [V] [TRT] Setting dynamic range for /layer2/layer2.3/relu/Relu_output_0 to [-4,4]
[08/20/2026-18:38:08] [V] [TRT] Setting dynamic range for /layer2/layer2.3/conv2/Conv_output_0 to [-4,4]
[08/20/2026-18:38:08] [V] [TRT] Setting dynamic range for /layer2/layer2.3/relu_1/Relu_output_0 to [-4,4]
[08/20/2026-18:38:08] [V] [TRT] Setting dynamic range for /layer2/layer2.3/conv3/Conv_output_0 to [-4,4]
[08/20/2026-18:38:08] [V] [TRT] Setting dynamic range for /layer2/layer2.3/Add_output_0 to [-4,4]
[08/20/2026-18:38:08] [V] [TRT] Setting dynamic range for /layer2/layer2.3/relu_2/Relu_output_0 to [-4,4]
[08/20/2026-18:38:08] [V] [TRT] Setting dynamic range for /layer3/layer3.0/conv1/Conv_output_0 to [-4,4]
[08/20/2026-18:38:08] [V] [TRT] Setting dynamic range for /layer3/layer3.0/relu/Relu_output_0 to [-4,4]
[08/20/2026-18:38:08] [V] [TRT] Setting dynamic range for /layer3/layer3.0/conv2/Conv_output_0 to [-4,4]
[08/20/2026-18:38:08] [V] [TRT] Setting dynamic range for /layer3/layer3.0/relu_1/Relu_output_0 to [-4,4]
[08/20/2026-18:38:08] [V] [TRT] Setting dynamic range for /layer3/layer3.0/conv3/Conv_output_0 to [-4,4]
[08/20/2026-18:38:08] [V] [TRT] Setting dynamic range for /layer3/layer3.0/downsample/downsample.0/Conv_output_0 to [-4,4]
[08/20/2026-18:38:08] [V] [TRT] Setting dynamic range for /layer3/layer3.0/Add_output_0 to [-4,4]
[08/20/2026-18:38:08] [V] [TRT] Setting dynamic range for /layer3/layer3.0/relu_2/Relu_output_0 to [-4,4]
[08/20/2026-18:38:08] [V] [TRT] Setting dynamic range for /layer3/layer3.1/conv1/Conv_output_0 to [-4,4]
[08/20/2026-18:38:08] [V] [TRT] Setting dynamic range for /layer3/layer3.1/relu/Relu_output_0 to [-4,4]
[08/20/2026-18:38:08] [V] [TRT] Setting dynamic range for /layer3/layer3.1/conv2/Conv_output_0 to [-4,4]
[08/20/2026-18:38:08] [V] [TRT] Setting dynamic range for /layer3/layer3.1/relu_1/Relu_output_0 to [-4,4]
[08/20/2026-18:38:08] [V] [TRT] Setting dynamic range for /layer3/layer3.1/conv3/Conv_output_0 to [-4,4]
[08/20/2026-18:38:08] [V] [TRT] Setting dynamic range for /layer3/layer3.1/Add_output_0 to [-4,4]
[08/20/2026-18:38:08] [V] [TRT] Setting dynamic range for /layer3/layer3.1/relu_2/Relu_output_0 to [-4,4]
[08/20/2026-18:38:08] [V] [TRT] Setting dynamic range for /layer3/layer3.2/conv1/Conv_output_0 to [-4,4]
[08/20/2026-18:38:08] [V] [TRT] Setting dynamic range for /layer3/layer3.2/relu/Relu_output_0 to [-4,4]
[08/20/2026-18:38:08] [V] [TRT] Setting dynamic range for /layer3/layer3.2/conv2/Conv_output_0 to [-4,4]
[08/20/2026-18:38:08] [V] [TRT] Setting dynamic range for /layer3/layer3.2/relu_1/Relu_output_0 to [-4,4]
[08/20/2026-18:38:08] [V] [TRT] Setting dynamic range for /layer3/layer3.2/conv3/Conv_output_0 to [-4,4]
[08/20/2026-18:38:08] [V] [TRT] Setting dynamic range for /layer3/layer3.2/Add_output_0 to [-4,4]
[08/20/2026-18:38:08] [V] [TRT] Setting dynamic range for /layer3/layer3.2/relu_2/Relu_output_0 to [-4,4]
[08/20/2026-18:38:08] [V] [TRT] Setting dynamic range for /layer3/layer3.3/conv1/Conv_output_0 to [-4,4]
[08/20/2026-18:38:08] [V] [TRT] Setting dynamic range for /layer3/layer3.3/relu/Relu_output_0 to [-4,4]
[08/20/2026-18:38:08] [V] [TRT] Setting dynamic range for /layer3/layer3.3/conv2/Conv_output_0 to [-4,4]
[08/20/2026-18:38:08] [V] [TRT] Setting dynamic range for /layer3/layer3.3/relu_1/Relu_output_0 to [-4,4]
[08/20/2026-18:38:08] [V] [TRT] Setting dynamic range for /layer3/layer3.3/conv3/Conv_output_0 to [-4,4]
[08/20/2026-18:38:08] [V] [TRT] Setting dynamic range for /layer3/layer3.3/Add_output_0 to [-4,4]
[08/20/2026-18:38:08] [V] [TRT] Setting dynamic range for /layer3/layer3.3/relu_2/Relu_output_0 to [-4,4]
[08/20/2026-18:38:08] [V] [TRT] Setting dynamic range for /layer3/layer3.4/conv1/Conv_output_0 to [-4,4]
[08/20/2026-18:38:08] [V] [TRT] Setting dynamic range for /layer3/layer3.4/relu/Relu_output_0 to [-4,4]
[08/20/2026-18:38:08] [V] [TRT] Setting dynamic range for /layer3/layer3.4/conv2/Conv_output_0 to [-4,4]
[08/20/2026-18:38:08] [V] [TRT] Setting dynamic range for /layer3/layer3.4/relu_1/Relu_output_0 to [-4,4]
[08/20/2026-18:38:08] [V] [TRT] Setting dynamic range for /layer3/layer3.4/conv3/Conv_output_0 to [-4,4]
[08/20/2026-18:38:08] [V] [TRT] Setting dynamic range for /layer3/layer3.4/Add_output_0 to [-4,4]
[08/20/2026-18:38:08] [V] [TRT] Setting dynamic range for /layer3/layer3.4/relu_2/Relu_output_0 to [-4,4]
[08/20/2026-18:38:08] [V] [TRT] Setting dynamic range for /layer3/layer3.5/conv1/Conv_output_0 to [-4,4]
[08/20/2026-18:38:08] [V] [TRT] Setting dynamic range for /layer3/layer3.5/relu/Relu_output_0 to [-4,4]
[08/20/2026-18:38:08] [V] [TRT] Setting dynamic range for /layer3/layer3.5/conv2/Conv_output_0 to [-4,4]
[08/20/2026-18:38:08] [V] [TRT] Setting dynamic range for /layer3/layer3.5/relu_1/Relu_output_0 to [-4,4]
[08/20/2026-18:38:08] [V] [TRT] Setting dynamic range for /layer3/layer3.5/conv3/Conv_output_0 to [-4,4]
[08/20/2026-18:38:08] [V] [TRT] Setting dynamic range for /layer3/layer3.5/Add_output_0 to [-4,4]
[08/20/2026-18:38:08] [V] [TRT] Setting dynamic range for /layer3/layer3.5/relu_2/Relu_output_0 to [-4,4]
[08/20/2026-18:38:08] [V] [TRT] Setting dynamic range for /layer4/layer4.0/conv1/Conv_output_0 to [-4,4]
[08/20/2026-18:38:08] [V] [TRT] Setting dynamic range for /layer4/layer4.0/relu/Relu_output_0 to [-4,4]
[08/20/2026-18:38:08] [V] [TRT] Setting dynamic range for /layer4/layer4.0/conv2/Conv_output_0 to [-4,4]
[08/20/2026-18:38:08] [V] [TRT] Setting dynamic range for /layer4/layer4.0/relu_1/Relu_output_0 to [-4,4]
[08/20/2026-18:38:08] [V] [TRT] Setting dynamic range for /layer4/layer4.0/conv3/Conv_output_0 to [-4,4]
[08/20/2026-18:38:08] [V] [TRT] Setting dynamic range for /layer4/layer4.0/downsample/downsample.0/Conv_output_0 to [-4,4]
[08/20/2026-18:38:08] [V] [TRT] Setting dynamic range for /layer4/layer4.0/Add_output_0 to [-4,4]
[08/20/2026-18:38:08] [V] [TRT] Setting dynamic range for /layer4/layer4.0/relu_2/Relu_output_0 to [-4,4]
[08/20/2026-18:38:08] [V] [TRT] Setting dynamic range for /layer4/layer4.1/conv1/Conv_output_0 to [-4,4]
[08/20/2026-18:38:08] [V] [TRT] Setting dynamic range for /layer4/layer4.1/relu/Relu_output_0 to [-4,4]
[08/20/2026-18:38:08] [V] [TRT] Setting dynamic range for /layer4/layer4.1/conv2/Conv_output_0 to [-4,4]
[08/20/2026-18:38:08] [V] [TRT] Setting dynamic range for /layer4/layer4.1/relu_1/Relu_output_0 to [-4,4]
[08/20/2026-18:38:08] [V] [TRT] Setting dynamic range for /layer4/layer4.1/conv3/Conv_output_0 to [-4,4]
[08/20/2026-18:38:08] [V] [TRT] Setting dynamic range for /layer4/layer4.1/Add_output_0 to [-4,4]
[08/20/2026-18:38:08] [V] [TRT] Setting dynamic range for /layer4/layer4.1/relu_2/Relu_output_0 to [-4,4]
[08/20/2026-18:38:08] [V] [TRT] Setting dynamic range for /layer4/layer4.2/conv1/Conv_output_0 to [-4,4]
[08/20/2026-18:38:08] [V] [TRT] Setting dynamic range for /layer4/layer4.2/relu/Relu_output_0 to [-4,4]
[08/20/2026-18:38:08] [V] [TRT] Setting dynamic range for /layer4/layer4.2/conv2/Conv_output_0 to [-4,4]
[08/20/2026-18:38:08] [V] [TRT] Setting dynamic range for /layer4/layer4.2/relu_1/Relu_output_0 to [-4,4]
[08/20/2026-18:38:08] [V] [TRT] Setting dynamic range for /layer4/layer4.2/conv3/Conv_output_0 to [-4,4]
[08/20/2026-18:38:08] [V] [TRT] Setting dynamic range for /layer4/layer4.2/Add_output_0 to [-4,4]
[08/20/2026-18:38:08] [V] [TRT] Setting dynamic range for /layer4/layer4.2/relu_2/Relu_output_0 to [-4,4]
[08/20/2026-18:38:08] [V] [TRT] Setting dynamic range for /avgpool/GlobalAveragePool_output_0 to [-4,4]
[08/20/2026-18:38:08] [V] [TRT] Setting dynamic range for /Flatten_output_0 to [-4,4]
[08/20/2026-18:38:08] [V] [TRT] Setting dynamic range for fc.weight_output to [-4,4]
[08/20/2026-18:38:08] [V] [TRT] Setting dynamic range for /fc/Gemm_output to [-4,4]
[08/20/2026-18:38:08] [V] [TRT] Setting dynamic range for fc.bias_output to [-4,4]
[08/20/2026-18:38:08] [V] [TRT] Setting dynamic range for ONNXTRT_Broadcast_output to [-4,4]
[08/20/2026-18:38:08] [V] [TRT] Setting dynamic range for logits to [-4,4]
[08/20/2026-18:38:08] [W] [TRT] /avgpool/GlobalAveragePool: DLA cores do not support AVG Reduce operation.
[08/20/2026-18:38:08] [W] [TRT] Layer '/avgpool/GlobalAveragePool' (REDUCE): Unsupported on DLA. Switching this layer's device type to GPU.
[08/20/2026-18:38:08] [W] [TRT] Layer '/Flatten' (SHUFFLE): Unsupported on DLA. Switching this layer's device type to GPU.
[08/20/2026-18:38:08] [W] [TRT] Layer 'fc.weight' (CONSTANT): Unsupported on DLA. Switching this layer's device type to GPU.
[08/20/2026-18:38:08] [W] [TRT] Layer 'fc.bias' (CONSTANT): Unsupported on DLA. Switching this layer's device type to GPU.
[08/20/2026-18:38:08] [W] [TRT] Layer 'ONNXTRT_Broadcast' (SHUFFLE): Unsupported on DLA. Switching this layer's device type to GPU.
[08/20/2026-18:38:08] [W] [TRT] Calibrator is not being used. Users must provide dynamic range for all tensors that are not Int32 or Bool.
[08/20/2026-18:38:08] [V] [TRT] User overriding scale with scale and zero-point Quantization(scale: {0.015748,}, zero-point: {0,})
[08/20/2026-18:38:08] [V] [TRT] User overriding scale with scale and zero-point Quantization(scale: {0.0314961,}, zero-point: {0,})
[08/20/2026-18:38:08] [V] [TRT] User overriding scale with scale and zero-point Quantization(scale: {0.0314961,}, zero-point: {0,})
[08/20/2026-18:38:08] [V] [TRT] User overriding scale with scale and zero-point Quantization(scale: {0.015748,}, zero-point: {0,})
[08/20/2026-18:38:08] [V] [TRT] User overriding scale with scale and zero-point Quantization(scale: {0.0314961,}, zero-point: {0,})
[08/20/2026-18:38:08] [V] [TRT] User overriding scale with scale and zero-point Quantization(scale: {0.0314961,}, zero-point: {0,})
[08/20/2026-18:38:08] [V] [TRT] User overriding scale with scale and zero-point Quantization(scale: {0.0314961,}, zero-point: {0,})
[08/20/2026-18:38:08] [V] [TRT] User overriding scale with scale and zero-point Quantization(scale: {0.0314961,}, zero-point: {0,})
[08/20/2026-18:38:08] [V] [TRT] User overriding scale with scale and zero-point Quantization(scale: {0.0314961,}, zero-point: {0,})
[08/20/2026-18:38:08] [V] [TRT] User overriding scale with scale and zero-point Quantization(scale: {0.0314961,}, zero-point: {0,})
[08/20/2026-18:38:08] [V] [TRT] User overriding scale with scale and zero-point Quantization(scale: {0.0314961,}, zero-point: {0,})
[08/20/2026-18:38:08] [V] [TRT] User overriding scale with scale and zero-point Quantization(scale: {0.0314961,}, zero-point: {0,})
[08/20/2026-18:38:08] [V] [TRT] User overriding scale with scale and zero-point Quantization(scale: {0.0314961,}, zero-point: {0,})
[08/20/2026-18:38:08] [V] [TRT] User overriding scale with scale and zero-point Quantization(scale: {0.0314961,}, zero-point: {0,})
[08/20/2026-18:38:08] [V] [TRT] User overriding scale with scale and zero-point Quantization(scale: {0.0314961,}, zero-point: {0,})
[08/20/2026-18:38:08] [V] [TRT] User overriding scale with scale and zero-point Quantization(scale: {0.0314961,}, zero-point: {0,})
[08/20/2026-18:38:08] [V] [TRT] User overriding scale with scale and zero-point Quantization(scale: {0.0314961,}, zero-point: {0,})
[08/20/2026-18:38:08] [V] [TRT] User overriding scale with scale and zero-point Quantization(scale: {0.0314961,}, zero-point: {0,})
[08/20/2026-18:38:08] [V] [TRT] User overriding scale with scale and zero-point Quantization(scale: {0.0314961,}, zero-point: {0,})
[08/20/2026-18:38:08] [V] [TRT] User overriding scale with scale and zero-point Quantization(scale: {0.0314961,}, zero-point: {0,})
[08/20/2026-18:38:08] [V] [TRT] User overriding scale with scale and zero-point Quantization(scale: {0.0314961,}, zero-point: {0,})
[08/20/2026-18:38:08] [V] [TRT] User overriding scale with scale and zero-point Quantization(scale: {0.0314961,}, zero-point: {0,})
[08/20/2026-18:38:08] [V] [TRT] User overriding scale with scale and zero-point Quantization(scale: {0.0314961,}, zero-point: {0,})
[08/20/2026-18:38:08] [V] [TRT] User overriding scale with scale and zero-point Quantization(scale: {0.0314961,}, zero-point: {0,})
[08/20/2026-18:38:08] [V] [TRT] User overriding scale with scale and zero-point Quantization(scale: {0.0314961,}, zero-point: {0,})
[08/20/2026-18:38:08] [V] [TRT] User overriding scale with scale and zero-point Quantization(scale: {0.0314961,}, zero-point: {0,})
[08/20/2026-18:38:08] [V] [TRT] User overriding scale with scale and zero-point Quantization(scale: {0.0314961,}, zero-point: {0,})
[08/20/2026-18:38:08] [V] [TRT] User overriding scale with scale and zero-point Quantization(scale: {0.0314961,}, zero-point: {0,})
[08/20/2026-18:38:08] [V] [TRT] User overriding scale with scale and zero-point Quantization(scale: {0.0314961,}, zero-point: {0,})
[08/20/2026-18:38:08] [V] [TRT] User overriding scale with scale and zero-point Quantization(scale: {0.0314961,}, zero-point: {0,})
[08/20/2026-18:38:08] [V] [TRT] User overriding scale with scale and zero-point Quantization(scale: {0.0314961,}, zero-point: {0,})
[08/20/2026-18:38:08] [V] [TRT] User overriding scale with scale and zero-point Quantization(scale: {0.0314961,}, zero-point: {0,})
[08/20/2026-18:38:08] [V] [TRT] User overriding scale with scale and zero-point Quantization(scale: {0.0314961,}, zero-point: {0,})
[08/20/2026-18:38:08] [V] [TRT] User overriding scale with scale and zero-point Quantization(scale: {0.0314961,}, zero-point: {0,})
[08/20/2026-18:38:08] [V] [TRT] User overriding scale with scale and zero-point Quantization(scale: {0.0314961,}, zero-point: {0,})
[08/20/2026-18:38:08] [V] [TRT] User overriding scale with scale and zero-point Quantization(scale: {0.0314961,}, zero-point: {0,})
[08/20/2026-18:38:08] [V] [TRT] User overriding scale with scale and zero-point Quantization(scale: {0.0314961,}, zero-point: {0,})
[08/20/2026-18:38:08] [V] [TRT] User overriding scale with scale and zero-point Quantization(scale: {0.0314961,}, zero-point: {0,})
[08/20/2026-18:38:08] [V] [TRT] User overriding scale with scale and zero-point Quantization(scale: {0.0314961,}, zero-point: {0,})
[08/20/2026-18:38:08] [V] [TRT] User overriding scale with scale and zero-point Quantization(scale: {0.0314961,}, zero-point: {0,})
[08/20/2026-18:38:08] [V] [TRT] User overriding scale with scale and zero-point Quantization(scale: {0.0314961,}, zero-point: {0,})
[08/20/2026-18:38:08] [V] [TRT] User overriding scale with scale and zero-point Quantization(scale: {0.0314961,}, zero-point: {0,})
[08/20/2026-18:38:08] [V] [TRT] User overriding scale with scale and zero-point Quantization(scale: {0.0314961,}, zero-point: {0,})
[08/20/2026-18:38:08] [V] [TRT] User overriding scale with scale and zero-point Quantization(scale: {0.0314961,}, zero-point: {0,})
[08/20/2026-18:38:08] [V] [TRT] User overriding scale with scale and zero-point Quantization(scale: {0.0314961,}, zero-point: {0,})
[08/20/2026-18:38:08] [V] [TRT] User overriding scale with scale and zero-point Quantization(scale: {0.0314961,}, zero-point: {0,})
[08/20/2026-18:38:08] [V] [TRT] User overriding scale with scale and zero-point Quantization(scale: {0.0314961,}, zero-point: {0,})
[08/20/2026-18:38:08] [V] [TRT] User overriding scale with scale and zero-point Quantization(scale: {0.0314961,}, zero-point: {0,})
[08/20/2026-18:38:08] [V] [TRT] User overriding scale with scale and zero-point Quantization(scale: {0.0314961,}, zero-point: {0,})
[08/20/2026-18:38:08] [V] [TRT] User overriding scale with scale and zero-point Quantization(scale: {0.0314961,}, zero-point: {0,})
[08/20/2026-18:38:08] [V] [TRT] User overriding scale with scale and zero-point Quantization(scale: {0.0314961,}, zero-point: {0,})
[08/20/2026-18:38:08] [V] [TRT] User overriding scale with scale and zero-point Quantization(scale: {0.0314961,}, zero-point: {0,})
[08/20/2026-18:38:08] [V] [TRT] User overriding scale with scale and zero-point Quantization(scale: {0.0314961,}, zero-point: {0,})
[08/20/2026-18:38:08] [V] [TRT] User overriding scale with scale and zero-point Quantization(scale: {0.0314961,}, zero-point: {0,})
[08/20/2026-18:38:08] [V] [TRT] User overriding scale with scale and zero-point Quantization(scale: {0.0314961,}, zero-point: {0,})
[08/20/2026-18:38:08] [V] [TRT] User overriding scale with scale and zero-point Quantization(scale: {0.0314961,}, zero-point: {0,})
[08/20/2026-18:38:08] [V] [TRT] User overriding scale with scale and zero-point Quantization(scale: {0.0314961,}, zero-point: {0,})
[08/20/2026-18:38:08] [V] [TRT] User overriding scale with scale and zero-point Quantization(scale: {0.0314961,}, zero-point: {0,})
[08/20/2026-18:38:08] [V] [TRT] User overriding scale with scale and zero-point Quantization(scale: {0.0314961,}, zero-point: {0,})
[08/20/2026-18:38:08] [V] [TRT] User overriding scale with scale and zero-point Quantization(scale: {0.0314961,}, zero-point: {0,})
[08/20/2026-18:38:08] [V] [TRT] User overriding scale with scale and zero-point Quantization(scale: {0.0314961,}, zero-point: {0,})
[08/20/2026-18:38:08] [V] [TRT] User overriding scale with scale and zero-point Quantization(scale: {0.0314961,}, zero-point: {0,})
[08/20/2026-18:38:08] [V] [TRT] User overriding scale with scale and zero-point Quantization(scale: {0.0314961,}, zero-point: {0,})
[08/20/2026-18:38:08] [V] [TRT] User overriding scale with scale and zero-point Quantization(scale: {0.0314961,}, zero-point: {0,})
[08/20/2026-18:38:08] [V] [TRT] User overriding scale with scale and zero-point Quantization(scale: {0.0314961,}, zero-point: {0,})
[08/20/2026-18:38:08] [V] [TRT] User overriding scale with scale and zero-point Quantization(scale: {0.0314961,}, zero-point: {0,})
[08/20/2026-18:38:08] [V] [TRT] User overriding scale with scale and zero-point Quantization(scale: {0.0314961,}, zero-point: {0,})
[08/20/2026-18:38:08] [V] [TRT] User overriding scale with scale and zero-point Quantization(scale: {0.0314961,}, zero-point: {0,})
[08/20/2026-18:38:08] [V] [TRT] User overriding scale with scale and zero-point Quantization(scale: {0.0314961,}, zero-point: {0,})
[08/20/2026-18:38:08] [V] [TRT] User overriding scale with scale and zero-point Quantization(scale: {0.0314961,}, zero-point: {0,})
[08/20/2026-18:38:08] [V] [TRT] User overriding scale with scale and zero-point Quantization(scale: {0.0314961,}, zero-point: {0,})
[08/20/2026-18:38:08] [V] [TRT] User overriding scale with scale and zero-point Quantization(scale: {0.0314961,}, zero-point: {0,})
[08/20/2026-18:38:08] [V] [TRT] User overriding scale with scale and zero-point Quantization(scale: {0.0314961,}, zero-point: {0,})
[08/20/2026-18:38:08] [V] [TRT] User overriding scale with scale and zero-point Quantization(scale: {0.0314961,}, zero-point: {0,})
[08/20/2026-18:38:08] [V] [TRT] User overriding scale with scale and zero-point Quantization(scale: {0.0314961,}, zero-point: {0,})
[08/20/2026-18:38:08] [V] [TRT] User overriding scale with scale and zero-point Quantization(scale: {0.0314961,}, zero-point: {0,})
[08/20/2026-18:38:08] [V] [TRT] User overriding scale with scale and zero-point Quantization(scale: {0.0314961,}, zero-point: {0,})
[08/20/2026-18:38:08] [V] [TRT] User overriding scale with scale and zero-point Quantization(scale: {0.0314961,}, zero-point: {0,})
[08/20/2026-18:38:08] [V] [TRT] User overriding scale with scale and zero-point Quantization(scale: {0.0314961,}, zero-point: {0,})
[08/20/2026-18:38:08] [V] [TRT] User overriding scale with scale and zero-point Quantization(scale: {0.0314961,}, zero-point: {0,})
[08/20/2026-18:38:08] [V] [TRT] User overriding scale with scale and zero-point Quantization(scale: {0.0314961,}, zero-point: {0,})
[08/20/2026-18:38:08] [V] [TRT] User overriding scale with scale and zero-point Quantization(scale: {0.0314961,}, zero-point: {0,})
[08/20/2026-18:38:08] [V] [TRT] User overriding scale with scale and zero-point Quantization(scale: {0.0314961,}, zero-point: {0,})
[08/20/2026-18:38:08] [V] [TRT] User overriding scale with scale and zero-point Quantization(scale: {0.0314961,}, zero-point: {0,})
[08/20/2026-18:38:08] [V] [TRT] User overriding scale with scale and zero-point Quantization(scale: {0.0314961,}, zero-point: {0,})
[08/20/2026-18:38:08] [V] [TRT] User overriding scale with scale and zero-point Quantization(scale: {0.0314961,}, zero-point: {0,})
[08/20/2026-18:38:08] [V] [TRT] User overriding scale with scale and zero-point Quantization(scale: {0.0314961,}, zero-point: {0,})
[08/20/2026-18:38:08] [V] [TRT] User overriding scale with scale and zero-point Quantization(scale: {0.0314961,}, zero-point: {0,})
[08/20/2026-18:38:08] [V] [TRT] User overriding scale with scale and zero-point Quantization(scale: {0.0314961,}, zero-point: {0,})
[08/20/2026-18:38:08] [V] [TRT] User overriding scale with scale and zero-point Quantization(scale: {0.0314961,}, zero-point: {0,})
[08/20/2026-18:38:08] [V] [TRT] User overriding scale with scale and zero-point Quantization(scale: {0.0314961,}, zero-point: {0,})
[08/20/2026-18:38:08] [V] [TRT] User overriding scale with scale and zero-point Quantization(scale: {0.0314961,}, zero-point: {0,})
[08/20/2026-18:38:08] [V] [TRT] User overriding scale with scale and zero-point Quantization(scale: {0.0314961,}, zero-point: {0,})
[08/20/2026-18:38:08] [V] [TRT] User overriding scale with scale and zero-point Quantization(scale: {0.0314961,}, zero-point: {0,})
[08/20/2026-18:38:08] [V] [TRT] User overriding scale with scale and zero-point Quantization(scale: {0.0314961,}, zero-point: {0,})
[08/20/2026-18:38:08] [V] [TRT] User overriding scale with scale and zero-point Quantization(scale: {0.0314961,}, zero-point: {0,})
[08/20/2026-18:38:08] [V] [TRT] User overriding scale with scale and zero-point Quantization(scale: {0.0314961,}, zero-point: {0,})
[08/20/2026-18:38:08] [V] [TRT] User overriding scale with scale and zero-point Quantization(scale: {0.0314961,}, zero-point: {0,})
[08/20/2026-18:38:08] [V] [TRT] User overriding scale with scale and zero-point Quantization(scale: {0.0314961,}, zero-point: {0,})
[08/20/2026-18:38:08] [V] [TRT] User overriding scale with scale and zero-point Quantization(scale: {0.0314961,}, zero-point: {0,})
[08/20/2026-18:38:08] [V] [TRT] User overriding scale with scale and zero-point Quantization(scale: {0.0314961,}, zero-point: {0,})
[08/20/2026-18:38:08] [V] [TRT] User overriding scale with scale and zero-point Quantization(scale: {0.0314961,}, zero-point: {0,})
[08/20/2026-18:38:08] [V] [TRT] User overriding scale with scale and zero-point Quantization(scale: {0.0314961,}, zero-point: {0,})
[08/20/2026-18:38:08] [V] [TRT] User overriding scale with scale and zero-point Quantization(scale: {0.0314961,}, zero-point: {0,})
[08/20/2026-18:38:08] [V] [TRT] User overriding scale with scale and zero-point Quantization(scale: {0.0314961,}, zero-point: {0,})
[08/20/2026-18:38:08] [V] [TRT] User overriding scale with scale and zero-point Quantization(scale: {0.0314961,}, zero-point: {0,})
[08/20/2026-18:38:08] [V] [TRT] User overriding scale with scale and zero-point Quantization(scale: {0.0314961,}, zero-point: {0,})
[08/20/2026-18:38:08] [V] [TRT] User overriding scale with scale and zero-point Quantization(scale: {0.0314961,}, zero-point: {0,})
[08/20/2026-18:38:08] [V] [TRT] User overriding scale with scale and zero-point Quantization(scale: {0.0314961,}, zero-point: {0,})
[08/20/2026-18:38:08] [V] [TRT] User overriding scale with scale and zero-point Quantization(scale: {0.0314961,}, zero-point: {0,})
[08/20/2026-18:38:08] [V] [TRT] User overriding scale with scale and zero-point Quantization(scale: {0.0314961,}, zero-point: {0,})
[08/20/2026-18:38:08] [V] [TRT] User overriding scale with scale and zero-point Quantization(scale: {0.0314961,}, zero-point: {0,})
[08/20/2026-18:38:08] [V] [TRT] User overriding scale with scale and zero-point Quantization(scale: {0.0314961,}, zero-point: {0,})
[08/20/2026-18:38:08] [V] [TRT] User overriding scale with scale and zero-point Quantization(scale: {0.0314961,}, zero-point: {0,})
[08/20/2026-18:38:08] [V] [TRT] User overriding scale with scale and zero-point Quantization(scale: {0.0314961,}, zero-point: {0,})
[08/20/2026-18:38:08] [V] [TRT] User overriding scale with scale and zero-point Quantization(scale: {0.0314961,}, zero-point: {0,})
[08/20/2026-18:38:08] [V] [TRT] User overriding scale with scale and zero-point Quantization(scale: {0.0314961,}, zero-point: {0,})
[08/20/2026-18:38:08] [V] [TRT] User overriding scale with scale and zero-point Quantization(scale: {0.0314961,}, zero-point: {0,})
[08/20/2026-18:38:08] [V] [TRT] User overriding scale with scale and zero-point Quantization(scale: {0.0314961,}, zero-point: {0,})
[08/20/2026-18:38:08] [V] [TRT] User overriding scale with scale and zero-point Quantization(scale: {0.0314961,}, zero-point: {0,})
[08/20/2026-18:38:08] [V] [TRT] User overriding scale with scale and zero-point Quantization(scale: {0.0314961,}, zero-point: {0,})
[08/20/2026-18:38:08] [V] [TRT] User overriding scale with scale and zero-point Quantization(scale: {0.0314961,}, zero-point: {0,})
[08/20/2026-18:38:08] [V] [TRT] User overriding scale with scale and zero-point Quantization(scale: {0.0314961,}, zero-point: {0,})
[08/20/2026-18:38:08] [V] [TRT] User overriding scale with scale and zero-point Quantization(scale: {0.0314961,}, zero-point: {0,})
[08/20/2026-18:38:08] [V] [TRT] User overriding scale with scale and zero-point Quantization(scale: {0.0314961,}, zero-point: {0,})
[08/20/2026-18:38:08] [V] [TRT] User overriding scale with scale and zero-point Quantization(scale: {0.0314961,}, zero-point: {0,})
[08/20/2026-18:38:08] [V] [TRT] User overriding scale with scale and zero-point Quantization(scale: {0.0314961,}, zero-point: {0,})
[08/20/2026-18:38:08] [V] [TRT] Configuring builder for Int8 Mode completed in 0.00125748 seconds.
[08/20/2026-18:38:08] [V] [TRT] Original: 126 layers
[08/20/2026-18:38:08] [V] [TRT] After dead-layer removal: 126 layers
[08/20/2026-18:38:08] [V] [TRT] Running: ConstShuffleFusion on fc.bias
[08/20/2026-18:38:08] [V] [TRT] ConstShuffleFusion: Fusing fc.bias with ONNXTRT_Broadcast
[08/20/2026-18:38:08] [V] [TRT] Running: MatMulToConvTransform on /fc/Gemm
[08/20/2026-18:38:08] [V] [TRT] Convert layer type of /fc/Gemm from MATRIX_MULTIPLY to CONVOLUTION
[08/20/2026-18:38:08] [V] [TRT] Assigning reshape_before_/fc/Gemm scale and zero-point 
[08/20/2026-18:38:08] [V] [TRT] using /Flatten_output_0 scale and zero-point Quantization(scale: {0.0314961,}, zero-point: {0,})
[08/20/2026-18:38:08] [V] [TRT] Assigning /fc/Gemm_conv_out scale and zero-point 
[08/20/2026-18:38:08] [V] [TRT] using /fc/Gemm_output scale and zero-point Quantization(scale: {0.0314961,}, zero-point: {0,})
[08/20/2026-18:38:08] [V] [TRT] Running: ShuffleShuffleFusion on /Flatten
[08/20/2026-18:38:08] [V] [TRT] ShuffleShuffleFusion: Fusing /Flatten with reshape_before_/fc/Gemm
[08/20/2026-18:38:08] [V] [TRT] Running: ShuffleErasure on /Flatten + reshape_before_/fc/Gemm
[08/20/2026-18:38:08] [V] [TRT] Removing /Flatten + reshape_before_/fc/Gemm
[08/20/2026-18:38:08] [V] [TRT] Running: ConvReshapeBiasAddFusion on /fc/Gemm
[08/20/2026-18:38:08] [V] [TRT] Removing (Unnamed Layer* 125) [ElementWise]
[08/20/2026-18:38:08] [V] [TRT] Graph construction completed in 0.00972638 seconds.
[08/20/2026-18:38:08] [V] [TRT] ---------- Layers Running on DLA ----------
[08/20/2026-18:38:08] [V] [TRT] [DlaLayer] /conv1/Conv
[08/20/2026-18:38:08] [V] [TRT] [DlaLayer] /relu/Relu
[08/20/2026-18:38:08] [V] [TRT] [DlaLayer] /maxpool/MaxPool
[08/20/2026-18:38:08] [V] [TRT] [DlaLayer] /layer1/layer1.0/conv1/Conv
[08/20/2026-18:38:08] [V] [TRT] [DlaLayer] /layer1/layer1.0/relu/Relu
[08/20/2026-18:38:08] [V] [TRT] [DlaLayer] /layer1/layer1.0/conv2/Conv
[08/20/2026-18:38:08] [V] [TRT] [DlaLayer] /layer1/layer1.0/relu_1/Relu
[08/20/2026-18:38:08] [V] [TRT] [DlaLayer] /layer1/layer1.0/conv3/Conv
[08/20/2026-18:38:08] [V] [TRT] [DlaLayer] /layer1/layer1.0/downsample/downsample.0/Conv
[08/20/2026-18:38:08] [V] [TRT] [DlaLayer] /layer1/layer1.0/Add
[08/20/2026-18:38:08] [V] [TRT] [DlaLayer] /layer1/layer1.0/relu_2/Relu
[08/20/2026-18:38:08] [V] [TRT] [DlaLayer] /layer1/layer1.1/conv1/Conv
[08/20/2026-18:38:08] [V] [TRT] [DlaLayer] /layer1/layer1.1/relu/Relu
[08/20/2026-18:38:08] [V] [TRT] [DlaLayer] /layer1/layer1.1/conv2/Conv
[08/20/2026-18:38:08] [V] [TRT] [DlaLayer] /layer1/layer1.1/relu_1/Relu
[08/20/2026-18:38:08] [V] [TRT] [DlaLayer] /layer1/layer1.1/conv3/Conv
[08/20/2026-18:38:08] [V] [TRT] [DlaLayer] /layer1/layer1.1/Add
[08/20/2026-18:38:08] [V] [TRT] [DlaLayer] /layer1/layer1.1/relu_2/Relu
[08/20/2026-18:38:08] [V] [TRT] [DlaLayer] /layer1/layer1.2/conv1/Conv
[08/20/2026-18:38:08] [V] [TRT] [DlaLayer] /layer1/layer1.2/relu/Relu
[08/20/2026-18:38:08] [V] [TRT] [DlaLayer] /layer1/layer1.2/conv2/Conv
[08/20/2026-18:38:08] [V] [TRT] [DlaLayer] /layer1/layer1.2/relu_1/Relu
[08/20/2026-18:38:08] [V] [TRT] [DlaLayer] /layer1/layer1.2/conv3/Conv
[08/20/2026-18:38:08] [V] [TRT] [DlaLayer] /layer1/layer1.2/Add
[08/20/2026-18:38:08] [V] [TRT] [DlaLayer] /layer1/layer1.2/relu_2/Relu
[08/20/2026-18:38:08] [V] [TRT] [DlaLayer] /layer2/layer2.0/conv1/Conv
[08/20/2026-18:38:08] [V] [TRT] [DlaLayer] /layer2/layer2.0/relu/Relu
[08/20/2026-18:38:08] [V] [TRT] [DlaLayer] /layer2/layer2.0/conv2/Conv
[08/20/2026-18:38:08] [V] [TRT] [DlaLayer] /layer2/layer2.0/relu_1/Relu
[08/20/2026-18:38:08] [V] [TRT] [DlaLayer] /layer2/layer2.0/conv3/Conv
[08/20/2026-18:38:08] [V] [TRT] [DlaLayer] /layer2/layer2.0/downsample/downsample.0/Conv
[08/20/2026-18:38:08] [V] [TRT] [DlaLayer] /layer2/layer2.0/Add
[08/20/2026-18:38:08] [V] [TRT] [DlaLayer] /layer2/layer2.0/relu_2/Relu
[08/20/2026-18:38:08] [V] [TRT] [DlaLayer] /layer2/layer2.1/conv1/Conv
[08/20/2026-18:38:08] [V] [TRT] [DlaLayer] /layer2/layer2.1/relu/Relu
[08/20/2026-18:38:08] [V] [TRT] [DlaLayer] /layer2/layer2.1/conv2/Conv
[08/20/2026-18:38:08] [V] [TRT] [DlaLayer] /layer2/layer2.1/relu_1/Relu
[08/20/2026-18:38:08] [V] [TRT] [DlaLayer] /layer2/layer2.1/conv3/Conv
[08/20/2026-18:38:08] [V] [TRT] [DlaLayer] /layer2/layer2.1/Add
[08/20/2026-18:38:08] [V] [TRT] [DlaLayer] /layer2/layer2.1/relu_2/Relu
[08/20/2026-18:38:08] [V] [TRT] [DlaLayer] /layer2/layer2.2/conv1/Conv
[08/20/2026-18:38:08] [V] [TRT] [DlaLayer] /layer2/layer2.2/relu/Relu
[08/20/2026-18:38:08] [V] [TRT] [DlaLayer] /layer2/layer2.2/conv2/Conv
[08/20/2026-18:38:08] [V] [TRT] [DlaLayer] /layer2/layer2.2/relu_1/Relu
[08/20/2026-18:38:08] [V] [TRT] [DlaLayer] /layer2/layer2.2/conv3/Conv
[08/20/2026-18:38:08] [V] [TRT] [DlaLayer] /layer2/layer2.2/Add
[08/20/2026-18:38:08] [V] [TRT] [DlaLayer] /layer2/layer2.2/relu_2/Relu
[08/20/2026-18:38:08] [V] [TRT] [DlaLayer] /layer2/layer2.3/conv1/Conv
[08/20/2026-18:38:08] [V] [TRT] [DlaLayer] /layer2/layer2.3/relu/Relu
[08/20/2026-18:38:08] [V] [TRT] [DlaLayer] /layer2/layer2.3/conv2/Conv
[08/20/2026-18:38:08] [V] [TRT] [DlaLayer] /layer2/layer2.3/relu_1/Relu
[08/20/2026-18:38:08] [V] [TRT] [DlaLayer] /layer2/layer2.3/conv3/Conv
[08/20/2026-18:38:08] [V] [TRT] [DlaLayer] /layer2/layer2.3/Add
[08/20/2026-18:38:08] [V] [TRT] [DlaLayer] /layer2/layer2.3/relu_2/Relu
[08/20/2026-18:38:08] [V] [TRT] [DlaLayer] /layer3/layer3.0/conv1/Conv
[08/20/2026-18:38:08] [V] [TRT] [DlaLayer] /layer3/layer3.0/relu/Relu
[08/20/2026-18:38:08] [V] [TRT] [DlaLayer] /layer3/layer3.0/conv2/Conv
[08/20/2026-18:38:08] [V] [TRT] [DlaLayer] /layer3/layer3.0/relu_1/Relu
[08/20/2026-18:38:08] [V] [TRT] [DlaLayer] /layer3/layer3.0/conv3/Conv
[08/20/2026-18:38:08] [V] [TRT] [DlaLayer] /layer3/layer3.0/downsample/downsample.0/Conv
[08/20/2026-18:38:08] [V] [TRT] [DlaLayer] /layer3/layer3.0/Add
[08/20/2026-18:38:08] [V] [TRT] [DlaLayer] /layer3/layer3.0/relu_2/Relu
[08/20/2026-18:38:08] [V] [TRT] [DlaLayer] /layer3/layer3.1/conv1/Conv
[08/20/2026-18:38:08] [V] [TRT] [DlaLayer] /layer3/layer3.1/relu/Relu
[08/20/2026-18:38:08] [V] [TRT] [DlaLayer] /layer3/layer3.1/conv2/Conv
[08/20/2026-18:38:08] [V] [TRT] [DlaLayer] /layer3/layer3.1/relu_1/Relu
[08/20/2026-18:38:08] [V] [TRT] [DlaLayer] /layer3/layer3.1/conv3/Conv
[08/20/2026-18:38:08] [V] [TRT] [DlaLayer] /layer3/layer3.1/Add
[08/20/2026-18:38:08] [V] [TRT] [DlaLayer] /layer3/layer3.1/relu_2/Relu
[08/20/2026-18:38:08] [V] [TRT] [DlaLayer] /layer3/layer3.2/conv1/Conv
[08/20/2026-18:38:08] [V] [TRT] [DlaLayer] /layer3/layer3.2/relu/Relu
[08/20/2026-18:38:08] [V] [TRT] [DlaLayer] /layer3/layer3.2/conv2/Conv
[08/20/2026-18:38:08] [V] [TRT] [DlaLayer] /layer3/layer3.2/relu_1/Relu
[08/20/2026-18:38:08] [V] [TRT] [DlaLayer] /layer3/layer3.2/conv3/Conv
[08/20/2026-18:38:08] [V] [TRT] [DlaLayer] /layer3/layer3.2/Add
[08/20/2026-18:38:08] [V] [TRT] [DlaLayer] /layer3/layer3.2/relu_2/Relu
[08/20/2026-18:38:08] [V] [TRT] [DlaLayer] /layer3/layer3.3/conv1/Conv
[08/20/2026-18:38:08] [V] [TRT] [DlaLayer] /layer3/layer3.3/relu/Relu
[08/20/2026-18:38:08] [V] [TRT] [DlaLayer] /layer3/layer3.3/conv2/Conv
[08/20/2026-18:38:08] [V] [TRT] [DlaLayer] /layer3/layer3.3/relu_1/Relu
[08/20/2026-18:38:08] [V] [TRT] [DlaLayer] /layer3/layer3.3/conv3/Conv
[08/20/2026-18:38:08] [V] [TRT] [DlaLayer] /layer3/layer3.3/Add
[08/20/2026-18:38:08] [V] [TRT] [DlaLayer] /layer3/layer3.3/relu_2/Relu
[08/20/2026-18:38:08] [V] [TRT] [DlaLayer] /layer3/layer3.4/conv1/Conv
[08/20/2026-18:38:08] [V] [TRT] [DlaLayer] /layer3/layer3.4/relu/Relu
[08/20/2026-18:38:08] [V] [TRT] [DlaLayer] /layer3/layer3.4/conv2/Conv
[08/20/2026-18:38:08] [V] [TRT] [DlaLayer] /layer3/layer3.4/relu_1/Relu
[08/20/2026-18:38:08] [V] [TRT] [DlaLayer] /layer3/layer3.4/conv3/Conv
[08/20/2026-18:38:08] [V] [TRT] [DlaLayer] /layer3/layer3.4/Add
[08/20/2026-18:38:08] [V] [TRT] [DlaLayer] /layer3/layer3.4/relu_2/Relu
[08/20/2026-18:38:08] [V] [TRT] [DlaLayer] /layer3/layer3.5/conv1/Conv
[08/20/2026-18:38:08] [V] [TRT] [DlaLayer] /layer3/layer3.5/relu/Relu
[08/20/2026-18:38:08] [V] [TRT] [DlaLayer] /layer3/layer3.5/conv2/Conv
[08/20/2026-18:38:08] [V] [TRT] [DlaLayer] /layer3/layer3.5/relu_1/Relu
[08/20/2026-18:38:08] [V] [TRT] [DlaLayer] /layer3/layer3.5/conv3/Conv
[08/20/2026-18:38:08] [V] [TRT] [DlaLayer] /layer3/layer3.5/Add
[08/20/2026-18:38:08] [V] [TRT] [DlaLayer] /layer3/layer3.5/relu_2/Relu
[08/20/2026-18:38:08] [V] [TRT] [DlaLayer] /layer4/layer4.0/conv1/Conv
[08/20/2026-18:38:08] [V] [TRT] [DlaLayer] /layer4/layer4.0/relu/Relu
[08/20/2026-18:38:08] [V] [TRT] [DlaLayer] /layer4/layer4.0/conv2/Conv
[08/20/2026-18:38:08] [V] [TRT] [DlaLayer] /layer4/layer4.0/relu_1/Relu
[08/20/2026-18:38:08] [V] [TRT] [DlaLayer] /layer4/layer4.0/conv3/Conv
[08/20/2026-18:38:08] [V] [TRT] [DlaLayer] /layer4/layer4.0/downsample/downsample.0/Conv
[08/20/2026-18:38:08] [V] [TRT] [DlaLayer] /layer4/layer4.0/Add
[08/20/2026-18:38:08] [V] [TRT] [DlaLayer] /layer4/layer4.0/relu_2/Relu
[08/20/2026-18:38:08] [V] [TRT] [DlaLayer] /layer4/layer4.1/conv1/Conv
[08/20/2026-18:38:08] [V] [TRT] [DlaLayer] /layer4/layer4.1/relu/Relu
[08/20/2026-18:38:08] [V] [TRT] [DlaLayer] /layer4/layer4.1/conv2/Conv
[08/20/2026-18:38:08] [V] [TRT] [DlaLayer] /layer4/layer4.1/relu_1/Relu
[08/20/2026-18:38:08] [V] [TRT] [DlaLayer] /layer4/layer4.1/conv3/Conv
[08/20/2026-18:38:08] [V] [TRT] [DlaLayer] /layer4/layer4.1/Add
[08/20/2026-18:38:08] [V] [TRT] [DlaLayer] /layer4/layer4.1/relu_2/Relu
[08/20/2026-18:38:08] [V] [TRT] [DlaLayer] /layer4/layer4.2/conv1/Conv
[08/20/2026-18:38:08] [V] [TRT] [DlaLayer] /layer4/layer4.2/relu/Relu
[08/20/2026-18:38:08] [V] [TRT] [DlaLayer] /layer4/layer4.2/conv2/Conv
[08/20/2026-18:38:08] [V] [TRT] [DlaLayer] /layer4/layer4.2/relu_1/Relu
[08/20/2026-18:38:08] [V] [TRT] [DlaLayer] /layer4/layer4.2/conv3/Conv
[08/20/2026-18:38:08] [V] [TRT] [DlaLayer] /layer4/layer4.2/Add
[08/20/2026-18:38:08] [V] [TRT] [DlaLayer] /layer4/layer4.2/relu_2/Relu
[08/20/2026-18:38:08] [V] [TRT] [DlaLayer] /fc/Gemm + (Unnamed Layer* 125) [ElementWise]
[08/20/2026-18:38:08] [V] [TRT] ---------- Layers Running on GPU ----------
[08/20/2026-18:38:08] [V] [TRT] [GpuLayer] REDUCE: /avgpool/GlobalAveragePool
[08/20/2026-18:38:08] [V] [TRT] [GpuLayer] SHUFFLE: reshape_after_/fc/Gemm
[08/20/2026-18:38:08] [V] [TRT] After adding DebugOutput nodes: 122 layers
[08/20/2026-18:38:08] [V] [TRT] Running: ReduceToPoolingFusion on /avgpool/GlobalAveragePool
[08/20/2026-18:38:08] [V] [TRT] Swap the layer type of /avgpool/GlobalAveragePool from REDUCE to POOLING
[08/20/2026-18:38:08] [V] [TRT] After Myelin optimization: 122 layers
[08/20/2026-18:38:09] [V] [TRT] 	DLA Memory Pool Sizes: Managed SRAM = 1 MiB,	Local DRAM = 1024 MiB,	Global DRAM = 512 MiB
[08/20/2026-18:38:14] [V] [TRT] {ForeignNode[/conv1/Conv.../layer4/layer4.2/relu_2/Relu]} successfully offloaded to DLA.
	Memory consumption: Managed SRAM = 1 MiB,	Local DRAM = 4 MiB,	Global DRAM = 64 MiB
[08/20/2026-18:38:14] [V] [TRT] {ForeignNode[/fc/Gemm + (Unnamed Layer* 125) [ElementWise]]} successfully offloaded to DLA.
	Memory consumption: Managed SRAM = 1 MiB,	Local DRAM = 2 MiB,	Global DRAM = 8 MiB
[08/20/2026-18:38:14] [V] [TRT] DLA Memory Consumption Summary:
[08/20/2026-18:38:14] [V] [TRT] 	Number of DLA node candidates offloaded : 2 out of 2
[08/20/2026-18:38:14] [V] [TRT] 	Total memory required by accepted candidates : Managed SRAM = 1 MiB,	Local DRAM = 6 MiB,	Global DRAM = 72 MiB
[08/20/2026-18:38:14] [V] [TRT] After DLA optimization: 4 layers
[08/20/2026-18:38:14] [V] [TRT] Applying ScaleNodes fusions.
[08/20/2026-18:38:14] [V] [TRT] After scale fusion: 4 layers
[08/20/2026-18:38:14] [V] [TRT] After dupe layer removal: 4 layers
[08/20/2026-18:38:14] [V] [TRT] After final dead-layer removal: 4 layers
[08/20/2026-18:38:14] [V] [TRT] After tensor merging: 4 layers
[08/20/2026-18:38:14] [V] [TRT] After vertical fusions: 4 layers
[08/20/2026-18:38:14] [V] [TRT] After dupe layer removal: 4 layers
[08/20/2026-18:38:14] [V] [TRT] After final dead-layer removal: 4 layers
[08/20/2026-18:38:14] [V] [TRT] After tensor merging: 4 layers
[08/20/2026-18:38:14] [V] [TRT] After slice removal: 4 layers
[08/20/2026-18:38:14] [V] [TRT] After concat removal: 4 layers
[08/20/2026-18:38:14] [V] [TRT] Trying to split Reshape and strided tensor
[08/20/2026-18:38:14] [V] [TRT] Graph optimization time: 6.21361 seconds.
[08/20/2026-18:38:14] [V] [TRT] Building graph using backend strategy 2
[08/20/2026-18:38:14] [I] [TRT] Local timing cache in use. Profiling results in this builder pass will not be stored.
[08/20/2026-18:38:14] [V] [TRT] Constructing optimization profile number 0 [1/1].
[08/20/2026-18:38:14] [V] [TRT] Applying generic optimizations to the graph for inference.
[08/20/2026-18:38:14] [V] [TRT] Reserving memory for host IO tensors. Host: 0 bytes
[08/20/2026-18:38:14] [V] [TRT] =============== Computing costs for {ForeignNode[/conv1/Conv.../layer4/layer4.2/relu_2/Relu]}
[08/20/2026-18:38:14] [V] [TRT] *************** Autotuning format combination: Int8(172032,57344,256,1) -> Int8(917504,448,64,1) ***************
[08/20/2026-18:38:14] [V] [TRT] --------------- Timing Runner: {ForeignNode[/conv1/Conv.../layer4/layer4.2/relu_2/Relu]} (DLA[0x80000016])
[08/20/2026-18:38:15] [V] [TRT] Setting a default quantization params because quantization data is missing for {ForeignNode[/conv1/Conv.../layer4/layer4.2/relu_2/Relu]}
[08/20/2026-18:38:15] [V] [TRT] Tactic: 0x0000000000000003 Time: 1.4196
[08/20/2026-18:38:15] [V] [TRT] {ForeignNode[/conv1/Conv.../layer4/layer4.2/relu_2/Relu]} (DLA[0x80000016]) profiling completed in 1.0371 seconds. Fastest Tactic: 0x0000000000000003 Time: 1.4196
[08/20/2026-18:38:15] [V] [TRT] >>>>>>>>>>>>>>> Chose Runner Type: DLA Tactic: 0x0000000000000003
[08/20/2026-18:38:15] [V] [TRT] *************** Autotuning format combination: Int8(172032,57344,256,1) -> Int8(3136,49:32,7,1) ***************
[08/20/2026-18:38:15] [V] [TRT] --------------- Timing Runner: {ForeignNode[/conv1/Conv.../layer4/layer4.2/relu_2/Relu]} (DLA[0x80000016])
[08/20/2026-18:38:16] [V] [TRT] Setting a default quantization params because quantization data is missing for {ForeignNode[/conv1/Conv.../layer4/layer4.2/relu_2/Relu]}
[08/20/2026-18:38:16] [V] [TRT] Tactic: 0x0000000000000003 Time: 1.37053
[08/20/2026-18:38:16] [V] [TRT] {ForeignNode[/conv1/Conv.../layer4/layer4.2/relu_2/Relu]} (DLA[0x80000016]) profiling completed in 0.892123 seconds. Fastest Tactic: 0x0000000000000003 Time: 1.37053
[08/20/2026-18:38:16] [V] [TRT] >>>>>>>>>>>>>>> Chose Runner Type: DLA Tactic: 0x0000000000000003
[08/20/2026-18:38:16] [V] [TRT] *************** Autotuning format combination: Int8(50176,1:4,224,1) -> Int8(917504,448,64,1) ***************
[08/20/2026-18:38:16] [V] [TRT] --------------- Timing Runner: {ForeignNode[/conv1/Conv.../layer4/layer4.2/relu_2/Relu]} (DLA[0x80000016])
[08/20/2026-18:38:17] [V] [TRT] Setting a default quantization params because quantization data is missing for {ForeignNode[/conv1/Conv.../layer4/layer4.2/relu_2/Relu]}
[08/20/2026-18:38:17] [V] [TRT] Tactic: 0x0000000000000003 Time: 1.1336
[08/20/2026-18:38:17] [V] [TRT] {ForeignNode[/conv1/Conv.../layer4/layer4.2/relu_2/Relu]} (DLA[0x80000016]) profiling completed in 0.863082 seconds. Fastest Tactic: 0x0000000000000003 Time: 1.1336
[08/20/2026-18:38:17] [V] [TRT] >>>>>>>>>>>>>>> Chose Runner Type: DLA Tactic: 0x0000000000000003
[08/20/2026-18:38:17] [V] [TRT] *************** Autotuning format combination: Int8(50176,1:4,224,1) -> Int8(3136,49:32,7,1) ***************
[08/20/2026-18:38:17] [V] [TRT] --------------- Timing Runner: {ForeignNode[/conv1/Conv.../layer4/layer4.2/relu_2/Relu]} (DLA[0x80000016])
[08/20/2026-18:38:18] [V] [TRT] Setting a default quantization params because quantization data is missing for {ForeignNode[/conv1/Conv.../layer4/layer4.2/relu_2/Relu]}
[08/20/2026-18:38:18] [V] [TRT] Tactic: 0x0000000000000003 Time: 1.08323
[08/20/2026-18:38:18] [V] [TRT] {ForeignNode[/conv1/Conv.../layer4/layer4.2/relu_2/Relu]} (DLA[0x80000016]) profiling completed in 0.859446 seconds. Fastest Tactic: 0x0000000000000003 Time: 1.08323
[08/20/2026-18:38:18] [V] [TRT] >>>>>>>>>>>>>>> Chose Runner Type: DLA Tactic: 0x0000000000000003
[08/20/2026-18:38:18] [V] [TRT] *************** Autotuning format combination: Int8(50176,50176:32,224,1) -> Int8(917504,448,64,1) ***************
[08/20/2026-18:38:18] [V] [TRT] --------------- Timing Runner: {ForeignNode[/conv1/Conv.../layer4/layer4.2/relu_2/Relu]} (DLA[0x80000016])
[08/20/2026-18:38:19] [V] [TRT] Setting a default quantization params because quantization data is missing for {ForeignNode[/conv1/Conv.../layer4/layer4.2/relu_2/Relu]}
[08/20/2026-18:38:19] [V] [TRT] Tactic: 0x0000000000000003 Time: 1.32684
[08/20/2026-18:38:19] [V] [TRT] {ForeignNode[/conv1/Conv.../layer4/layer4.2/relu_2/Relu]} (DLA[0x80000016]) profiling completed in 0.869452 seconds. Fastest Tactic: 0x0000000000000003 Time: 1.32684
[08/20/2026-18:38:19] [V] [TRT] >>>>>>>>>>>>>>> Chose Runner Type: DLA Tactic: 0x0000000000000003
[08/20/2026-18:38:19] [V] [TRT] *************** Autotuning format combination: Int8(50176,50176:32,224,1) -> Int8(3136,49:32,7,1) ***************
[08/20/2026-18:38:19] [V] [TRT] --------------- Timing Runner: {ForeignNode[/conv1/Conv.../layer4/layer4.2/relu_2/Relu]} (DLA[0x80000016])
[08/20/2026-18:38:20] [V] [TRT] Setting a default quantization params because quantization data is missing for {ForeignNode[/conv1/Conv.../layer4/layer4.2/relu_2/Relu]}
[08/20/2026-18:38:20] [V] [TRT] Tactic: 0x0000000000000003 Time: 1.27815
[08/20/2026-18:38:20] [V] [TRT] {ForeignNode[/conv1/Conv.../layer4/layer4.2/relu_2/Relu]} (DLA[0x80000016]) profiling completed in 0.864379 seconds. Fastest Tactic: 0x0000000000000003 Time: 1.27815
[08/20/2026-18:38:20] [V] [TRT] >>>>>>>>>>>>>>> Chose Runner Type: DLA Tactic: 0x0000000000000003
[08/20/2026-18:38:20] [V] [TRT] =============== Computing costs for /avgpool/GlobalAveragePool
[08/20/2026-18:38:20] [V] [TRT] *************** Autotuning format combination: Float(100352,49,7,1) -> Float(2048,1,1,1) ***************
[08/20/2026-18:38:20] [V] [TRT] --------------- Timing Runner: /avgpool/GlobalAveragePool (CaskPooling[0x8000002f])
[08/20/2026-18:38:20] [V] [TRT] Tactic Name: sm50_xmma_pooling_fw_4d_FP32FP32NCHW_Average_FastDiv Tactic: 0x933eceba7b866d59 Time: 0.0217881
[08/20/2026-18:38:20] [V] [TRT] Tactic Name: sm50_xmma_pooling_tiled_FP32NCHW_kAVERAGE_tP1_tQ1_tR7_tS7_tU1_tV1_tUnroll8_tThreads49 Tactic: 0xc342539bbc57213f Time: 0.0418057
[08/20/2026-18:38:20] [V] [TRT] Tactic Name: sm50_xmma_pooling_nd_NCDHW_kAVERAGE_kGENERIC_3D_POOLING_MODE_kFLOAT_0 Tactic: 0xba33c80addb15739 Time: 0.0327461
[08/20/2026-18:38:20] [V] [TRT] Tactic Name: sm50_xmma_pooling_tiled_FP32NCHW_kAVERAGE_tP1_tQ1_tR7_tS7_tU1_tV1_tUnroll3_tThreads49 Tactic: 0xdde1c0e17b540744 Time: 0.0440651
[08/20/2026-18:38:20] [V] [TRT] Tactic Name: sm50_xmma_pooling_tiled_FP32NCHW_kAVERAGE_tP1_tQ1_tR7_tS7_tU1_tV1_tUnroll5_tThreads49 Tactic: 0x02269187420e4bc5 Time: 0.04256
[08/20/2026-18:38:20] [V] [TRT] Tactic Name: sm50_xmma_pooling_tiled_FP32NCHW_kAVERAGE_tP1_tQ1_tR7_tS7_tU1_tV1_tUnroll2_tThreads49 Tactic: 0x31d30f1a58b7ea39 Time: 0.0454686
[08/20/2026-18:38:20] [V] [TRT] Tactic Name: sm50_xmma_pooling_tiled_FP32NCHW_kAVERAGE_tP1_tQ1_tR7_tS7_tU1_tV1_tUnroll7_tThreads49 Tactic: 0x489ba15aaac78fba Time: 0.0441589
[08/20/2026-18:38:20] [V] [TRT] Tactic Name: sm50_xmma_pooling_tiled_FP32NCHW_kAVERAGE_tP1_tQ1_tR7_tS7_tU1_tV1_tUnroll4_tThreads49 Tactic: 0xee145e7c61eda6b8 Time: 0.0422491
[08/20/2026-18:38:20] [V] [TRT] Tactic Name: sm50_xmma_pooling_tiled_FP32NCHW_kAVERAGE_tP1_tQ1_tR7_tS7_tU1_tV1_tUnroll1_tThreads49 Tactic: 0x975cf03c939dc33b Time: 0.0540952
[08/20/2026-18:38:20] [V] [TRT] Tactic Name: sm50_xmma_pooling_tiled_FP32NCHW_kAVERAGE_tP1_tQ1_tR7_tS7_tU1_tV1_tUnroll6_tThreads49 Tactic: 0xa4a96ea1892462c7 Time: 0.0430411
[08/20/2026-18:38:20] [V] [TRT] /avgpool/GlobalAveragePool (CaskPooling[0x8000002f]) profiling completed in 0.0396276 seconds. Fastest Tactic: 0x933eceba7b866d59 Time: 0.0217881
[08/20/2026-18:38:20] [V] [TRT] >>>>>>>>>>>>>>> Chose Runner Type: CaskPooling Tactic: 0x933eceba7b866d59
[08/20/2026-18:38:20] [V] [TRT] *************** Autotuning format combination: Float(25088,1:4,3584,512) -> Float(512,1:4,512,512) ***************
[08/20/2026-18:38:20] [V] [TRT] --------------- Timing Runner: /avgpool/GlobalAveragePool (CaskPooling[0x8000002f])
[08/20/2026-18:38:20] [V] [TRT] Tactic Name: sm50_xmma_pooling_fw_4d_FP32FP32NHWC_Average_FastDiv_CAlign4 Tactic: 0xfab3e2ee1c085a9a Time: 0.0216013
[08/20/2026-18:38:20] [V] [TRT] /avgpool/GlobalAveragePool (CaskPooling[0x8000002f]) profiling completed in 0.00390374 seconds. Fastest Tactic: 0xfab3e2ee1c085a9a Time: 0.0216013
[08/20/2026-18:38:20] [V] [TRT] >>>>>>>>>>>>>>> Chose Runner Type: CaskPooling Tactic: 0xfab3e2ee1c085a9a
[08/20/2026-18:38:20] [V] [TRT] *************** Autotuning format combination: Half(100352,49,7,1) -> Half(2048,1,1,1) ***************
[08/20/2026-18:38:20] [V] [TRT] --------------- Timing Runner: /avgpool/GlobalAveragePool (CaskPooling[0x8000002f])
[08/20/2026-18:38:20] [V] [TRT] Tactic Name: sm50_xmma_pooling_nd_NCDHW_kAVERAGE_kGENERIC_3D_POOLING_MODE_kHALF_0 Tactic: 0x1a8f216956eaf003 Time: 0.0312777
[08/20/2026-18:38:20] [V] [TRT] Tactic Name: sm50_xmma_pooling_fw_4d_FP16FP32NCHW_Average_FastDiv Tactic: 0x94ce450867316320 Time: 0.0208222
[08/20/2026-18:38:20] [V] [TRT] /avgpool/GlobalAveragePool (CaskPooling[0x8000002f]) profiling completed in 0.00789729 seconds. Fastest Tactic: 0x94ce450867316320 Time: 0.0208222
[08/20/2026-18:38:20] [V] [TRT] >>>>>>>>>>>>>>> Chose Runner Type: CaskPooling Tactic: 0x94ce450867316320
[08/20/2026-18:38:20] [V] [TRT] *************** Autotuning format combination: Half(12544,1:8,1792,256) -> Half(256,1:8,256,256) ***************
[08/20/2026-18:38:20] [V] [TRT] --------------- Timing Runner: /avgpool/GlobalAveragePool (CaskPooling[0x8000002f])
[08/20/2026-18:38:20] [V] [TRT] Tactic Name: sm50_xmma_pooling_nd_NDHWC_kAVERAGE_kGENERIC_3D_POOLING_MODE_kHALF_3 Tactic: 0x6331ceb0db40665b Time: 0.038976
[08/20/2026-18:38:20] [V] [TRT] Tactic Name: sm50_xmma_pooling_fw_4d_FP16FP32NHWC_Average_FastDiv_CAlign4 Tactic: 0x56d7b61f084f251e Time: 0.0205022
[08/20/2026-18:38:20] [V] [TRT] Tactic Name: sm50_xmma_pooling_coalescedC_NHWC_kAVERAGE_3_True Tactic: 0x206fa8108124552f Time: 0.031285
[08/20/2026-18:38:20] [V] [TRT] Tactic Name: sm50_xmma_pooling_fw_4d_FP16FP32NHWC_Average_FastDiv_CAlign8 Tactic: 0xdaa6f29208dec74b Time: 0.0207582
[08/20/2026-18:38:20] [V] [TRT] /avgpool/GlobalAveragePool (CaskPooling[0x8000002f]) profiling completed in 0.015857 seconds. Fastest Tactic: 0x56d7b61f084f251e Time: 0.0205022
[08/20/2026-18:38:20] [V] [TRT] >>>>>>>>>>>>>>> Chose Runner Type: CaskPooling Tactic: 0x56d7b61f084f251e
[08/20/2026-18:38:20] [V] [TRT] *************** Autotuning format combination: Int8(25088,49:4,7,1) -> Int8(512,1:4,1,1) ***************
[08/20/2026-18:38:20] [V] [TRT] --------------- Timing Runner: /avgpool/GlobalAveragePool (CaskPooling[0x8000002f])
[08/20/2026-18:38:20] [V] [TRT] Tactic Name: sm50_xmma_pooling_tiled_INT8NCxHW4_kAVERAGE_tP1_tQ1_tR7_tS7_tU1_tV1_tUnroll8_tThreads49 Tactic: 0x3ddeb40b14b91c85 Time: 0.0439189
[08/20/2026-18:38:20] [V] [TRT] Tactic Name: sm50_xmma_pooling_tiled_INT8NCxHW4_kAVERAGE_tP1_tQ1_tR7_tS7_tU1_tV1_tUnroll5_tThreads49 Tactic: 0xfcba7617eae0767f Time: 0.0449211
[08/20/2026-18:38:20] [V] [TRT] Tactic Name: sm50_xmma_pooling_tiled_INT8NCxHW4_kAVERAGE_tP1_tQ1_tR7_tS7_tU1_tV1_tUnroll3_tThreads49 Tactic: 0x237d2771d3ba3afe Time: 0.0389417
[08/20/2026-18:38:20] [V] [TRT] Tactic Name: sm50_xmma_pooling_CHWPacked_NCxHW4_kAVERAGE Tactic: 0xb4d3d3158ab4fbc4 Time: 0.0337993
[08/20/2026-18:38:20] [V] [TRT] Tactic Name: sm50_xmma_pooling_tiled_INT8NCxHW4_kAVERAGE_tP1_tQ1_tR7_tS7_tU1_tV1_tUnroll7_tThreads49 Tactic: 0xb60746ca0229b200 Time: 0.0488152
[08/20/2026-18:38:20] [V] [TRT] Tactic Name: sm50_xmma_pooling_tiled_INT8NCxHW4_kAVERAGE_tP1_tQ1_tR7_tS7_tU1_tV1_tUnroll1_tThreads49 Tactic: 0x69c017ac3b73fe81 Time: 0.0377314
[08/20/2026-18:38:20] [V] [TRT] Tactic Name: sm50_xmma_pooling_tiled_INT8NCxHW4_kAVERAGE_tP1_tQ1_tR7_tS7_tU1_tV1_tUnroll2_tThreads49 Tactic: 0xcf4fe88af059d783 Time: 0.0364446
[08/20/2026-18:38:20] [V] [TRT] Tactic Name: sm50_xmma_pooling_tiled_INT8NCxHW4_kAVERAGE_tP1_tQ1_tR7_tS7_tU1_tV1_tUnroll4_tThreads49 Tactic: 0x1088b9ecc9039b02 Time: 0.037072
[08/20/2026-18:38:20] [V] [TRT] Tactic Name: sm50_xmma_pooling_tiled_INT8NCxHW4_kAVERAGE_tP1_tQ1_tR7_tS7_tU1_tV1_tUnroll6_tThreads49 Tactic: 0x5a35893121ca5f7d Time: 0.04288
[08/20/2026-18:38:20] [V] [TRT] /avgpool/GlobalAveragePool (CaskPooling[0x8000002f]) profiling completed in 0.0418068 seconds. Fastest Tactic: 0xb4d3d3158ab4fbc4 Time: 0.0337993
[08/20/2026-18:38:20] [V] [TRT] >>>>>>>>>>>>>>> Chose Runner Type: CaskPooling Tactic: 0xb4d3d3158ab4fbc4
[08/20/2026-18:38:20] [V] [TRT] *************** Autotuning format combination: Int8(3136,49:32,7,1) -> Int8(64,1:32,1,1) ***************
[08/20/2026-18:38:20] [V] [TRT] --------------- Timing Runner: /avgpool/GlobalAveragePool (CaskPooling[0x8000002f])
[08/20/2026-18:38:20] [V] [TRT] Tactic Name: sm72_xmma_pooling_IMMA_NCxHW32_generic_kAVERAGE Tactic: 0xd9375d43b61ffbcb Time: 0.0368389
[08/20/2026-18:38:20] [V] [TRT] Tactic Name: sm72_xmma_pooling_IMMA_NCxHW32_gap Tactic: 0xa3a1a62d21de759d Time: 0.0389749
[08/20/2026-18:38:20] [V] [TRT] Tactic Name: sm72_xmma_pooling_IMMA_NCxHW32_gapSyncCta Tactic: 0x1340e8758429064c Time: 0.0285797
[08/20/2026-18:38:20] [V] [TRT] /avgpool/GlobalAveragePool (CaskPooling[0x8000002f]) profiling completed in 0.0140004 seconds. Fastest Tactic: 0x1340e8758429064c Time: 0.0285797
[08/20/2026-18:38:20] [V] [TRT] >>>>>>>>>>>>>>> Chose Runner Type: CaskPooling Tactic: 0x1340e8758429064c
[08/20/2026-18:38:20] [V] [TRT] =============== Computing costs for {ForeignNode[/fc/Gemm + (Unnamed Layer* 125) [ElementWise]]}
[08/20/2026-18:38:20] [V] [TRT] *************** Autotuning format combination: Int8(131072,64,64,1) -> Int8(64000,64,64,1) ***************
[08/20/2026-18:38:20] [V] [TRT] --------------- Timing Runner: {ForeignNode[/fc/Gemm + (Unnamed Layer* 125) [ElementWise]]} (DLA[0x80000016])
[08/20/2026-18:38:20] [V] [TRT] Setting a default quantization params because quantization data is missing for {ForeignNode[/fc/Gemm + (Unnamed Layer* 125) [ElementWise]]}
[08/20/2026-18:38:20] [V] [TRT] Tactic: 0x0000000000000003 Time: 0.107614
[08/20/2026-18:38:20] [V] [TRT] {ForeignNode[/fc/Gemm + (Unnamed Layer* 125) [ElementWise]]} (DLA[0x80000016]) profiling completed in 0.0967681 seconds. Fastest Tactic: 0x0000000000000003 Time: 0.107614
[08/20/2026-18:38:20] [V] [TRT] >>>>>>>>>>>>>>> Chose Runner Type: DLA Tactic: 0x0000000000000003
[08/20/2026-18:38:20] [V] [TRT] *************** Autotuning format combination: Int8(131072,64,64,1) -> Int8(32,1:32,1,1) ***************
[08/20/2026-18:38:20] [V] [TRT] --------------- Timing Runner: {ForeignNode[/fc/Gemm + (Unnamed Layer* 125) [ElementWise]]} (DLA[0x80000016])
[08/20/2026-18:38:20] [V] [TRT] Setting a default quantization params because quantization data is missing for {ForeignNode[/fc/Gemm + (Unnamed Layer* 125) [ElementWise]]}
[08/20/2026-18:38:20] [V] [TRT] Tactic: 0x0000000000000003 Time: 0.102064
[08/20/2026-18:38:20] [V] [TRT] {ForeignNode[/fc/Gemm + (Unnamed Layer* 125) [ElementWise]]} (DLA[0x80000016]) profiling completed in 0.0807516 seconds. Fastest Tactic: 0x0000000000000003 Time: 0.102064
[08/20/2026-18:38:20] [V] [TRT] >>>>>>>>>>>>>>> Chose Runner Type: DLA Tactic: 0x0000000000000003
[08/20/2026-18:38:20] [V] [TRT] *************** Autotuning format combination: Int8(64,1:32,1,1) -> Int8(64000,64,64,1) ***************
[08/20/2026-18:38:20] [V] [TRT] --------------- Timing Runner: {ForeignNode[/fc/Gemm + (Unnamed Layer* 125) [ElementWise]]} (DLA[0x80000016])
[08/20/2026-18:38:20] [V] [TRT] Setting a default quantization params because quantization data is missing for {ForeignNode[/fc/Gemm + (Unnamed Layer* 125) [ElementWise]]}
[08/20/2026-18:38:20] [V] [TRT] Tactic: 0x0000000000000003 Time: 0.102425
[08/20/2026-18:38:20] [V] [TRT] {ForeignNode[/fc/Gemm + (Unnamed Layer* 125) [ElementWise]]} (DLA[0x80000016]) profiling completed in 0.0783771 seconds. Fastest Tactic: 0x0000000000000003 Time: 0.102425
[08/20/2026-18:38:20] [V] [TRT] >>>>>>>>>>>>>>> Chose Runner Type: DLA Tactic: 0x0000000000000003
[08/20/2026-18:38:20] [V] [TRT] *************** Autotuning format combination: Int8(64,1:32,1,1) -> Int8(32,1:32,1,1) ***************
[08/20/2026-18:38:20] [V] [TRT] --------------- Timing Runner: {ForeignNode[/fc/Gemm + (Unnamed Layer* 125) [ElementWise]]} (DLA[0x80000016])
[08/20/2026-18:38:20] [V] [TRT] Setting a default quantization params because quantization data is missing for {ForeignNode[/fc/Gemm + (Unnamed Layer* 125) [ElementWise]]}
[08/20/2026-18:38:20] [V] [TRT] Tactic: 0x0000000000000003 Time: 0.0991634
[08/20/2026-18:38:20] [V] [TRT] {ForeignNode[/fc/Gemm + (Unnamed Layer* 125) [ElementWise]]} (DLA[0x80000016]) profiling completed in 0.0780971 seconds. Fastest Tactic: 0x0000000000000003 Time: 0.0991634
[08/20/2026-18:38:20] [V] [TRT] >>>>>>>>>>>>>>> Chose Runner Type: DLA Tactic: 0x0000000000000003
[08/20/2026-18:38:20] [V] [TRT] =============== Computing costs for reshape_after_/fc/Gemm
[08/20/2026-18:38:20] [V] [TRT] *************** Autotuning format combination: Float(1000,1,1,1) -> Float(1000,1) ***************
[08/20/2026-18:38:20] [V] [TRT] --------------- Timing Runner: reshape_after_/fc/Gemm (Shuffle[0x8000000d])
[08/20/2026-18:38:20] [V] [TRT] Tactic: 0x0000000000000000 Time: 0.0106132
[08/20/2026-18:38:20] [V] [TRT] Tactic: 0x0000000000000001 Time: 0.0297152
[08/20/2026-18:38:20] [V] [TRT] reshape_after_/fc/Gemm (Shuffle[0x8000000d]) profiling completed in 0.0120923 seconds. Fastest Tactic: 0x0000000000000000 Time: 0.0106132
[08/20/2026-18:38:20] [V] [TRT] >>>>>>>>>>>>>>> Chose Runner Type: Shuffle Tactic: 0x0000000000000000
[08/20/2026-18:38:20] [V] [TRT] *************** Autotuning format combination: Float(250,1:4,250,250) -> Float(1000,1) ***************
[08/20/2026-18:38:20] [V] [TRT] --------------- Timing Runner: reshape_after_/fc/Gemm (Shuffle[0x8000000d])
[08/20/2026-18:38:20] [V] [TRT] Tactic: 0x0000000000000000 Time: 0.0135647
[08/20/2026-18:38:20] [V] [TRT] reshape_after_/fc/Gemm (Shuffle[0x8000000d]) profiling completed in 0.00599224 seconds. Fastest Tactic: 0x0000000000000000 Time: 0.0135647
[08/20/2026-18:38:20] [V] [TRT] >>>>>>>>>>>>>>> Chose Runner Type: Shuffle Tactic: 0x0000000000000000
[08/20/2026-18:38:20] [V] [TRT] *************** Autotuning format combination: Half(1000,1,1,1) -> Half(1000,1) ***************
[08/20/2026-18:38:20] [V] [TRT] --------------- Timing Runner: reshape_after_/fc/Gemm (Shuffle[0x8000000d])
[08/20/2026-18:38:20] [V] [TRT] Tactic: 0x0000000000000000 Time: 0.0105976
[08/20/2026-18:38:20] [V] [TRT] Tactic: 0x0000000000000001 Time: 0.0341879
[08/20/2026-18:38:20] [V] [TRT] reshape_after_/fc/Gemm (Shuffle[0x8000000d]) profiling completed in 0.00747102 seconds. Fastest Tactic: 0x0000000000000000 Time: 0.0105976
[08/20/2026-18:38:20] [V] [TRT] >>>>>>>>>>>>>>> Chose Runner Type: Shuffle Tactic: 0x0000000000000000
[08/20/2026-18:38:20] [V] [TRT] *************** Autotuning format combination: Half(500,1:2,500,500) -> Half(1000,1) ***************
[08/20/2026-18:38:20] [V] [TRT] --------------- Timing Runner: reshape_after_/fc/Gemm (Shuffle[0x8000000d])
[08/20/2026-18:38:20] [V] [TRT] Tactic: 0x0000000000000000 Time: 0.0132671
[08/20/2026-18:38:20] [V] [TRT] reshape_after_/fc/Gemm (Shuffle[0x8000000d]) profiling completed in 0.00411185 seconds. Fastest Tactic: 0x0000000000000000 Time: 0.0132671
[08/20/2026-18:38:20] [V] [TRT] >>>>>>>>>>>>>>> Chose Runner Type: Shuffle Tactic: 0x0000000000000000
[08/20/2026-18:38:20] [V] [TRT] *************** Autotuning format combination: Half(125,1:8,125,125) -> Half(1000,1) ***************
[08/20/2026-18:38:20] [V] [TRT] --------------- Timing Runner: reshape_after_/fc/Gemm (Shuffle[0x8000000d])
[08/20/2026-18:38:20] [V] [TRT] Tactic: 0x0000000000000000 Time: 0.0133224
[08/20/2026-18:38:20] [V] [TRT] reshape_after_/fc/Gemm (Shuffle[0x8000000d]) profiling completed in 0.0035996 seconds. Fastest Tactic: 0x0000000000000000 Time: 0.0133224
[08/20/2026-18:38:20] [V] [TRT] >>>>>>>>>>>>>>> Chose Runner Type: Shuffle Tactic: 0x0000000000000000
[08/20/2026-18:38:20] [V] [TRT] =============== Computing reformatting costs for available format set
[08/20/2026-18:38:20] [V] [TRT] =============== Computing reformatting costs: 
[08/20/2026-18:38:20] [V] [TRT] *************** Autotuning Reformat: Float(150528,50176,224,1) -> Int8(172032,57344,256,1) ***************
[08/20/2026-18:38:20] [V] [TRT] --------------- Timing Runner: Optimizer Reformat(input -> <out>) (Reformat[0x80000006])
[08/20/2026-18:38:20] [V] [TRT] Setting a default quantization params because quantization data is missing for 
[08/20/2026-18:38:20] [V] [TRT] Tactic: 0x00000000000003e8 Time: 0.0286126
[08/20/2026-18:38:20] [V] [TRT] Setting a default quantization params because quantization data is missing for 
[08/20/2026-18:38:20] [V] [TRT] Tactic: 0x00000000000003ea Time: 0.0451623
[08/20/2026-18:38:20] [V] [TRT] Setting a default quantization params because quantization data is missing for 
[08/20/2026-18:38:20] [V] [TRT] Tactic: 0x0000000000000000 Time: 0.0286345
[08/20/2026-18:38:20] [V] [TRT] Optimizer Reformat(input -> <out>) (Reformat[0x80000006]) profiling completed in 0.0130447 seconds. Fastest Tactic: 0x00000000000003e8 Time: 0.0286126
[08/20/2026-18:38:20] [V] [TRT] *************** Autotuning Reformat: Float(150528,50176,224,1) -> Int8(50176,1:4,224,1) ***************
[08/20/2026-18:38:20] [V] [TRT] --------------- Timing Runner: Optimizer Reformat(input -> <out>) (Reformat[0x80000006])
[08/20/2026-18:38:20] [V] [TRT] Setting a default quantization params because quantization data is missing for 
[08/20/2026-18:38:20] [V] [TRT] Tactic: 0x00000000000003e8 Time: 0.060061
[08/20/2026-18:38:20] [V] [TRT] Setting a default quantization params because quantization data is missing for 
[08/20/2026-18:38:20] [V] [TRT] Tactic: 0x00000000000003ea Time: 0.0315602
[08/20/2026-18:38:20] [V] [TRT] Setting a default quantization params because quantization data is missing for 
[08/20/2026-18:38:20] [V] [TRT] Tactic: 0x0000000000000000 Time: 0.059901
[08/20/2026-18:38:20] [V] [TRT] Optimizer Reformat(input -> <out>) (Reformat[0x80000006]) profiling completed in 0.0121261 seconds. Fastest Tactic: 0x00000000000003ea Time: 0.0315602
[08/20/2026-18:38:20] [V] [TRT] *************** Autotuning Reformat: Float(150528,50176,224,1) -> Int8(50176,50176:32,224,1) ***************
[08/20/2026-18:38:20] [V] [TRT] --------------- Timing Runner: Optimizer Reformat(input -> <out>) (Reformat[0x80000006])
[08/20/2026-18:38:20] [V] [TRT] Setting a default quantization params because quantization data is missing for 
[08/20/2026-18:38:20] [V] [TRT] Tactic: 0x00000000000003e8 Time: 0.841897
[08/20/2026-18:38:20] [V] [TRT] Setting a default quantization params because quantization data is missing for 
[08/20/2026-18:38:20] [V] [TRT] Tactic: 0x00000000000003ea Time: 0.143077
[08/20/2026-18:38:20] [V] [TRT] Setting a default quantization params because quantization data is missing for 
[08/20/2026-18:38:20] [V] [TRT] Tactic: 0x0000000000000000 Time: 0.84117
[08/20/2026-18:38:20] [V] [TRT] Optimizer Reformat(input -> <out>) (Reformat[0x80000006]) profiling completed in 0.024358 seconds. Fastest Tactic: 0x00000000000003ea Time: 0.143077
[08/20/2026-18:38:20] [V] [TRT] =============== Computing reformatting costs for available format set
[08/20/2026-18:38:20] [V] [TRT] =============== Computing reformatting costs: 
[08/20/2026-18:38:20] [V] [TRT] *************** Autotuning Reformat: Int8(917504,448,64,1) -> Float(100352,49,7,1) ***************
[08/20/2026-18:38:20] [V] [TRT] --------------- Timing Runner: Optimizer Reformat(/layer4/layer4.2/relu_2/Relu_output_0 -> <out>) (Reformat[0x80000006])
[08/20/2026-18:38:20] [V] [TRT] Setting a default quantization params because quantization data is missing for 
[08/20/2026-18:38:20] [V] [TRT] Tactic: 0x00000000000003e8 Time: 0.0360777
[08/20/2026-18:38:20] [V] [TRT] Setting a default quantization params because quantization data is missing for 
[08/20/2026-18:38:20] [V] [TRT] Tactic: 0x00000000000003ea Time: 0.702661
[08/20/2026-18:38:20] [V] [TRT] Setting a default quantization params because quantization data is missing for 
[08/20/2026-18:38:20] [V] [TRT] Tactic: 0x0000000000000000 Time: 0.0361166
[08/20/2026-18:38:20] [V] [TRT] Optimizer Reformat(/layer4/layer4.2/relu_2/Relu_output_0 -> <out>) (Reformat[0x80000006]) profiling completed in 0.0180946 seconds. Fastest Tactic: 0x00000000000003e8 Time: 0.0360777
[08/20/2026-18:38:20] [V] [TRT] *************** Autotuning Reformat: Int8(917504,448,64,1) -> Float(25088,1:4,3584,512) ***************
[08/20/2026-18:38:20] [V] [TRT] --------------- Timing Runner: Optimizer Reformat(/layer4/layer4.2/relu_2/Relu_output_0 -> <out>) (Reformat[0x80000006])
[08/20/2026-18:38:20] [V] [TRT] Setting a default quantization params because quantization data is missing for 
[08/20/2026-18:38:20] [V] [TRT] Tactic: 0x00000000000003e8 Time: 0.0501333
[08/20/2026-18:38:20] [V] [TRT] Setting a default quantization params because quantization data is missing for 
[08/20/2026-18:38:20] [V] [TRT] Tactic: 0x00000000000003ea Time: 0.126046
[08/20/2026-18:38:20] [V] [TRT] Setting a default quantization params because quantization data is missing for 
[08/20/2026-18:38:20] [V] [TRT] Tactic: 0x0000000000000000 Time: 0.050243
[08/20/2026-18:38:20] [V] [TRT] Optimizer Reformat(/layer4/layer4.2/relu_2/Relu_output_0 -> <out>) (Reformat[0x80000006]) profiling completed in 0.0149724 seconds. Fastest Tactic: 0x00000000000003e8 Time: 0.0501333
[08/20/2026-18:38:20] [V] [TRT] *************** Autotuning Reformat: Int8(917504,448,64,1) -> Half(100352,49,7,1) ***************
[08/20/2026-18:38:20] [V] [TRT] --------------- Timing Runner: Optimizer Reformat(/layer4/layer4.2/relu_2/Relu_output_0 -> <out>) (Reformat[0x80000006])
[08/20/2026-18:38:20] [V] [TRT] Setting a default quantization params because quantization data is missing for 
[08/20/2026-18:38:20] [V] [TRT] Tactic: 0x00000000000003e8 Time: 0.0360606
[08/20/2026-18:38:20] [V] [TRT] Setting a default quantization params because quantization data is missing for 
[08/20/2026-18:38:20] [V] [TRT] Tactic: 0x00000000000003ea Time: 0.189669
[08/20/2026-18:38:20] [V] [TRT] Setting a default quantization params because quantization data is missing for 
[08/20/2026-18:38:20] [V] [TRT] Tactic: 0x0000000000000000 Time: 0.0359531
[08/20/2026-18:38:20] [V] [TRT] Optimizer Reformat(/layer4/layer4.2/relu_2/Relu_output_0 -> <out>) (Reformat[0x80000006]) profiling completed in 0.0160742 seconds. Fastest Tactic: 0x0000000000000000 Time: 0.0359531
[08/20/2026-18:38:20] [V] [TRT] *************** Autotuning Reformat: Int8(917504,448,64,1) -> Half(12544,1:8,1792,256) ***************
[08/20/2026-18:38:20] [V] [TRT] --------------- Timing Runner: Optimizer Reformat(/layer4/layer4.2/relu_2/Relu_output_0 -> <out>) (Reformat[0x80000006])
[08/20/2026-18:38:20] [V] [TRT] Setting a default quantization params because quantization data is missing for 
[08/20/2026-18:38:20] [V] [TRT] Tactic: 0x00000000000003e8 Time: 0.0505112
[08/20/2026-18:38:20] [V] [TRT] Setting a default quantization params because quantization data is missing for 
[08/20/2026-18:38:20] [V] [TRT] Tactic: 0x00000000000003ea Time: 0.122546
[08/20/2026-18:38:20] [V] [TRT] Setting a default quantization params because quantization data is missing for 
[08/20/2026-18:38:20] [V] [TRT] Tactic: 0x0000000000000000 Time: 0.0504777
[08/20/2026-18:38:20] [V] [TRT] Optimizer Reformat(/layer4/layer4.2/relu_2/Relu_output_0 -> <out>) (Reformat[0x80000006]) profiling completed in 0.0152839 seconds. Fastest Tactic: 0x0000000000000000 Time: 0.0504777
[08/20/2026-18:38:20] [V] [TRT] *************** Autotuning Reformat: Int8(917504,448,64,1) -> Int8(25088,49:4,7,1) ***************
[08/20/2026-18:38:20] [V] [TRT] --------------- Timing Runner: Optimizer Reformat(/layer4/layer4.2/relu_2/Relu_output_0 -> <out>) (Reformat[0x80000006])
[08/20/2026-18:38:20] [V] [TRT] Setting a default quantization params because quantization data is missing for 
[08/20/2026-18:38:20] [V] [TRT] Tactic: 0x00000000000003e8 Time: 0.0440149
[08/20/2026-18:38:20] [V] [TRT] Setting a default quantization params because quantization data is missing for 
[08/20/2026-18:38:20] [V] [TRT] Tactic: 0x00000000000003ea Time: 0.163346
[08/20/2026-18:38:20] [V] [TRT] Setting a default quantization params because quantization data is missing for 
[08/20/2026-18:38:20] [V] [TRT] Tactic: 0x0000000000000000 Time: 0.0440091
[08/20/2026-18:38:20] [V] [TRT] Optimizer Reformat(/layer4/layer4.2/relu_2/Relu_output_0 -> <out>) (Reformat[0x80000006]) profiling completed in 0.0215326 seconds. Fastest Tactic: 0x0000000000000000 Time: 0.0440091
[08/20/2026-18:38:20] [V] [TRT] *************** Autotuning Reformat: Int8(917504,448,64,1) -> Int8(3136,49:32,7,1) ***************
[08/20/2026-18:38:20] [V] [TRT] --------------- Timing Runner: Optimizer Reformat(/layer4/layer4.2/relu_2/Relu_output_0 -> <out>) (Reformat[0x80000006])
[08/20/2026-18:38:20] [V] [TRT] Setting a default quantization params because quantization data is missing for 
[08/20/2026-18:38:20] [V] [TRT] Tactic: 0x00000000000003e8 Time: 0.0593646
[08/20/2026-18:38:20] [V] [TRT] Setting a default quantization params because quantization data is missing for 
[08/20/2026-18:38:20] [V] [TRT] Tactic: 0x00000000000003ea Time: 0.13869
[08/20/2026-18:38:20] [V] [TRT] Setting a default quantization params because quantization data is missing for 
[08/20/2026-18:38:20] [V] [TRT] Tactic: 0x0000000000000000 Time: 0.0588404
[08/20/2026-18:38:20] [V] [TRT] Optimizer Reformat(/layer4/layer4.2/relu_2/Relu_output_0 -> <out>) (Reformat[0x80000006]) profiling completed in 0.017311 seconds. Fastest Tactic: 0x0000000000000000 Time: 0.0588404
[08/20/2026-18:38:20] [V] [TRT] *************** Autotuning Reformat: Int8(3136,49:32,7,1) -> Float(100352,49,7,1) ***************
[08/20/2026-18:38:20] [V] [TRT] --------------- Timing Runner: Optimizer Reformat(/layer4/layer4.2/relu_2/Relu_output_0 -> <out>) (Reformat[0x80000006])
[08/20/2026-18:38:20] [V] [TRT] Setting a default quantization params because quantization data is missing for 
[08/20/2026-18:38:20] [V] [TRT] Tactic: 0x00000000000003e8 Time: 0.0391177
[08/20/2026-18:38:20] [V] [TRT] Setting a default quantization params because quantization data is missing for 
[08/20/2026-18:38:20] [V] [TRT] Tactic: 0x00000000000003ea Time: 0.0414526
[08/20/2026-18:38:20] [V] [TRT] Setting a default quantization params because quantization data is missing for 
[08/20/2026-18:38:20] [V] [TRT] Tactic: 0x0000000000000000 Time: 0.0389646
[08/20/2026-18:38:20] [V] [TRT] Optimizer Reformat(/layer4/layer4.2/relu_2/Relu_output_0 -> <out>) (Reformat[0x80000006]) profiling completed in 0.015587 seconds. Fastest Tactic: 0x0000000000000000 Time: 0.0389646
[08/20/2026-18:38:20] [V] [TRT] *************** Autotuning Reformat: Int8(3136,49:32,7,1) -> Float(25088,1:4,3584,512) ***************
[08/20/2026-18:38:20] [V] [TRT] --------------- Timing Runner: Optimizer Reformat(/layer4/layer4.2/relu_2/Relu_output_0 -> <out>) (Reformat[0x80000006])
[08/20/2026-18:38:20] [V] [TRT] Setting a default quantization params because quantization data is missing for 
[08/20/2026-18:38:20] [V] [TRT] Tactic: 0x00000000000003e8 Time: 0.0433966
[08/20/2026-18:38:20] [V] [TRT] Setting a default quantization params because quantization data is missing for 
[08/20/2026-18:38:20] [V] [TRT] Tactic: 0x00000000000003ea Time: 0.0430263
[08/20/2026-18:38:20] [V] [TRT] Setting a default quantization params because quantization data is missing for 
[08/20/2026-18:38:20] [V] [TRT] Tactic: 0x0000000000000000 Time: 0.0433131
[08/20/2026-18:38:20] [V] [TRT] Optimizer Reformat(/layer4/layer4.2/relu_2/Relu_output_0 -> <out>) (Reformat[0x80000006]) profiling completed in 0.0160262 seconds. Fastest Tactic: 0x00000000000003ea Time: 0.0430263
[08/20/2026-18:38:20] [V] [TRT] *************** Autotuning Reformat: Int8(3136,49:32,7,1) -> Half(100352,49,7,1) ***************
[08/20/2026-18:38:20] [V] [TRT] --------------- Timing Runner: Optimizer Reformat(/layer4/layer4.2/relu_2/Relu_output_0 -> <out>) (Reformat[0x80000006])
[08/20/2026-18:38:20] [V] [TRT] Setting a default quantization params because quantization data is missing for 
[08/20/2026-18:38:20] [V] [TRT] Tactic: 0x00000000000003e8 Time: 0.0388766
[08/20/2026-18:38:20] [V] [TRT] Setting a default quantization params because quantization data is missing for 
[08/20/2026-18:38:20] [V] [TRT] Tactic: 0x00000000000003ea Time: 0.0574659
[08/20/2026-18:38:20] [V] [TRT] Setting a default quantization params because quantization data is missing for 
[08/20/2026-18:38:20] [V] [TRT] Tactic: 0x0000000000000000 Time: 0.0388194
[08/20/2026-18:38:20] [V] [TRT] Optimizer Reformat(/layer4/layer4.2/relu_2/Relu_output_0 -> <out>) (Reformat[0x80000006]) profiling completed in 0.0158747 seconds. Fastest Tactic: 0x0000000000000000 Time: 0.0388194
[08/20/2026-18:38:20] [V] [TRT] *************** Autotuning Reformat: Int8(3136,49:32,7,1) -> Half(12544,1:8,1792,256) ***************
[08/20/2026-18:38:20] [V] [TRT] --------------- Timing Runner: Optimizer Reformat(/layer4/layer4.2/relu_2/Relu_output_0 -> <out>) (Reformat[0x80000006])
[08/20/2026-18:38:20] [V] [TRT] Setting a default quantization params because quantization data is missing for 
[08/20/2026-18:38:20] [V] [TRT] Tactic: 0x00000000000003e8 Time: 0.0432377
[08/20/2026-18:38:20] [V] [TRT] Setting a default quantization params because quantization data is missing for 
[08/20/2026-18:38:20] [V] [TRT] Tactic: 0x00000000000003ea Time: 0.04108
[08/20/2026-18:38:20] [V] [TRT] Setting a default quantization params because quantization data is missing for 
[08/20/2026-18:38:20] [V] [TRT] Tactic: 0x0000000000000000 Time: 0.0162397
[08/20/2026-18:38:20] [V] [TRT] Optimizer Reformat(/layer4/layer4.2/relu_2/Relu_output_0 -> <out>) (Reformat[0x80000006]) profiling completed in 0.0173108 seconds. Fastest Tactic: 0x0000000000000000 Time: 0.0162397
[08/20/2026-18:38:20] [V] [TRT] *************** Autotuning Reformat: Int8(3136,49:32,7,1) -> Int8(25088,49:4,7,1) ***************
[08/20/2026-18:38:20] [V] [TRT] --------------- Timing Runner: Optimizer Reformat(/layer4/layer4.2/relu_2/Relu_output_0 -> <out>) (Reformat[0x80000006])
[08/20/2026-18:38:20] [V] [TRT] Setting a default quantization params because quantization data is missing for 
[08/20/2026-18:38:20] [V] [TRT] Tactic: 0x00000000000003e8 Time: 0.0269867
[08/20/2026-18:38:20] [V] [TRT] Setting a default quantization params because quantization data is missing for 
[08/20/2026-18:38:20] [V] [TRT] Tactic: 0x00000000000003ea Time: 0.0429726
[08/20/2026-18:38:20] [V] [TRT] Setting a default quantization params because quantization data is missing for 
[08/20/2026-18:38:20] [V] [TRT] Tactic: 0x0000000000000000 Time: 0.0162514
[08/20/2026-18:38:20] [V] [TRT] Optimizer Reformat(/layer4/layer4.2/relu_2/Relu_output_0 -> <out>) (Reformat[0x80000006]) profiling completed in 0.0170571 seconds. Fastest Tactic: 0x0000000000000000 Time: 0.0162514
[08/20/2026-18:38:20] [V] [TRT] =============== Computing reformatting costs for available format set
[08/20/2026-18:38:20] [V] [TRT] =============== Computing reformatting costs: 
[08/20/2026-18:38:20] [V] [TRT] *************** Autotuning Reformat: Float(2048,1,1,1) -> Int8(131072,64,64,1) ***************
[08/20/2026-18:38:20] [V] [TRT] --------------- Timing Runner: Optimizer Reformat(/avgpool/GlobalAveragePool_output_0 -> <out>) (Reformat[0x80000006])
[08/20/2026-18:38:20] [V] [TRT] Setting a default quantization params because quantization data is missing for 
[08/20/2026-18:38:20] [V] [TRT] Tactic: 0x00000000000003e8 Time: 0.0148379
[08/20/2026-18:38:20] [V] [TRT] Setting a default quantization params because quantization data is missing for 
[08/20/2026-18:38:20] [V] [TRT] Tactic: 0x00000000000003ea Time: 0.0430229
[08/20/2026-18:38:20] [V] [TRT] Setting a default quantization params because quantization data is missing for 
[08/20/2026-18:38:20] [V] [TRT] Tactic: 0x0000000000000000 Time: 0.0148174
[08/20/2026-18:38:20] [V] [TRT] Optimizer Reformat(/avgpool/GlobalAveragePool_output_0 -> <out>) (Reformat[0x80000006]) profiling completed in 0.0160955 seconds. Fastest Tactic: 0x0000000000000000 Time: 0.0148174
[08/20/2026-18:38:20] [V] [TRT] *************** Autotuning Reformat: Float(2048,1,1,1) -> Int8(64,1:32,1,1) ***************
[08/20/2026-18:38:20] [V] [TRT] --------------- Timing Runner: Optimizer Reformat(/avgpool/GlobalAveragePool_output_0 -> <out>) (Reformat[0x80000006])
[08/20/2026-18:38:20] [V] [TRT] Setting a default quantization params because quantization data is missing for 
[08/20/2026-18:38:20] [V] [TRT] Tactic: 0x00000000000003e8 Time: 0.0144686
[08/20/2026-18:38:20] [V] [TRT] Setting a default quantization params because quantization data is missing for 
[08/20/2026-18:38:20] [V] [TRT] Tactic: 0x00000000000003ea Time: 0.0398697
[08/20/2026-18:38:20] [V] [TRT] Setting a default quantization params because quantization data is missing for 
[08/20/2026-18:38:20] [V] [TRT] Tactic: 0x0000000000000000 Time: 0.0144718
[08/20/2026-18:38:20] [V] [TRT] Optimizer Reformat(/avgpool/GlobalAveragePool_output_0 -> <out>) (Reformat[0x80000006]) profiling completed in 0.0160652 seconds. Fastest Tactic: 0x00000000000003e8 Time: 0.0144686
[08/20/2026-18:38:20] [V] [TRT] *************** Autotuning Reformat: Float(512,1:4,512,512) -> Int8(131072,64,64,1) ***************
[08/20/2026-18:38:20] [V] [TRT] --------------- Timing Runner: Optimizer Reformat(/avgpool/GlobalAveragePool_output_0 -> <out>) (Reformat[0x80000006])
[08/20/2026-18:38:20] [V] [TRT] Setting a default quantization params because quantization data is missing for 
[08/20/2026-18:38:20] [V] [TRT] Tactic: 0x00000000000003e8 Time: 0.0149056
[08/20/2026-18:38:20] [V] [TRT] Setting a default quantization params because quantization data is missing for 
[08/20/2026-18:38:21] [V] [TRT] Tactic: 0x00000000000003ea Time: 0.0404926
[08/20/2026-18:38:21] [V] [TRT] Setting a default quantization params because quantization data is missing for 
[08/20/2026-18:38:21] [V] [TRT] Tactic: 0x0000000000000000 Time: 0.014896
[08/20/2026-18:38:21] [V] [TRT] Optimizer Reformat(/avgpool/GlobalAveragePool_output_0 -> <out>) (Reformat[0x80000006]) profiling completed in 0.0161124 seconds. Fastest Tactic: 0x0000000000000000 Time: 0.014896
[08/20/2026-18:38:21] [V] [TRT] *************** Autotuning Reformat: Float(512,1:4,512,512) -> Int8(64,1:32,1,1) ***************
[08/20/2026-18:38:21] [V] [TRT] --------------- Timing Runner: Optimizer Reformat(/avgpool/GlobalAveragePool_output_0 -> <out>) (Reformat[0x80000006])
[08/20/2026-18:38:21] [V] [TRT] Setting a default quantization params because quantization data is missing for 
[08/20/2026-18:38:21] [V] [TRT] Tactic: 0x00000000000003e8 Time: 0.0144155
[08/20/2026-18:38:21] [V] [TRT] Setting a default quantization params because quantization data is missing for 
[08/20/2026-18:38:21] [V] [TRT] Tactic: 0x00000000000003ea Time: 0.0375897
[08/20/2026-18:38:21] [V] [TRT] Setting a default quantization params because quantization data is missing for 
[08/20/2026-18:38:21] [V] [TRT] Tactic: 0x0000000000000000 Time: 0.0141274
[08/20/2026-18:38:21] [V] [TRT] Optimizer Reformat(/avgpool/GlobalAveragePool_output_0 -> <out>) (Reformat[0x80000006]) profiling completed in 0.0115562 seconds. Fastest Tactic: 0x0000000000000000 Time: 0.0141274
[08/20/2026-18:38:21] [V] [TRT] *************** Autotuning Reformat: Half(2048,1,1,1) -> Int8(131072,64,64,1) ***************
[08/20/2026-18:38:21] [V] [TRT] --------------- Timing Runner: Optimizer Reformat(/avgpool/GlobalAveragePool_output_0 -> <out>) (Reformat[0x80000006])
[08/20/2026-18:38:21] [V] [TRT] Setting a default quantization params because quantization data is missing for 
[08/20/2026-18:38:21] [V] [TRT] Tactic: 0x00000000000003e8 Time: 0.0153129
[08/20/2026-18:38:21] [V] [TRT] Setting a default quantization params because quantization data is missing for 
[08/20/2026-18:38:21] [V] [TRT] Tactic: 0x00000000000003ea Time: 0.0335122
[08/20/2026-18:38:21] [V] [TRT] Setting a default quantization params because quantization data is missing for 
[08/20/2026-18:38:21] [V] [TRT] Tactic: 0x0000000000000000 Time: 0.0151474
[08/20/2026-18:38:21] [V] [TRT] Optimizer Reformat(/avgpool/GlobalAveragePool_output_0 -> <out>) (Reformat[0x80000006]) profiling completed in 0.0109369 seconds. Fastest Tactic: 0x0000000000000000 Time: 0.0151474
[08/20/2026-18:38:21] [V] [TRT] *************** Autotuning Reformat: Half(2048,1,1,1) -> Int8(64,1:32,1,1) ***************
[08/20/2026-18:38:21] [V] [TRT] --------------- Timing Runner: Optimizer Reformat(/avgpool/GlobalAveragePool_output_0 -> <out>) (Reformat[0x80000006])
[08/20/2026-18:38:21] [V] [TRT] Setting a default quantization params because quantization data is missing for 
[08/20/2026-18:38:21] [V] [TRT] Tactic: 0x00000000000003e8 Time: 0.0146263
[08/20/2026-18:38:21] [V] [TRT] Setting a default quantization params because quantization data is missing for 
[08/20/2026-18:38:21] [V] [TRT] Tactic: 0x00000000000003ea Time: 0.0315246
[08/20/2026-18:38:21] [V] [TRT] Setting a default quantization params because quantization data is missing for 
[08/20/2026-18:38:21] [V] [TRT] Tactic: 0x0000000000000000 Time: 0.0148489
[08/20/2026-18:38:21] [V] [TRT] Optimizer Reformat(/avgpool/GlobalAveragePool_output_0 -> <out>) (Reformat[0x80000006]) profiling completed in 0.0100741 seconds. Fastest Tactic: 0x00000000000003e8 Time: 0.0146263
[08/20/2026-18:38:21] [V] [TRT] *************** Autotuning Reformat: Half(256,1:8,256,256) -> Int8(131072,64,64,1) ***************
[08/20/2026-18:38:21] [V] [TRT] --------------- Timing Runner: Optimizer Reformat(/avgpool/GlobalAveragePool_output_0 -> <out>) (Reformat[0x80000006])
[08/20/2026-18:38:21] [V] [TRT] Setting a default quantization params because quantization data is missing for 
[08/20/2026-18:38:21] [V] [TRT] Tactic: 0x00000000000003e8 Time: 0.0152507
[08/20/2026-18:38:21] [V] [TRT] Setting a default quantization params because quantization data is missing for 
[08/20/2026-18:38:21] [V] [TRT] Tactic: 0x00000000000003ea Time: 0.0326683
[08/20/2026-18:38:21] [V] [TRT] Setting a default quantization params because quantization data is missing for 
[08/20/2026-18:38:21] [V] [TRT] Tactic: 0x0000000000000000 Time: 0.015189
[08/20/2026-18:38:21] [V] [TRT] Optimizer Reformat(/avgpool/GlobalAveragePool_output_0 -> <out>) (Reformat[0x80000006]) profiling completed in 0.0107056 seconds. Fastest Tactic: 0x0000000000000000 Time: 0.015189
[08/20/2026-18:38:21] [V] [TRT] *************** Autotuning Reformat: Half(256,1:8,256,256) -> Int8(64,1:32,1,1) ***************
[08/20/2026-18:38:21] [V] [TRT] --------------- Timing Runner: Optimizer Reformat(/avgpool/GlobalAveragePool_output_0 -> <out>) (Reformat[0x80000006])
[08/20/2026-18:38:21] [V] [TRT] Setting a default quantization params because quantization data is missing for 
[08/20/2026-18:38:21] [V] [TRT] Tactic: 0x00000000000003e8 Time: 0.0149573
[08/20/2026-18:38:21] [V] [TRT] Setting a default quantization params because quantization data is missing for 
[08/20/2026-18:38:21] [V] [TRT] Tactic: 0x00000000000003ea Time: 0.0289033
[08/20/2026-18:38:21] [V] [TRT] Setting a default quantization params because quantization data is missing for 
[08/20/2026-18:38:21] [V] [TRT] Tactic: 0x0000000000000000 Time: 0.014784
[08/20/2026-18:38:21] [V] [TRT] Optimizer Reformat(/avgpool/GlobalAveragePool_output_0 -> <out>) (Reformat[0x80000006]) profiling completed in 0.0105474 seconds. Fastest Tactic: 0x0000000000000000 Time: 0.014784
[08/20/2026-18:38:21] [V] [TRT] *************** Autotuning Reformat: Int8(512,1:4,1,1) -> Int8(131072,64,64,1) ***************
[08/20/2026-18:38:21] [V] [TRT] --------------- Timing Runner: Optimizer Reformat(/avgpool/GlobalAveragePool_output_0 -> <out>) (Reformat[0x80000006])
[08/20/2026-18:38:21] [V] [TRT] Setting a default quantization params because quantization data is missing for 
[08/20/2026-18:38:21] [V] [TRT] Tactic: 0x00000000000003e8 Time: 0.0162717
[08/20/2026-18:38:21] [V] [TRT] Setting a default quantization params because quantization data is missing for 
[08/20/2026-18:38:21] [V] [TRT] Tactic: 0x00000000000003ea Time: 0.0300498
[08/20/2026-18:38:21] [V] [TRT] Setting a default quantization params because quantization data is missing for 
[08/20/2026-18:38:21] [V] [TRT] Tactic: 0x0000000000000000 Time: 0.0161239
[08/20/2026-18:38:21] [V] [TRT] Optimizer Reformat(/avgpool/GlobalAveragePool_output_0 -> <out>) (Reformat[0x80000006]) profiling completed in 0.0104701 seconds. Fastest Tactic: 0x0000000000000000 Time: 0.0161239
[08/20/2026-18:38:21] [V] [TRT] *************** Autotuning Reformat: Int8(512,1:4,1,1) -> Int8(64,1:32,1,1) ***************
[08/20/2026-18:38:21] [V] [TRT] --------------- Timing Runner: Optimizer Reformat(/avgpool/GlobalAveragePool_output_0 -> <out>) (Reformat[0x80000006])
[08/20/2026-18:38:21] [V] [TRT] Setting a default quantization params because quantization data is missing for 
[08/20/2026-18:38:21] [V] [TRT] Tactic: 0x00000000000003e8 Time: 0.0160889
[08/20/2026-18:38:21] [V] [TRT] Setting a default quantization params because quantization data is missing for 
[08/20/2026-18:38:21] [V] [TRT] Tactic: 0x00000000000003ea Time: 0.0282941
[08/20/2026-18:38:21] [V] [TRT] Setting a default quantization params because quantization data is missing for 
[08/20/2026-18:38:21] [V] [TRT] Tactic: 0x0000000000000000 Time: 0.0118889
[08/20/2026-18:38:21] [V] [TRT] Optimizer Reformat(/avgpool/GlobalAveragePool_output_0 -> <out>) (Reformat[0x80000006]) profiling completed in 0.0101872 seconds. Fastest Tactic: 0x0000000000000000 Time: 0.0118889
[08/20/2026-18:38:21] [V] [TRT] *************** Autotuning Reformat: Int8(64,1:32,1,1) -> Int8(131072,64,64,1) ***************
[08/20/2026-18:38:21] [V] [TRT] --------------- Timing Runner: Optimizer Reformat(/avgpool/GlobalAveragePool_output_0 -> <out>) (Reformat[0x80000006])
[08/20/2026-18:38:21] [V] [TRT] Setting a default quantization params because quantization data is missing for 
[08/20/2026-18:38:21] [V] [TRT] Tactic: 0x00000000000003e8 Time: 0.0161427
[08/20/2026-18:38:21] [V] [TRT] Setting a default quantization params because quantization data is missing for 
[08/20/2026-18:38:21] [V] [TRT] Tactic: 0x00000000000003ea Time: 0.0273074
[08/20/2026-18:38:21] [V] [TRT] Setting a default quantization params because quantization data is missing for 
[08/20/2026-18:38:21] [V] [TRT] Tactic: 0x0000000000000000 Time: 0.0161757
[08/20/2026-18:38:21] [V] [TRT] Optimizer Reformat(/avgpool/GlobalAveragePool_output_0 -> <out>) (Reformat[0x80000006]) profiling completed in 0.01006 seconds. Fastest Tactic: 0x00000000000003e8 Time: 0.0161427
[08/20/2026-18:38:21] [V] [TRT] =============== Computing reformatting costs for available format set
[08/20/2026-18:38:21] [V] [TRT] =============== Computing reformatting costs: 
[08/20/2026-18:38:21] [V] [TRT] *************** Autotuning Reformat: Int8(64000,64,64,1) -> Float(1000,1,1,1) ***************
[08/20/2026-18:38:21] [V] [TRT] --------------- Timing Runner: Optimizer Reformat(/fc/Gemm_conv_out -> <out>) (Reformat[0x80000006])
[08/20/2026-18:38:21] [V] [TRT] Setting a default quantization params because quantization data is missing for 
[08/20/2026-18:38:21] [V] [TRT] Tactic: 0x00000000000003e8 Time: 0.0145545
[08/20/2026-18:38:21] [V] [TRT] Setting a default quantization params because quantization data is missing for 
[08/20/2026-18:38:21] [V] [TRT] Tactic: 0x00000000000003ea Time: 0.0258941
[08/20/2026-18:38:21] [V] [TRT] Setting a default quantization params because quantization data is missing for 
[08/20/2026-18:38:21] [V] [TRT] Tactic: 0x0000000000000000 Time: 0.014512
[08/20/2026-18:38:21] [V] [TRT] Optimizer Reformat(/fc/Gemm_conv_out -> <out>) (Reformat[0x80000006]) profiling completed in 0.00923944 seconds. Fastest Tactic: 0x0000000000000000 Time: 0.014512
[08/20/2026-18:38:21] [V] [TRT] *************** Autotuning Reformat: Int8(64000,64,64,1) -> Float(250,1:4,250,250) ***************
[08/20/2026-18:38:21] [V] [TRT] --------------- Timing Runner: Optimizer Reformat(/fc/Gemm_conv_out -> <out>) (Reformat[0x80000006])
[08/20/2026-18:38:21] [V] [TRT] Setting a default quantization params because quantization data is missing for 
[08/20/2026-18:38:21] [V] [TRT] Tactic: 0x00000000000003e8 Time: 0.0148009
[08/20/2026-18:38:21] [V] [TRT] Setting a default quantization params because quantization data is missing for 
[08/20/2026-18:38:21] [V] [TRT] Tactic: 0x00000000000003ea Time: 0.025821
[08/20/2026-18:38:21] [V] [TRT] Setting a default quantization params because quantization data is missing for 
[08/20/2026-18:38:21] [V] [TRT] Tactic: 0x0000000000000000 Time: 0.0147959
[08/20/2026-18:38:21] [V] [TRT] Optimizer Reformat(/fc/Gemm_conv_out -> <out>) (Reformat[0x80000006]) profiling completed in 0.00896074 seconds. Fastest Tactic: 0x0000000000000000 Time: 0.0147959
[08/20/2026-18:38:21] [V] [TRT] *************** Autotuning Reformat: Int8(64000,64,64,1) -> Half(1000,1,1,1) ***************
[08/20/2026-18:38:21] [V] [TRT] --------------- Timing Runner: Optimizer Reformat(/fc/Gemm_conv_out -> <out>) (Reformat[0x80000006])
[08/20/2026-18:38:21] [V] [TRT] Setting a default quantization params because quantization data is missing for 
[08/20/2026-18:38:21] [V] [TRT] Tactic: 0x00000000000003e8 Time: 0.0144562
[08/20/2026-18:38:21] [V] [TRT] Setting a default quantization params because quantization data is missing for 
[08/20/2026-18:38:21] [V] [TRT] Tactic: 0x00000000000003ea Time: 0.0248815
[08/20/2026-18:38:21] [V] [TRT] Setting a default quantization params because quantization data is missing for 
[08/20/2026-18:38:21] [V] [TRT] Tactic: 0x0000000000000000 Time: 0.0144795
[08/20/2026-18:38:21] [V] [TRT] Optimizer Reformat(/fc/Gemm_conv_out -> <out>) (Reformat[0x80000006]) profiling completed in 0.00878088 seconds. Fastest Tactic: 0x00000000000003e8 Time: 0.0144562
[08/20/2026-18:38:21] [V] [TRT] *************** Autotuning Reformat: Int8(64000,64,64,1) -> Half(500,1:2,500,500) ***************
[08/20/2026-18:38:21] [V] [TRT] --------------- Timing Runner: Optimizer Reformat(/fc/Gemm_conv_out -> <out>) (Reformat[0x80000006])
[08/20/2026-18:38:21] [V] [TRT] Setting a default quantization params because quantization data is missing for 
[08/20/2026-18:38:21] [V] [TRT] Tactic: 0x00000000000003e8 Time: 0.0147991
[08/20/2026-18:38:21] [V] [TRT] Setting a default quantization params because quantization data is missing for 
[08/20/2026-18:38:21] [V] [TRT] Tactic: 0x00000000000003ea Time: 0.024813
[08/20/2026-18:38:21] [V] [TRT] Setting a default quantization params because quantization data is missing for 
[08/20/2026-18:38:21] [V] [TRT] Tactic: 0x0000000000000000 Time: 0.0148471
[08/20/2026-18:38:21] [V] [TRT] Optimizer Reformat(/fc/Gemm_conv_out -> <out>) (Reformat[0x80000006]) profiling completed in 0.00875266 seconds. Fastest Tactic: 0x00000000000003e8 Time: 0.0147991
[08/20/2026-18:38:21] [V] [TRT] *************** Autotuning Reformat: Int8(64000,64,64,1) -> Half(125,1:8,125,125) ***************
[08/20/2026-18:38:21] [V] [TRT] --------------- Timing Runner: Optimizer Reformat(/fc/Gemm_conv_out -> <out>) (Reformat[0x80000006])
[08/20/2026-18:38:21] [V] [TRT] Setting a default quantization params because quantization data is missing for 
[08/20/2026-18:38:21] [V] [TRT] Tactic: 0x00000000000003e8 Time: 0.0149029
[08/20/2026-18:38:21] [V] [TRT] Setting a default quantization params because quantization data is missing for 
[08/20/2026-18:38:21] [V] [TRT] Tactic: 0x00000000000003ea Time: 0.0247619
[08/20/2026-18:38:21] [V] [TRT] Setting a default quantization params because quantization data is missing for 
[08/20/2026-18:38:21] [V] [TRT] Tactic: 0x0000000000000000 Time: 0.0147346
[08/20/2026-18:38:21] [V] [TRT] Optimizer Reformat(/fc/Gemm_conv_out -> <out>) (Reformat[0x80000006]) profiling completed in 0.00854899 seconds. Fastest Tactic: 0x0000000000000000 Time: 0.0147346
[08/20/2026-18:38:21] [V] [TRT] *************** Autotuning Reformat: Int8(32,1:32,1,1) -> Float(1000,1,1,1) ***************
[08/20/2026-18:38:21] [V] [TRT] --------------- Timing Runner: Optimizer Reformat(/fc/Gemm_conv_out -> <out>) (Reformat[0x80000006])
[08/20/2026-18:38:21] [V] [TRT] Setting a default quantization params because quantization data is missing for 
[08/20/2026-18:38:21] [V] [TRT] Tactic: 0x00000000000003e8 Time: 0.0142912
[08/20/2026-18:38:21] [V] [TRT] Setting a default quantization params because quantization data is missing for 
[08/20/2026-18:38:21] [V] [TRT] Tactic: 0x00000000000003ea Time: 0.024128
[08/20/2026-18:38:21] [V] [TRT] Setting a default quantization params because quantization data is missing for 
[08/20/2026-18:38:21] [V] [TRT] Tactic: 0x0000000000000000 Time: 0.0142994
[08/20/2026-18:38:21] [V] [TRT] Optimizer Reformat(/fc/Gemm_conv_out -> <out>) (Reformat[0x80000006]) profiling completed in 0.00844782 seconds. Fastest Tactic: 0x00000000000003e8 Time: 0.0142912
[08/20/2026-18:38:21] [V] [TRT] *************** Autotuning Reformat: Int8(32,1:32,1,1) -> Float(250,1:4,250,250) ***************
[08/20/2026-18:38:21] [V] [TRT] --------------- Timing Runner: Optimizer Reformat(/fc/Gemm_conv_out -> <out>) (Reformat[0x80000006])
[08/20/2026-18:38:21] [V] [TRT] Setting a default quantization params because quantization data is missing for 
[08/20/2026-18:38:21] [V] [TRT] Tactic: 0x00000000000003e8 Time: 0.0143895
[08/20/2026-18:38:21] [V] [TRT] Setting a default quantization params because quantization data is missing for 
[08/20/2026-18:38:21] [V] [TRT] Tactic: 0x00000000000003ea Time: 0.0226815
[08/20/2026-18:38:21] [V] [TRT] Setting a default quantization params because quantization data is missing for 
[08/20/2026-18:38:21] [V] [TRT] Tactic: 0x0000000000000000 Time: 0.0143881
[08/20/2026-18:38:21] [V] [TRT] Optimizer Reformat(/fc/Gemm_conv_out -> <out>) (Reformat[0x80000006]) profiling completed in 0.00831419 seconds. Fastest Tactic: 0x0000000000000000 Time: 0.0143881
[08/20/2026-18:38:21] [V] [TRT] *************** Autotuning Reformat: Int8(32,1:32,1,1) -> Half(1000,1,1,1) ***************
[08/20/2026-18:38:21] [V] [TRT] --------------- Timing Runner: Optimizer Reformat(/fc/Gemm_conv_out -> <out>) (Reformat[0x80000006])
[08/20/2026-18:38:21] [V] [TRT] Setting a default quantization params because quantization data is missing for 
[08/20/2026-18:38:21] [V] [TRT] Tactic: 0x00000000000003e8 Time: 0.0143429
[08/20/2026-18:38:21] [V] [TRT] Setting a default quantization params because quantization data is missing for 
[08/20/2026-18:38:21] [V] [TRT] Tactic: 0x00000000000003ea Time: 0.0217874
[08/20/2026-18:38:21] [V] [TRT] Setting a default quantization params because quantization data is missing for 
[08/20/2026-18:38:21] [V] [TRT] Tactic: 0x0000000000000000 Time: 0.0148965
[08/20/2026-18:38:21] [V] [TRT] Optimizer Reformat(/fc/Gemm_conv_out -> <out>) (Reformat[0x80000006]) profiling completed in 0.00818668 seconds. Fastest Tactic: 0x00000000000003e8 Time: 0.0143429
[08/20/2026-18:38:21] [V] [TRT] *************** Autotuning Reformat: Int8(32,1:32,1,1) -> Half(500,1:2,500,500) ***************
[08/20/2026-18:38:21] [V] [TRT] --------------- Timing Runner: Optimizer Reformat(/fc/Gemm_conv_out -> <out>) (Reformat[0x80000006])
[08/20/2026-18:38:21] [V] [TRT] Setting a default quantization params because quantization data is missing for 
[08/20/2026-18:38:21] [V] [TRT] Tactic: 0x00000000000003e8 Time: 0.0143525
[08/20/2026-18:38:21] [V] [TRT] Setting a default quantization params because quantization data is missing for 
[08/20/2026-18:38:21] [V] [TRT] Tactic: 0x00000000000003ea Time: 0.0216327
[08/20/2026-18:38:21] [V] [TRT] Setting a default quantization params because quantization data is missing for 
[08/20/2026-18:38:21] [V] [TRT] Tactic: 0x0000000000000000 Time: 0.0143854
[08/20/2026-18:38:21] [V] [TRT] Optimizer Reformat(/fc/Gemm_conv_out -> <out>) (Reformat[0x80000006]) profiling completed in 0.00809357 seconds. Fastest Tactic: 0x00000000000003e8 Time: 0.0143525
[08/20/2026-18:38:21] [V] [TRT] *************** Autotuning Reformat: Int8(32,1:32,1,1) -> Half(125,1:8,125,125) ***************
[08/20/2026-18:38:21] [V] [TRT] --------------- Timing Runner: Optimizer Reformat(/fc/Gemm_conv_out -> <out>) (Reformat[0x80000006])
[08/20/2026-18:38:21] [V] [TRT] Setting a default quantization params because quantization data is missing for 
[08/20/2026-18:38:21] [V] [TRT] Tactic: 0x00000000000003e8 Time: 0.0142882
[08/20/2026-18:38:21] [V] [TRT] Setting a default quantization params because quantization data is missing for 
[08/20/2026-18:38:21] [V] [TRT] Tactic: 0x00000000000003ea Time: 0.0214276
[08/20/2026-18:38:21] [V] [TRT] Setting a default quantization params because quantization data is missing for 
[08/20/2026-18:38:21] [V] [TRT] Tactic: 0x0000000000000000 Time: 0.0114753
[08/20/2026-18:38:21] [V] [TRT] Optimizer Reformat(/fc/Gemm_conv_out -> <out>) (Reformat[0x80000006]) profiling completed in 0.00805418 seconds. Fastest Tactic: 0x0000000000000000 Time: 0.0114753
[08/20/2026-18:38:21] [V] [TRT] =============== Computing reformatting costs for available format set
[08/20/2026-18:38:21] [V] [TRT] =============== Computing reformatting costs: 
[08/20/2026-18:38:21] [V] [TRT] *************** Autotuning Reformat: Half(1000,1) -> Float(1000,1) ***************
[08/20/2026-18:38:21] [V] [TRT] --------------- Timing Runner: Optimizer Reformat(<in> -> logits) (Reformat[0x80000006])
[08/20/2026-18:38:21] [V] [TRT] Setting a default quantization params because quantization data is missing for 
[08/20/2026-18:38:21] [V] [TRT] Tactic: 0x00000000000003e8 Time: 0.0112855
[08/20/2026-18:38:21] [V] [TRT] Setting a default quantization params because quantization data is missing for 
[08/20/2026-18:38:21] [V] [TRT] Tactic: 0x00000000000003ea Time: 0.0167411
[08/20/2026-18:38:21] [V] [TRT] Setting a default quantization params because quantization data is missing for 
[08/20/2026-18:38:21] [V] [TRT] Tactic: 0x0000000000000000 Time: 0.0112753
[08/20/2026-18:38:21] [V] [TRT] Optimizer Reformat(<in> -> logits) (Reformat[0x80000006]) profiling completed in 0.0108429 seconds. Fastest Tactic: 0x0000000000000000 Time: 0.0112753
[08/20/2026-18:38:21] [V] [TRT] Adding reformat layer: Reformatted Input Tensor 0 to {ForeignNode[/conv1/Conv.../layer4/layer4.2/relu_2/Relu]} (input) from Float(150528,50176,224,1) to Int8(50176,1:4,224,1)
[08/20/2026-18:38:21] [V] [TRT] Adding reformat layer: Reformatted Input Tensor 0 to reshape_after_/fc/Gemm (/fc/Gemm_conv_out) from Int8(32,1:32,1,1) to Float(1000,1,1,1)
[08/20/2026-18:38:21] [V] [TRT] Formats and tactics selection completed in 6.36281 seconds.
[08/20/2026-18:38:21] [V] [TRT] After reformat layers: 6 layers
[08/20/2026-18:38:21] [V] [TRT] Total number of blocks in pre-optimized block assignment: 6
[08/20/2026-18:38:21] [I] [TRT] Detected 1 inputs and 1 output network tensors.
[08/20/2026-18:38:21] [V] [TRT] {ForeignNode[/conv1/Conv.../layer4/layer4.2/relu_2/Relu]}: DLA Network Layer Information:
Layer(CONVOLUTION): /conv1/Conv, Precision: Int8, input'[Int8([1,3,224,224])] -> /conv1/Conv_output_0'[Int8([1,64,112,112])]
Layer(ACTIVATION): /relu/Relu, Precision: Int8, /conv1/Conv_output_0'[Int8([1,64,112,112])] -> /relu/Relu_output_0'[Int8([1,64,112,112])]
Layer(POOLING): /maxpool/MaxPool, Precision: Int8, /relu/Relu_output_0'[Int8([1,64,112,112])] -> /maxpool/MaxPool_output_0'[Int8([1,64,56,56])]
Layer(CONVOLUTION): /layer1/layer1.0/conv1/Conv, Precision: Int8, /maxpool/MaxPool_output_0'[Int8([1,64,56,56])] -> /layer1/layer1.0/conv1/Conv_output_0'[Int8([1,64,56,56])]
Layer(ACTIVATION): /layer1/layer1.0/relu/Relu, Precision: Int8, /layer1/layer1.0/conv1/Conv_output_0'[Int8([1,64,56,56])] -> /layer1/layer1.0/relu/Relu_output_0'[Int8([1,64,56,56])]
Layer(CONVOLUTION): /layer1/layer1.0/conv2/Conv, Precision: Int8, /layer1/layer1.0/relu/Relu_output_0'[Int8([1,64,56,56])] -> /layer1/layer1.0/conv2/Conv_output_0'[Int8([1,64,56,56])]
Layer(ACTIVATION): /layer1/layer1.0/relu_1/Relu, Precision: Int8, /layer1/layer1.0/conv2/Conv_output_0'[Int8([1,64,56,56])] -> /layer1/layer1.0/relu_1/Relu_output_0'[Int8([1,64,56,56])]
Layer(CONVOLUTION): /layer1/layer1.0/conv3/Conv, Precision: Int8, /layer1/layer1.0/relu_1/Relu_output_0'[Int8([1,64,56,56])] -> /layer1/layer1.0/conv3/Conv_output_0'[Int8([1,256,56,56])]
Layer(CONVOLUTION): /layer1/layer1.0/downsample/downsample.0/Conv, Precision: Int8, /maxpool/MaxPool_output_0'[Int8([1,64,56,56])] -> /layer1/layer1.0/downsample/downsample.0/Conv_output_0'[Int8([1,256,56,56])]
Layer(ELEMENTWISE): /layer1/layer1.0/Add, Precision: Int8, /layer1/layer1.0/conv3/Conv_output_0'[Int8([1,256,56,56])], /layer1/layer1.0/downsample/downsample.0/Conv_output_0'[Int8([1,256,56,56])] -> /layer1/layer1.0/Add_output_0'[Int8([1,256,56,56])]
Layer(ACTIVATION): /layer1/layer1.0/relu_2/Relu, Precision: Int8, /layer1/layer1.0/Add_output_0'[Int8([1,256,56,56])] -> /layer1/layer1.0/relu_2/Relu_output_0'[Int8([1,256,56,56])]
Layer(CONVOLUTION): /layer1/layer1.1/conv1/Conv, Precision: Int8, /layer1/layer1.0/relu_2/Relu_output_0'[Int8([1,256,56,56])] -> /layer1/layer1.1/conv1/Conv_output_0'[Int8([1,64,56,56])]
Layer(ACTIVATION): /layer1/layer1.1/relu/Relu, Precision: Int8, /layer1/layer1.1/conv1/Conv_output_0'[Int8([1,64,56,56])] -> /layer1/layer1.1/relu/Relu_output_0'[Int8([1,64,56,56])]
Layer(CONVOLUTION): /layer1/layer1.1/conv2/Conv, Precision: Int8, /layer1/layer1.1/relu/Relu_output_0'[Int8([1,64,56,56])] -> /layer1/layer1.1/conv2/Conv_output_0'[Int8([1,64,56,56])]
Layer(ACTIVATION): /layer1/layer1.1/relu_1/Relu, Precision: Int8, /layer1/layer1.1/conv2/Conv_output_0'[Int8([1,64,56,56])] -> /layer1/layer1.1/relu_1/Relu_output_0'[Int8([1,64,56,56])]
Layer(CONVOLUTION): /layer1/layer1.1/conv3/Conv, Precision: Int8, /layer1/layer1.1/relu_1/Relu_output_0'[Int8([1,64,56,56])] -> /layer1/layer1.1/conv3/Conv_output_0'[Int8([1,256,56,56])]
Layer(ELEMENTWISE): /layer1/layer1.1/Add, Precision: Int8, /layer1/layer1.1/conv3/Conv_output_0'[Int8([1,256,56,56])], /layer1/layer1.0/relu_2/Relu_output_0'[Int8([1,256,56,56])] -> /layer1/layer1.1/Add_output_0'[Int8([1,256,56,56])]
Layer(ACTIVATION): /layer1/layer1.1/relu_2/Relu, Precision: Int8, /layer1/layer1.1/Add_output_0'[Int8([1,256,56,56])] -> /layer1/layer1.1/relu_2/Relu_output_0'[Int8([1,256,56,56])]
Layer(CONVOLUTION): /layer1/layer1.2/conv1/Conv, Precision: Int8, /layer1/layer1.1/relu_2/Relu_output_0'[Int8([1,256,56,56])] -> /layer1/layer1.2/conv1/Conv_output_0'[Int8([1,64,56,56])]
Layer(ACTIVATION): /layer1/layer1.2/relu/Relu, Precision: Int8, /layer1/layer1.2/conv1/Conv_output_0'[Int8([1,64,56,56])] -> /layer1/layer1.2/relu/Relu_output_0'[Int8([1,64,56,56])]
Layer(CONVOLUTION): /layer1/layer1.2/conv2/Conv, Precision: Int8, /layer1/layer1.2/relu/Relu_output_0'[Int8([1,64,56,56])] -> /layer1/layer1.2/conv2/Conv_output_0'[Int8([1,64,56,56])]
Layer(ACTIVATION): /layer1/layer1.2/relu_1/Relu, Precision: Int8, /layer1/layer1.2/conv2/Conv_output_0'[Int8([1,64,56,56])] -> /layer1/layer1.2/relu_1/Relu_output_0'[Int8([1,64,56,56])]
Layer(CONVOLUTION): /layer1/layer1.2/conv3/Conv, Precision: Int8, /layer1/layer1.2/relu_1/Relu_output_0'[Int8([1,64,56,56])] -> /layer1/layer1.2/conv3/Conv_output_0'[Int8([1,256,56,56])]
Layer(ELEMENTWISE): /layer1/layer1.2/Add, Precision: Int8, /layer1/layer1.2/conv3/Conv_output_0'[Int8([1,256,56,56])], /layer1/layer1.1/relu_2/Relu_output_0'[Int8([1,256,56,56])] -> /layer1/layer1.2/Add_output_0'[Int8([1,256,56,56])]
Layer(ACTIVATION): /layer1/layer1.2/relu_2/Relu, Precision: Int8, /layer1/layer1.2/Add_output_0'[Int8([1,256,56,56])] -> /layer1/layer1.2/relu_2/Relu_output_0'[Int8([1,256,56,56])]
Layer(CONVOLUTION): /layer2/layer2.0/conv1/Conv, Precision: Int8, /layer1/layer1.2/relu_2/Relu_output_0'[Int8([1,256,56,56])] -> /layer2/layer2.0/conv1/Conv_output_0'[Int8([1,128,56,56])]
Layer(ACTIVATION): /layer2/layer2.0/relu/Relu, Precision: Int8, /layer2/layer2.0/conv1/Conv_output_0'[Int8([1,128,56,56])] -> /layer2/layer2.0/relu/Relu_output_0'[Int8([1,128,56,56])]
Layer(CONVOLUTION): /layer2/layer2.0/conv2/Conv, Precision: Int8, /layer2/layer2.0/relu/Relu_output_0'[Int8([1,128,56,56])] -> /layer2/layer2.0/conv2/Conv_output_0'[Int8([1,128,28,28])]
Layer(ACTIVATION): /layer2/layer2.0/relu_1/Relu, Precision: Int8, /layer2/layer2.0/conv2/Conv_output_0'[Int8([1,128,28,28])] -> /layer2/layer2.0/relu_1/Relu_output_0'[Int8([1,128,28,28])]
Layer(CONVOLUTION): /layer2/layer2.0/conv3/Conv, Precision: Int8, /layer2/layer2.0/relu_1/Relu_output_0'[Int8([1,128,28,28])] -> /layer2/layer2.0/conv3/Conv_output_0'[Int8([1,512,28,28])]
Layer(CONVOLUTION): /layer2/layer2.0/downsample/downsample.0/Conv, Precision: Int8, /layer1/layer1.2/relu_2/Relu_output_0'[Int8([1,256,56,56])] -> /layer2/layer2.0/downsample/downsample.0/Conv_output_0'[Int8([1,512,28,28])]
Layer(ELEMENTWISE): /layer2/layer2.0/Add, Precision: Int8, /layer2/layer2.0/conv3/Conv_output_0'[Int8([1,512,28,28])], /layer2/layer2.0/downsample/downsample.0/Conv_output_0'[Int8([1,512,28,28])] -> /layer2/layer2.0/Add_output_0'[Int8([1,512,28,28])]
Layer(ACTIVATION): /layer2/layer2.0/relu_2/Relu, Precision: Int8, /layer2/layer2.0/Add_output_0'[Int8([1,512,28,28])] -> /layer2/layer2.0/relu_2/Relu_output_0'[Int8([1,512,28,28])]
Layer(CONVOLUTION): /layer2/layer2.1/conv1/Conv, Precision: Int8, /layer2/layer2.0/relu_2/Relu_output_0'[Int8([1,512,28,28])] -> /layer2/layer2.1/conv1/Conv_output_0'[Int8([1,128,28,28])]
Layer(ACTIVATION): /layer2/layer2.1/relu/Relu, Precision: Int8, /layer2/layer2.1/conv1/Conv_output_0'[Int8([1,128,28,28])] -> /layer2/layer2.1/relu/Relu_output_0'[Int8([1,128,28,28])]
Layer(CONVOLUTION): /layer2/layer2.1/conv2/Conv, Precision: Int8, /layer2/layer2.1/relu/Relu_output_0'[Int8([1,128,28,28])] -> /layer2/layer2.1/conv2/Conv_output_0'[Int8([1,128,28,28])]
Layer(ACTIVATION): /layer2/layer2.1/relu_1/Relu, Precision: Int8, /layer2/layer2.1/conv2/Conv_output_0'[Int8([1,128,28,28])] -> /layer2/layer2.1/relu_1/Relu_output_0'[Int8([1,128,28,28])]
Layer(CONVOLUTION): /layer2/layer2.1/conv3/Conv, Precision: Int8, /layer2/layer2.1/relu_1/Relu_output_0'[Int8([1,128,28,28])] -> /layer2/layer2.1/conv3/Conv_output_0'[Int8([1,512,28,28])]
Layer(ELEMENTWISE): /layer2/layer2.1/Add, Precision: Int8, /layer2/layer2.1/conv3/Conv_output_0'[Int8([1,512,28,28])], /layer2/layer2.0/relu_2/Relu_output_0'[Int8([1,512,28,28])] -> /layer2/layer2.1/Add_output_0'[Int8([1,512,28,28])]
Layer(ACTIVATION): /layer2/layer2.1/relu_2/Relu, Precision: Int8, /layer2/layer2.1/Add_output_0'[Int8([1,512,28,28])] -> /layer2/layer2.1/relu_2/Relu_output_0'[Int8([1,512,28,28])]
Layer(CONVOLUTION): /layer2/layer2.2/conv1/Conv, Precision: Int8, /layer2/layer2.1/relu_2/Relu_output_0'[Int8([1,512,28,28])] -> /layer2/layer2.2/conv1/Conv_output_0'[Int8([1,128,28,28])]
Layer(ACTIVATION): /layer2/layer2.2/relu/Relu, Precision: Int8, /layer2/layer2.2/conv1/Conv_output_0'[Int8([1,128,28,28])] -> /layer2/layer2.2/relu/Relu_output_0'[Int8([1,128,28,28])]
Layer(CONVOLUTION): /layer2/layer2.2/conv2/Conv, Precision: Int8, /layer2/layer2.2/relu/Relu_output_0'[Int8([1,128,28,28])] -> /layer2/layer2.2/conv2/Conv_output_0'[Int8([1,128,28,28])]
Layer(ACTIVATION): /layer2/layer2.2/relu_1/Relu, Precision: Int8, /layer2/layer2.2/conv2/Conv_output_0'[Int8([1,128,28,28])] -> /layer2/layer2.2/relu_1/Relu_output_0'[Int8([1,128,28,28])]
Layer(CONVOLUTION): /layer2/layer2.2/conv3/Conv, Precision: Int8, /layer2/layer2.2/relu_1/Relu_output_0'[Int8([1,128,28,28])] -> /layer2/layer2.2/conv3/Conv_output_0'[Int8([1,512,28,28])]
Layer(ELEMENTWISE): /layer2/layer2.2/Add, Precision: Int8, /layer2/layer2.2/conv3/Conv_output_0'[Int8([1,512,28,28])], /layer2/layer2.1/relu_2/Relu_output_0'[Int8([1,512,28,28])] -> /layer2/layer2.2/Add_output_0'[Int8([1,512,28,28])]
Layer(ACTIVATION): /layer2/layer2.2/relu_2/Relu, Precision: Int8, /layer2/layer2.2/Add_output_0'[Int8([1,512,28,28])] -> /layer2/layer2.2/relu_2/Relu_output_0'[Int8([1,512,28,28])]
Layer(CONVOLUTION): /layer2/layer2.3/conv1/Conv, Precision: Int8, /layer2/layer2.2/relu_2/Relu_output_0'[Int8([1,512,28,28])] -> /layer2/layer2.3/conv1/Conv_output_0'[Int8([1,128,28,28])]
Layer(ACTIVATION): /layer2/layer2.3/relu/Relu, Precision: Int8, /layer2/layer2.3/conv1/Conv_output_0'[Int8([1,128,28,28])] -> /layer2/layer2.3/relu/Relu_output_0'[Int8([1,128,28,28])]
Layer(CONVOLUTION): /layer2/layer2.3/conv2/Conv, Precision: Int8, /layer2/layer2.3/relu/Relu_output_0'[Int8([1,128,28,28])] -> /layer2/layer2.3/conv2/Conv_output_0'[Int8([1,128,28,28])]
Layer(ACTIVATION): /layer2/layer2.3/relu_1/Relu, Precision: Int8, /layer2/layer2.3/conv2/Conv_output_0'[Int8([1,128,28,28])] -> /layer2/layer2.3/relu_1/Relu_output_0'[Int8([1,128,28,28])]
Layer(CONVOLUTION): /layer2/layer2.3/conv3/Conv, Precision: Int8, /layer2/layer2.3/relu_1/Relu_output_0'[Int8([1,128,28,28])] -> /layer2/layer2.3/conv3/Conv_output_0'[Int8([1,512,28,28])]
Layer(ELEMENTWISE): /layer2/layer2.3/Add, Precision: Int8, /layer2/layer2.3/conv3/Conv_output_0'[Int8([1,512,28,28])], /layer2/layer2.2/relu_2/Relu_output_0'[Int8([1,512,28,28])] -> /layer2/layer2.3/Add_output_0'[Int8([1,512,28,28])]
Layer(ACTIVATION): /layer2/layer2.3/relu_2/Relu, Precision: Int8, /layer2/layer2.3/Add_output_0'[Int8([1,512,28,28])] -> /layer2/layer2.3/relu_2/Relu_output_0'[Int8([1,512,28,28])]
Layer(CONVOLUTION): /layer3/layer3.0/conv1/Conv, Precision: Int8, /layer2/layer2.3/relu_2/Relu_output_0'[Int8([1,512,28,28])] -> /layer3/layer3.0/conv1/Conv_output_0'[Int8([1,256,28,28])]
Layer(ACTIVATION): /layer3/layer3.0/relu/Relu, Precision: Int8, /layer3/layer3.0/conv1/Conv_output_0'[Int8([1,256,28,28])] -> /layer3/layer3.0/relu/Relu_output_0'[Int8([1,256,28,28])]
Layer(CONVOLUTION): /layer3/layer3.0/conv2/Conv, Precision: Int8, /layer3/layer3.0/relu/Relu_output_0'[Int8([1,256,28,28])] -> /layer3/layer3.0/conv2/Conv_output_0'[Int8([1,256,14,14])]
Layer(ACTIVATION): /layer3/layer3.0/relu_1/Relu, Precision: Int8, /layer3/layer3.0/conv2/Conv_output_0'[Int8([1,256,14,14])] -> /layer3/layer3.0/relu_1/Relu_output_0'[Int8([1,256,14,14])]
Layer(CONVOLUTION): /layer3/layer3.0/conv3/Conv, Precision: Int8, /layer3/layer3.0/relu_1/Relu_output_0'[Int8([1,256,14,14])] -> /layer3/layer3.0/conv3/Conv_output_0'[Int8([1,1024,14,14])]
Layer(CONVOLUTION): /layer3/layer3.0/downsample/downsample.0/Conv, Precision: Int8, /layer2/layer2.3/relu_2/Relu_output_0'[Int8([1,512,28,28])] -> /layer3/layer3.0/downsample/downsample.0/Conv_output_0'[Int8([1,1024,14,14])]
Layer(ELEMENTWISE): /layer3/layer3.0/Add, Precision: Int8, /layer3/layer3.0/conv3/Conv_output_0'[Int8([1,1024,14,14])], /layer3/layer3.0/downsample/downsample.0/Conv_output_0'[Int8([1,1024,14,14])] -> /layer3/layer3.0/Add_output_0'[Int8([1,1024,14,14])]
Layer(ACTIVATION): /layer3/layer3.0/relu_2/Relu, Precision: Int8, /layer3/layer3.0/Add_output_0'[Int8([1,1024,14,14])] -> /layer3/layer3.0/relu_2/Relu_output_0'[Int8([1,1024,14,14])]
Layer(CONVOLUTION): /layer3/layer3.1/conv1/Conv, Precision: Int8, /layer3/layer3.0/relu_2/Relu_output_0'[Int8([1,1024,14,14])] -> /layer3/layer3.1/conv1/Conv_output_0'[Int8([1,256,14,14])]
Layer(ACTIVATION): /layer3/layer3.1/relu/Relu, Precision: Int8, /layer3/layer3.1/conv1/Conv_output_0'[Int8([1,256,14,14])] -> /layer3/layer3.1/relu/Relu_output_0'[Int8([1,256,14,14])]
Layer(CONVOLUTION): /layer3/layer3.1/conv2/Conv, Precision: Int8, /layer3/layer3.1/relu/Relu_output_0'[Int8([1,256,14,14])] -> /layer3/layer3.1/conv2/Conv_output_0'[Int8([1,256,14,14])]
Layer(ACTIVATION): /layer3/layer3.1/relu_1/Relu, Precision: Int8, /layer3/layer3.1/conv2/Conv_output_0'[Int8([1,256,14,14])] -> /layer3/layer3.1/relu_1/Relu_output_0'[Int8([1,256,14,14])]
Layer(CONVOLUTION): /layer3/layer3.1/conv3/Conv, Precision: Int8, /layer3/layer3.1/relu_1/Relu_output_0'[Int8([1,256,14,14])] -> /layer3/layer3.1/conv3/Conv_output_0'[Int8([1,1024,14,14])]
Layer(ELEMENTWISE): /layer3/layer3.1/Add, Precision: Int8, /layer3/layer3.1/conv3/Conv_output_0'[Int8([1,1024,14,14])], /layer3/layer3.0/relu_2/Relu_output_0'[Int8([1,1024,14,14])] -> /layer3/layer3.1/Add_output_0'[Int8([1,1024,14,14])]
Layer(ACTIVATION): /layer3/layer3.1/relu_2/Relu, Precision: Int8, /layer3/layer3.1/Add_output_0'[Int8([1,1024,14,14])] -> /layer3/layer3.1/relu_2/Relu_output_0'[Int8([1,1024,14,14])]
Layer(CONVOLUTION): /layer3/layer3.2/conv1/Conv, Precision: Int8, /layer3/layer3.1/relu_2/Relu_output_0'[Int8([1,1024,14,14])] -> /layer3/layer3.2/conv1/Conv_output_0'[Int8([1,256,14,14])]
Layer(ACTIVATION): /layer3/layer3.2/relu/Relu, Precision: Int8, /layer3/layer3.2/conv1/Conv_output_0'[Int8([1,256,14,14])] -> /layer3/layer3.2/relu/Relu_output_0'[Int8([1,256,14,14])]
Layer(CONVOLUTION): /layer3/layer3.2/conv2/Conv, Precision: Int8, /layer3/layer3.2/relu/Relu_output_0'[Int8([1,256,14,14])] -> /layer3/layer3.2/conv2/Conv_output_0'[Int8([1,256,14,14])]
Layer(ACTIVATION): /layer3/layer3.2/relu_1/Relu, Precision: Int8, /layer3/layer3.2/conv2/Conv_output_0'[Int8([1,256,14,14])] -> /layer3/layer3.2/relu_1/Relu_output_0'[Int8([1,256,14,14])]
Layer(CONVOLUTION): /layer3/layer3.2/conv3/Conv, Precision: Int8, /layer3/layer3.2/relu_1/Relu_output_0'[Int8([1,256,14,14])] -> /layer3/layer3.2/conv3/Conv_output_0'[Int8([1,1024,14,14])]
Layer(ELEMENTWISE): /layer3/layer3.2/Add, Precision: Int8, /layer3/layer3.2/conv3/Conv_output_0'[Int8([1,1024,14,14])], /layer3/layer3.1/relu_2/Relu_output_0'[Int8([1,1024,14,14])] -> /layer3/layer3.2/Add_output_0'[Int8([1,1024,14,14])]
Layer(ACTIVATION): /layer3/layer3.2/relu_2/Relu, Precision: Int8, /layer3/layer3.2/Add_output_0'[Int8([1,1024,14,14])] -> /layer3/layer3.2/relu_2/Relu_output_0'[Int8([1,1024,14,14])]
Layer(CONVOLUTION): /layer3/layer3.3/conv1/Conv, Precision: Int8, /layer3/layer3.2/relu_2/Relu_output_0'[Int8([1,1024,14,14])] -> /layer3/layer3.3/conv1/Conv_output_0'[Int8([1,256,14,14])]
Layer(ACTIVATION): /layer3/layer3.3/relu/Relu, Precision: Int8, /layer3/layer3.3/conv1/Conv_output_0'[Int8([1,256,14,14])] -> /layer3/layer3.3/relu/Relu_output_0'[Int8([1,256,14,14])]
Layer(CONVOLUTION): /layer3/layer3.3/conv2/Conv, Precision: Int8, /layer3/layer3.3/relu/Relu_output_0'[Int8([1,256,14,14])] -> /layer3/layer3.3/conv2/Conv_output_0'[Int8([1,256,14,14])]
Layer(ACTIVATION): /layer3/layer3.3/relu_1/Relu, Precision: Int8, /layer3/layer3.3/conv2/Conv_output_0'[Int8([1,256,14,14])] -> /layer3/layer3.3/relu_1/Relu_output_0'[Int8([1,256,14,14])]
Layer(CONVOLUTION): /layer3/layer3.3/conv3/Conv, Precision: Int8, /layer3/layer3.3/relu_1/Relu_output_0'[Int8([1,256,14,14])] -> /layer3/layer3.3/conv3/Conv_output_0'[Int8([1,1024,14,14])]
Layer(ELEMENTWISE): /layer3/layer3.3/Add, Precision: Int8, /layer3/layer3.3/conv3/Conv_output_0'[Int8([1,1024,14,14])], /layer3/layer3.2/relu_2/Relu_output_0'[Int8([1,1024,14,14])] -> /layer3/layer3.3/Add_output_0'[Int8([1,1024,14,14])]
Layer(ACTIVATION): /layer3/layer3.3/relu_2/Relu, Precision: Int8, /layer3/layer3.3/Add_output_0'[Int8([1,1024,14,14])] -> /layer3/layer3.3/relu_2/Relu_output_0'[Int8([1,1024,14,14])]
Layer(CONVOLUTION): /layer3/layer3.4/conv1/Conv, Precision: Int8, /layer3/layer3.3/relu_2/Relu_output_0'[Int8([1,1024,14,14])] -> /layer3/layer3.4/conv1/Conv_output_0'[Int8([1,256,14,14])]
Layer(ACTIVATION): /layer3/layer3.4/relu/Relu, Precision: Int8, /layer3/layer3.4/conv1/Conv_output_0'[Int8([1,256,14,14])] -> /layer3/layer3.4/relu/Relu_output_0'[Int8([1,256,14,14])]
Layer(CONVOLUTION): /layer3/layer3.4/conv2/Conv, Precision: Int8, /layer3/layer3.4/relu/Relu_output_0'[Int8([1,256,14,14])] -> /layer3/layer3.4/conv2/Conv_output_0'[Int8([1,256,14,14])]
Layer(ACTIVATION): /layer3/layer3.4/relu_1/Relu, Precision: Int8, /layer3/layer3.4/conv2/Conv_output_0'[Int8([1,256,14,14])] -> /layer3/layer3.4/relu_1/Relu_output_0'[Int8([1,256,14,14])]
Layer(CONVOLUTION): /layer3/layer3.4/conv3/Conv, Precision: Int8, /layer3/layer3.4/relu_1/Relu_output_0'[Int8([1,256,14,14])] -> /layer3/layer3.4/conv3/Conv_output_0'[Int8([1,1024,14,14])]
Layer(ELEMENTWISE): /layer3/layer3.4/Add, Precision: Int8, /layer3/layer3.4/conv3/Conv_output_0'[Int8([1,1024,14,14])], /layer3/layer3.3/relu_2/Relu_output_0'[Int8([1,1024,14,14])] -> /layer3/layer3.4/Add_output_0'[Int8([1,1024,14,14])]
Layer(ACTIVATION): /layer3/layer3.4/relu_2/Relu, Precision: Int8, /layer3/layer3.4/Add_output_0'[Int8([1,1024,14,14])] -> /layer3/layer3.4/relu_2/Relu_output_0'[Int8([1,1024,14,14])]
Layer(CONVOLUTION): /layer3/layer3.5/conv1/Conv, Precision: Int8, /layer3/layer3.4/relu_2/Relu_output_0'[Int8([1,1024,14,14])] -> /layer3/layer3.5/conv1/Conv_output_0'[Int8([1,256,14,14])]
Layer(ACTIVATION): /layer3/layer3.5/relu/Relu, Precision: Int8, /layer3/layer3.5/conv1/Conv_output_0'[Int8([1,256,14,14])] -> /layer3/layer3.5/relu/Relu_output_0'[Int8([1,256,14,14])]
Layer(CONVOLUTION): /layer3/layer3.5/conv2/Conv, Precision: Int8, /layer3/layer3.5/relu/Relu_output_0'[Int8([1,256,14,14])] -> /layer3/layer3.5/conv2/Conv_output_0'[Int8([1,256,14,14])]
Layer(ACTIVATION): /layer3/layer3.5/relu_1/Relu, Precision: Int8, /layer3/layer3.5/conv2/Conv_output_0'[Int8([1,256,14,14])] -> /layer3/layer3.5/relu_1/Relu_output_0'[Int8([1,256,14,14])]
Layer(CONVOLUTION): /layer3/layer3.5/conv3/Conv, Precision: Int8, /layer3/layer3.5/relu_1/Relu_output_0'[Int8([1,256,14,14])] -> /layer3/layer3.5/conv3/Conv_output_0'[Int8([1,1024,14,14])]
Layer(ELEMENTWISE): /layer3/layer3.5/Add, Precision: Int8, /layer3/layer3.5/conv3/Conv_output_0'[Int8([1,1024,14,14])], /layer3/layer3.4/relu_2/Relu_output_0'[Int8([1,1024,14,14])] -> /layer3/layer3.5/Add_output_0'[Int8([1,1024,14,14])]
Layer(ACTIVATION): /layer3/layer3.5/relu_2/Relu, Precision: Int8, /layer3/layer3.5/Add_output_0'[Int8([1,1024,14,14])] -> /layer3/layer3.5/relu_2/Relu_output_0'[Int8([1,1024,14,14])]
Layer(CONVOLUTION): /layer4/layer4.0/conv1/Conv, Precision: Int8, /layer3/layer3.5/relu_2/Relu_output_0'[Int8([1,1024,14,14])] -> /layer4/layer4.0/conv1/Conv_output_0'[Int8([1,512,14,14])]
Layer(ACTIVATION): /layer4/layer4.0/relu/Relu, Precision: Int8, /layer4/layer4.0/conv1/Conv_output_0'[Int8([1,512,14,14])] -> /layer4/layer4.0/relu/Relu_output_0'[Int8([1,512,14,14])]
Layer(CONVOLUTION): /layer4/layer4.0/conv2/Conv, Precision: Int8, /layer4/layer4.0/relu/Relu_output_0'[Int8([1,512,14,14])] -> /layer4/layer4.0/conv2/Conv_output_0'[Int8([1,512,7,7])]
Layer(ACTIVATION): /layer4/layer4.0/relu_1/Relu, Precision: Int8, /layer4/layer4.0/conv2/Conv_output_0'[Int8([1,512,7,7])] -> /layer4/layer4.0/relu_1/Relu_output_0'[Int8([1,512,7,7])]
Layer(CONVOLUTION): /layer4/layer4.0/conv3/Conv, Precision: Int8, /layer4/layer4.0/relu_1/Relu_output_0'[Int8([1,512,7,7])] -> /layer4/layer4.0/conv3/Conv_output_0'[Int8([1,2048,7,7])]
Layer(CONVOLUTION): /layer4/layer4.0/downsample/downsample.0/Conv, Precision: Int8, /layer3/layer3.5/relu_2/Relu_output_0'[Int8([1,1024,14,14])] -> /layer4/layer4.0/downsample/downsample.0/Conv_output_0'[Int8([1,2048,7,7])]
Layer(ELEMENTWISE): /layer4/layer4.0/Add, Precision: Int8, /layer4/layer4.0/conv3/Conv_output_0'[Int8([1,2048,7,7])], /layer4/layer4.0/downsample/downsample.0/Conv_output_0'[Int8([1,2048,7,7])] -> /layer4/layer4.0/Add_output_0'[Int8([1,2048,7,7])]
Layer(ACTIVATION): /layer4/layer4.0/relu_2/Relu, Precision: Int8, /layer4/layer4.0/Add_output_0'[Int8([1,2048,7,7])] -> /layer4/layer4.0/relu_2/Relu_output_0'[Int8([1,2048,7,7])]
Layer(CONVOLUTION): /layer4/layer4.1/conv1/Conv, Precision: Int8, /layer4/layer4.0/relu_2/Relu_output_0'[Int8([1,2048,7,7])] -> /layer4/layer4.1/conv1/Conv_output_0'[Int8([1,512,7,7])]
Layer(ACTIVATION): /layer4/layer4.1/relu/Relu, Precision: Int8, /layer4/layer4.1/conv1/Conv_output_0'[Int8([1,512,7,7])] -> /layer4/layer4.1/relu/Relu_output_0'[Int8([1,512,7,7])]
Layer(CONVOLUTION): /layer4/layer4.1/conv2/Conv, Precision: Int8, /layer4/layer4.1/relu/Relu_output_0'[Int8([1,512,7,7])] -> /layer4/layer4.1/conv2/Conv_output_0'[Int8([1,512,7,7])]
Layer(ACTIVATION): /layer4/layer4.1/relu_1/Relu, Precision: Int8, /layer4/layer4.1/conv2/Conv_output_0'[Int8([1,512,7,7])] -> /layer4/layer4.1/relu_1/Relu_output_0'[Int8([1,512,7,7])]
Layer(CONVOLUTION): /layer4/layer4.1/conv3/Conv, Precision: Int8, /layer4/layer4.1/relu_1/Relu_output_0'[Int8([1,512,7,7])] -> /layer4/layer4.1/conv3/Conv_output_0'[Int8([1,2048,7,7])]
Layer(ELEMENTWISE): /layer4/layer4.1/Add, Precision: Int8, /layer4/layer4.1/conv3/Conv_output_0'[Int8([1,2048,7,7])], /layer4/layer4.0/relu_2/Relu_output_0'[Int8([1,2048,7,7])] -> /layer4/layer4.1/Add_output_0'[Int8([1,2048,7,7])]
Layer(ACTIVATION): /layer4/layer4.1/relu_2/Relu, Precision: Int8, /layer4/layer4.1/Add_output_0'[Int8([1,2048,7,7])] -> /layer4/layer4.1/relu_2/Relu_output_0'[Int8([1,2048,7,7])]
Layer(CONVOLUTION): /layer4/layer4.2/conv1/Conv, Precision: Int8, /layer4/layer4.1/relu_2/Relu_output_0'[Int8([1,2048,7,7])] -> /layer4/layer4.2/conv1/Conv_output_0'[Int8([1,512,7,7])]
Layer(ACTIVATION): /layer4/layer4.2/relu/Relu, Precision: Int8, /layer4/layer4.2/conv1/Conv_output_0'[Int8([1,512,7,7])] -> /layer4/layer4.2/relu/Relu_output_0'[Int8([1,512,7,7])]
Layer(CONVOLUTION): /layer4/layer4.2/conv2/Conv, Precision: Int8, /layer4/layer4.2/relu/Relu_output_0'[Int8([1,512,7,7])] -> /layer4/layer4.2/conv2/Conv_output_0'[Int8([1,512,7,7])]
Layer(ACTIVATION): /layer4/layer4.2/relu_1/Relu, Precision: Int8, /layer4/layer4.2/conv2/Conv_output_0'[Int8([1,512,7,7])] -> /layer4/layer4.2/relu_1/Relu_output_0'[Int8([1,512,7,7])]
Layer(CONVOLUTION): /layer4/layer4.2/conv3/Conv, Precision: Int8, /layer4/layer4.2/relu_1/Relu_output_0'[Int8([1,512,7,7])] -> /layer4/layer4.2/conv3/Conv_output_0'[Int8([1,2048,7,7])]
Layer(ELEMENTWISE): /layer4/layer4.2/Add, Precision: Int8, /layer4/layer4.2/conv3/Conv_output_0'[Int8([1,2048,7,7])], /layer4/layer4.1/relu_2/Relu_output_0'[Int8([1,2048,7,7])] -> /layer4/layer4.2/Add_output_0'[Int8([1,2048,7,7])]
Layer(ACTIVATION): /layer4/layer4.2/relu_2/Relu, Precision: Int8, /layer4/layer4.2/Add_output_0'[Int8([1,2048,7,7])] -> /layer4/layer4.2/relu_2/Relu_output_0'[Int8([1,2048,7,7])]
[08/20/2026-18:38:22] [V] [TRT] {ForeignNode[/fc/Gemm + (Unnamed Layer* 125) [ElementWise]]}: DLA Network Layer Information:
Layer(CONVOLUTION): /fc/Gemm + (Unnamed Layer* 125) [ElementWise], Precision: Int8, /avgpool/GlobalAveragePool_output_0'[Int8([1,2048,1,1])] -> /fc/Gemm_conv_out'[Int8([1,1000,1,1])]
[08/20/2026-18:38:22] [V] [TRT] Setting a default quantization params because quantization data is missing for {ForeignNode[/conv1/Conv.../layer4/layer4.2/relu_2/Relu]}
[08/20/2026-18:38:22] [V] [TRT] Setting a default quantization params because quantization data is missing for {ForeignNode[/fc/Gemm + (Unnamed Layer* 125) [ElementWise]]}
[08/20/2026-18:38:22] [V] [TRT] Setting a default quantization params because quantization data is missing for reshape_after_/fc/Gemm
[08/20/2026-18:38:22] [V] [TRT] Layer: {ForeignNode[/conv1/Conv.../layer4/layer4.2/relu_2/Relu]} Host Persistent: 88 Device Persistent: 0 Scratch Memory: 0
[08/20/2026-18:38:22] [V] [TRT] Layer: /avgpool/GlobalAveragePool Host Persistent: 4144 Device Persistent: 0 Scratch Memory: 8704
[08/20/2026-18:38:22] [V] [TRT] Layer: {ForeignNode[/fc/Gemm + (Unnamed Layer* 125) [ElementWise]]} Host Persistent: 88 Device Persistent: 0 Scratch Memory: 0
[08/20/2026-18:38:22] [V] [TRT] Skipped printing memory information for 3 layers with 0 memory size i.e. Host Persistent + Device Persistent + Scratch Memory == 0.
[08/20/2026-18:38:22] [I] [TRT] Total Host Persistent Memory: 4336
[08/20/2026-18:38:22] [I] [TRT] Total Device Persistent Memory: 0
[08/20/2026-18:38:22] [I] [TRT] Total Scratch Memory: 8704
[08/20/2026-18:38:22] [I] [TRT] [BlockAssignment] Started assigning block shifts. This will take 6 steps to complete.
[08/20/2026-18:38:22] [I] [TRT] [BlockAssignment] Algorithm ShiftNTopDown took 0.029726ms to assign 3 blocks to 6 nodes requiring 303104 bytes.
[08/20/2026-18:38:22] [V] [TRT] Total number of blocks in optimized block assignment: 3
[08/20/2026-18:38:22] [I] [TRT] Total Activation Memory: 303104
[08/20/2026-18:38:22] [I] [TRT] Total Weights Memory: 52740
[08/20/2026-18:38:22] [V] [TRT] Finalize: /avgpool/GlobalAveragePool Set kernel index: 0
[08/20/2026-18:38:22] [V] [TRT] Total number of generated kernels selected for the engine: 1
[08/20/2026-18:38:22] [V] [TRT] Kernel: 0 CASK_STATIC
[08/20/2026-18:38:22] [V] [TRT] Disabling unused tactic source: EDGE_MASK_CONVOLUTIONS
[08/20/2026-18:38:22] [V] [TRT] Disabling unused tactic source: JIT_CONVOLUTIONS
[08/20/2026-18:38:22] [I] [TRT] Engine generation completed in 7.5291 seconds.
[08/20/2026-18:38:22] [V] [TRT] Engine Layer Information:
Layer(Reformat): Reformatting CopyNode for Input Tensor 0 to {ForeignNode[/conv1/Conv.../layer4/layer4.2/relu_2/Relu]}, Tactic: 0x00000000000003ea, input (Float[1,3,224,224]) -> Reformatted Input Tensor 0 to {ForeignNode[/conv1/Conv.../layer4/layer4.2/relu_2/Relu]} (Int8[1,3:4,224,224])
Layer(DLA): {ForeignNode[/conv1/Conv.../layer4/layer4.2/relu_2/Relu]}, Tactic: 0x0000000000000003, Reformatted Input Tensor 0 to {ForeignNode[/conv1/Conv.../layer4/layer4.2/relu_2/Relu]} (Int8[1,3:4,224,224]) -> /layer4/layer4.2/relu_2/Relu_output_0 (Int8[1,2048:32,7,7])
Layer(CaskPooling): /avgpool/GlobalAveragePool, Tactic: 0x1340e8758429064c, /layer4/layer4.2/relu_2/Relu_output_0 (Int8[1,2048:32,7,7]) -> /avgpool/GlobalAveragePool_output_0 (Int8[1,2048:32,1,1])
Layer(DLA): {ForeignNode[/fc/Gemm + (Unnamed Layer* 125) [ElementWise]]}, Tactic: 0x0000000000000003, /avgpool/GlobalAveragePool_output_0 (Int8[1,2048:32,1,1]) -> /fc/Gemm_conv_out (Int8[1,1000:32,1,1])
Layer(Reformat): Reformatting CopyNode for Input Tensor 0 to reshape_after_/fc/Gemm, Tactic: 0x00000000000003e8, /fc/Gemm_conv_out (Int8[1,1000:32,1,1]) -> Reformatted Input Tensor 0 to reshape_after_/fc/Gemm (Float[1,1000,1,1])
Layer(NoOp): reshape_after_/fc/Gemm, Tactic: 0x0000000000000000, Reformatted Input Tensor 0 to reshape_after_/fc/Gemm (Float[1,1000,1,1]) -> logits (Float[1,1000])
[08/20/2026-18:38:22] [I] [TRT] [MemUsageStats] Peak memory usage of TRT CPU/GPU memory allocators: CPU 24 MiB, GPU 6 MiB
[08/20/2026-18:38:22] [V] [TRT] Adding 1 engine(s) to plan file.
[08/20/2026-18:38:22] [I] [TRT] [MemUsageStats] Peak memory usage during Engine building and serialization: CPU: 1720 MiB
[08/20/2026-18:38:22] [I] Engine built in 13.7659 sec.
[08/20/2026-18:38:22] [I] Created engine with size: 24.7653 MiB
[08/20/2026-18:38:22] [I] [TRT] Loaded engine size: 24 MiB
[08/20/2026-18:38:22] [V] [TRT] Deserialization required 6428 microseconds.
[08/20/2026-18:38:22] [I] Engine deserialized in 0.0117495 sec.
[08/20/2026-18:38:22] [I] Skipped inference phase since --skipInference is added.
&&&& PASSED TensorRT.trtexec [TensorRT v100300] # trtexec --onnx=onnx/resnet50_fp32.onnx --int8 --fp16 --useDLACore=0 --allowGPUFallback --skipInference --verbose --saveEngine=engines/tmp_dla_int8_v.plan
